system:index,estacion,fecha,mean,.geo
20180708T172237_20180714T190743_0,CORDOBA,2018-07-08,59.653680636210886,"{""type"":""MultiPoint"",""coordinates"":[]}"
20180708T172237_20180714T190743_1,CENTENARIO,2018-07-08,36.979202682519364,"{""type"":""MultiPoint"",""coordinates"":[]}"
20180708T172237_20180714T190743_2,LA_BOCA,2018-07-08,73.31754360923317,"{""type"":""MultiPoint"",""coordinates"":[]}"
20180711T162527_20180718T185658_2,LA_BOCA,2018-07-11,61.46725354483351,"{""type"":""MultiPoint"",""coordinates"":[]}"
20180714T170945_20180720T185244_0,CORDOBA,2018-07-14,198.18632189519042,"{""type"":""MultiPoint"",""coordinates"":[]}"
20180714T170945_20180720T185244_1,CENTENARIO,2018-07-14,135.49847595761742,"{""type"":""MultiPoint"",""coordinates"":[]}"
20180714T170945_20180720T185244_2,LA_BOCA,2018-07-14,198.18647706415504,"{""type"":""MultiPoint"",""coordinates"":[]}"
20180721T163745_20180727T180656_0,CORDOBA,2018-07-21,147.89561338337583,"{""type"":""MultiPoint"",""coordinates"":[]}"
20180721T163745_20180727T180656_1,CENTENARIO,2018-07-21,114.53187113586192,"{""type"":""MultiPoint"",""coordinates"":[]}"
20180721T163745_20180727T180656_2,LA_BOCA,2018-07-21,160.0095585870963,"{""type"":""MultiPoint"",""coordinates"":[]}"
20180723T174105_20180729T195219_0,CORDOBA,2018-07-23,244.08350212014392,"{""type"":""MultiPoint"",""coordinates"":[]}"
20180723T174105_20180729T195219_1,CENTENARIO,2018-07-23,193.3586905713164,"{""type"":""MultiPoint"",""coordinates"":[]}"
20180723T174105_20180729T195219_2,LA_BOCA,2018-07-23,130.46485629946176,"{""type"":""MultiPoint"",""coordinates"":[]}"
20180724T172200_20180730T190909_0,CORDOBA,2018-07-24,128.60101845109347,"{""type"":""MultiPoint"",""coordinates"":[]}"
20180724T172200_20180730T190909_1,CENTENARIO,2018-07-24,176.71829809510825,"{""type"":""MultiPoint"",""coordinates"":[]}"
20180724T172200_20180730T190909_2,LA_BOCA,2018-07-24,93.82765529698692,"{""type"":""MultiPoint"",""coordinates"":[]}"
20180730T170859_20180805T184831_0,CORDOBA,2018-07-30,206.51288309376145,"{""type"":""MultiPoint"",""coordinates"":[]}"
20180730T170859_20180805T184831_1,CENTENARIO,2018-07-30,178.83033604721928,"{""type"":""MultiPoint"",""coordinates"":[]}"
20180730T170859_20180805T184831_2,LA_BOCA,2018-07-30,200.57157668575772,"{""type"":""MultiPoint"",""coordinates"":[]}"
20180731T164954_20180806T182641_0,CORDOBA,2018-07-31,372.15747871637825,"{""type"":""MultiPoint"",""coordinates"":[]}"
20180731T164954_20180806T182641_1,CENTENARIO,2018-07-31,313.5814750905168,"{""type"":""MultiPoint"",""coordinates"":[]}"
20180731T164954_20180806T182641_2,LA_BOCA,2018-07-31,238.6891422630419,"{""type"":""MultiPoint"",""coordinates"":[]}"
20180801T163048_20180808T115045_0,CORDOBA,2018-08-01,54.205819586292606,"{""type"":""MultiPoint"",""coordinates"":[]}"
20180801T163048_20180808T115045_1,CENTENARIO,2018-08-01,54.236086725723,"{""type"":""MultiPoint"",""coordinates"":[]}"
20180801T163048_20180808T115045_2,LA_BOCA,2018-08-01,62.43229907975351,"{""type"":""MultiPoint"",""coordinates"":[]}"
20180801T181218_20180808T115538_0,CORDOBA,2018-08-01,75.39484260016314,"{""type"":""MultiPoint"",""coordinates"":[]}"
20180801T181218_20180808T115538_1,CENTENARIO,2018-08-01,86.69684778783504,"{""type"":""MultiPoint"",""coordinates"":[]}"
20180801T181218_20180808T115538_2,LA_BOCA,2018-08-01,122.5555065203268,"{""type"":""MultiPoint"",""coordinates"":[]}"
20180802T175313_20180808T214252_0,CORDOBA,2018-08-02,64.95943819290397,"{""type"":""MultiPoint"",""coordinates"":[]}"
20180802T175313_20180808T214252_1,CENTENARIO,2018-08-02,149.31105161462187,"{""type"":""MultiPoint"",""coordinates"":[]}"
20180802T175313_20180808T214252_2,LA_BOCA,2018-08-02,49.530977755542125,"{""type"":""MultiPoint"",""coordinates"":[]}"
20180806T163650_20180812T180138_0,CORDOBA,2018-08-06,74.2035217479427,"{""type"":""MultiPoint"",""coordinates"":[]}"
20180806T163650_20180812T180138_1,CENTENARIO,2018-08-06,81.20695336245167,"{""type"":""MultiPoint"",""coordinates"":[]}"
20180806T163650_20180812T180138_2,LA_BOCA,2018-08-06,117.8336907607433,"{""type"":""MultiPoint"",""coordinates"":[]}"
20180809T172101_20180815T190834_0,CORDOBA,2018-08-09,133.9493213942899,"{""type"":""MultiPoint"",""coordinates"":[]}"
20180809T172101_20180815T190834_1,CENTENARIO,2018-08-09,96.86059104682835,"{""type"":""MultiPoint"",""coordinates"":[]}"
20180810T170155_20180816T184817_0,CORDOBA,2018-08-10,226.50114260613918,"{""type"":""MultiPoint"",""coordinates"":[]}"
20180810T170155_20180816T184817_2,LA_BOCA,2018-08-10,226.50114260613918,"{""type"":""MultiPoint"",""coordinates"":[]}"
20180812T162343_20180818T180856_0,CORDOBA,2018-08-12,12.71737200089817,"{""type"":""MultiPoint"",""coordinates"":[]}"
20180812T162343_20180818T180856_1,CENTENARIO,2018-08-12,59.512888572364645,"{""type"":""MultiPoint"",""coordinates"":[]}"
20180812T162343_20180818T180856_2,LA_BOCA,2018-08-12,12.689293631185516,"{""type"":""MultiPoint"",""coordinates"":[]}"
20180812T180512_20180818T195958_0,CORDOBA,2018-08-12,40.428492610864396,"{""type"":""MultiPoint"",""coordinates"":[]}"
20180812T180512_20180818T195958_1,CENTENARIO,2018-08-12,40.310938400388885,"{""type"":""MultiPoint"",""coordinates"":[]}"
20180812T180512_20180818T195958_2,LA_BOCA,2018-08-12,43.313352335874995,"{""type"":""MultiPoint"",""coordinates"":[]}"
20180814T172700_20180820T191524_0,CORDOBA,2018-08-14,111.52458896591659,"{""type"":""MultiPoint"",""coordinates"":[]}"
20180814T172700_20180820T191524_1,CENTENARIO,2018-08-14,99.97692278517447,"{""type"":""MultiPoint"",""coordinates"":[]}"
20180814T172700_20180820T191524_2,LA_BOCA,2018-08-14,111.46391175290192,"{""type"":""MultiPoint"",""coordinates"":[]}"
20180815T170753_20180821T185121_0,CORDOBA,2018-08-15,297.6366188732163,"{""type"":""MultiPoint"",""coordinates"":[]}"
20180815T170753_20180821T185121_1,CENTENARIO,2018-08-15,309.66823301447414,"{""type"":""MultiPoint"",""coordinates"":[]}"
20180815T170753_20180821T185121_2,LA_BOCA,2018-08-15,297.9552085587791,"{""type"":""MultiPoint"",""coordinates"":[]}"
20180816T164847_20180822T182145_0,CORDOBA,2018-08-16,90.23560587790026,"{""type"":""MultiPoint"",""coordinates"":[]}"
20180816T164847_20180822T182145_1,CENTENARIO,2018-08-16,107.97648341447646,"{""type"":""MultiPoint"",""coordinates"":[]}"
20180816T164847_20180822T182145_2,LA_BOCA,2018-08-16,56.57031088666123,"{""type"":""MultiPoint"",""coordinates"":[]}"
20180817T162940_20180823T180905_0,CORDOBA,2018-08-17,112.06322434447124,"{""type"":""MultiPoint"",""coordinates"":[]}"
20180817T162940_20180823T180905_1,CENTENARIO,2018-08-17,132.4310150930588,"{""type"":""MultiPoint"",""coordinates"":[]}"
20180817T162940_20180823T180905_2,LA_BOCA,2018-08-17,56.0500197135074,"{""type"":""MultiPoint"",""coordinates"":[]}"
20180819T173256_20180825T191144_1,CENTENARIO,2018-08-19,0.7196148317234474,"{""type"":""MultiPoint"",""coordinates"":[]}"
20180820T171350_20180826T185101_0,CORDOBA,2018-08-20,56.28432565033318,"{""type"":""MultiPoint"",""coordinates"":[]}"
20180820T171350_20180826T185101_1,CENTENARIO,2018-08-20,48.87248619862351,"{""type"":""MultiPoint"",""coordinates"":[]}"
20180820T171350_20180826T185101_2,LA_BOCA,2018-08-20,53.58494342685646,"{""type"":""MultiPoint"",""coordinates"":[]}"
20180821T165443_20180827T183651_0,CORDOBA,2018-08-21,410.11005375376425,"{""type"":""MultiPoint"",""coordinates"":[]}"
20180821T165443_20180827T183651_1,CENTENARIO,2018-08-21,476.2847688710506,"{""type"":""MultiPoint"",""coordinates"":[]}"
20180821T165443_20180827T183651_2,LA_BOCA,2018-08-21,367.38085711379625,"{""type"":""MultiPoint"",""coordinates"":[]}"
20180822T163536_20180828T180827_0,CORDOBA,2018-08-22,55.861801229630736,"{""type"":""MultiPoint"",""coordinates"":[]}"
20180822T163536_20180828T180827_1,CENTENARIO,2018-08-22,54.982971680696984,"{""type"":""MultiPoint"",""coordinates"":[]}"
20180822T163536_20180828T180827_2,LA_BOCA,2018-08-22,39.80880194270107,"{""type"":""MultiPoint"",""coordinates"":[]}"
20180825T171945_20180831T190726_0,CORDOBA,2018-08-25,103.11971204265427,"{""type"":""MultiPoint"",""coordinates"":[]}"
20180825T171945_20180831T190726_1,CENTENARIO,2018-08-25,79.66432351958156,"{""type"":""MultiPoint"",""coordinates"":[]}"
20180825T171945_20180831T190726_2,LA_BOCA,2018-08-25,77.40397043899539,"{""type"":""MultiPoint"",""coordinates"":[]}"
20180826T170038_20180901T184224_0,CORDOBA,2018-08-26,84.73135499138864,"{""type"":""MultiPoint"",""coordinates"":[]}"
20180826T170038_20180901T184224_1,CENTENARIO,2018-08-26,102.89245253928597,"{""type"":""MultiPoint"",""coordinates"":[]}"
20180826T170038_20180901T184224_2,LA_BOCA,2018-08-26,89.74156410514067,"{""type"":""MultiPoint"",""coordinates"":[]}"
20180827T164130_20180902T182811_0,CORDOBA,2018-08-27,82.0681599604599,"{""type"":""MultiPoint"",""coordinates"":[]}"
20180827T164130_20180902T182811_1,CENTENARIO,2018-08-27,136.49721166309047,"{""type"":""MultiPoint"",""coordinates"":[]}"
20180827T164130_20180902T182811_2,LA_BOCA,2018-08-27,81.48008158847976,"{""type"":""MultiPoint"",""coordinates"":[]}"
20180828T162223_20180903T175125_0,CORDOBA,2018-08-28,72.65883092466835,"{""type"":""MultiPoint"",""coordinates"":[]}"
20180828T162223_20180903T175125_1,CENTENARIO,2018-08-28,174.58196350396884,"{""type"":""MultiPoint"",""coordinates"":[]}"
20180828T162223_20180903T175125_2,LA_BOCA,2018-08-28,114.98757100085679,"{""type"":""MultiPoint"",""coordinates"":[]}"
20180828T180353_20180903T195148_0,CORDOBA,2018-08-28,130.1974974968242,"{""type"":""MultiPoint"",""coordinates"":[]}"
20180828T180353_20180903T195148_1,CENTENARIO,2018-08-28,144.36202621830532,"{""type"":""MultiPoint"",""coordinates"":[]}"
20180828T180353_20180903T195148_2,LA_BOCA,2018-08-28,106.90330212666521,"{""type"":""MultiPoint"",""coordinates"":[]}"
20180829T174446_20180904T193352_0,CORDOBA,2018-08-29,90.38230200530961,"{""type"":""MultiPoint"",""coordinates"":[]}"
20180829T174446_20180904T193352_1,CENTENARIO,2018-08-29,106.50991751831117,"{""type"":""MultiPoint"",""coordinates"":[]}"
20180829T174446_20180904T193352_2,LA_BOCA,2018-08-29,81.52487329430711,"{""type"":""MultiPoint"",""coordinates"":[]}"
20180831T170631_20180906T185853_0,CORDOBA,2018-08-31,91.08782880184569,"{""type"":""MultiPoint"",""coordinates"":[]}"
20180831T170631_20180906T185853_1,CENTENARIO,2018-08-31,112.66752355463036,"{""type"":""MultiPoint"",""coordinates"":[]}"
20180831T170631_20180906T185853_2,LA_BOCA,2018-08-31,92.80248447618874,"{""type"":""MultiPoint"",""coordinates"":[]}"
20180901T164724_20180907T182554_0,CORDOBA,2018-09-01,109.07736577792093,"{""type"":""MultiPoint"",""coordinates"":[]}"
20180901T164724_20180907T182554_1,CENTENARIO,2018-09-01,110.7469452522362,"{""type"":""MultiPoint"",""coordinates"":[]}"
20180902T162816_20180909T092857_0,CORDOBA,2018-09-02,38.49269154465368,"{""type"":""MultiPoint"",""coordinates"":[]}"
20180902T162816_20180909T092857_1,CENTENARIO,2018-09-02,54.091279001160714,"{""type"":""MultiPoint"",""coordinates"":[]}"
20180902T162816_20180909T092857_2,LA_BOCA,2018-09-02,21.059038493821085,"{""type"":""MultiPoint"",""coordinates"":[]}"
20180902T180946_20180909T100816_0,CORDOBA,2018-09-02,42.45840682415292,"{""type"":""MultiPoint"",""coordinates"":[]}"
20180902T180946_20180909T100816_1,CENTENARIO,2018-09-02,45.12746958567678,"{""type"":""MultiPoint"",""coordinates"":[]}"
20180902T180946_20180909T100816_2,LA_BOCA,2018-09-02,40.152912917936824,"{""type"":""MultiPoint"",""coordinates"":[]}"
20180903T175038_20180909T194315_0,CORDOBA,2018-09-03,251.7720715721164,"{""type"":""MultiPoint"",""coordinates"":[]}"
20180903T175038_20180909T194315_1,CENTENARIO,2018-09-03,204.29997345145964,"{""type"":""MultiPoint"",""coordinates"":[]}"
20180903T175038_20180909T194315_2,LA_BOCA,2018-09-03,224.7891970910132,"{""type"":""MultiPoint"",""coordinates"":[]}"
20180904T173131_20180910T185837_0,CORDOBA,2018-09-04,78.37185265298487,"{""type"":""MultiPoint"",""coordinates"":[]}"
20180904T173131_20180910T185837_1,CENTENARIO,2018-09-04,97.70044231264771,"{""type"":""MultiPoint"",""coordinates"":[]}"
20180904T173131_20180910T185837_2,LA_BOCA,2018-09-04,79.41225267250255,"{""type"":""MultiPoint"",""coordinates"":[]}"
20180905T171223_20180911T210517_0,CORDOBA,2018-09-05,56.73263501614928,"{""type"":""MultiPoint"",""coordinates"":[]}"
20180905T171223_20180911T210517_1,CENTENARIO,2018-09-05,105.07121195205693,"{""type"":""MultiPoint"",""coordinates"":[]}"
20180905T171223_20180911T210517_2,LA_BOCA,2018-09-05,66.82585127691573,"{""type"":""MultiPoint"",""coordinates"":[]}"
20180906T165315_20180914T112703_0,CORDOBA,2018-09-06,130.15588373121452,"{""type"":""MultiPoint"",""coordinates"":[]}"
20180906T165315_20180914T112703_1,CENTENARIO,2018-09-06,204.5917207768443,"{""type"":""MultiPoint"",""coordinates"":[]}"
20180906T165315_20180914T112703_2,LA_BOCA,2018-09-06,210.82127366334223,"{""type"":""MultiPoint"",""coordinates"":[]}"
20180907T163408_20180914T095011_0,CORDOBA,2018-09-07,137.05733579736935,"{""type"":""MultiPoint"",""coordinates"":[]}"
20180907T163408_20180914T095011_1,CENTENARIO,2018-09-07,143.21188791655004,"{""type"":""MultiPoint"",""coordinates"":[]}"
20180907T163408_20180914T095011_2,LA_BOCA,2018-09-07,85.81095907992164,"{""type"":""MultiPoint"",""coordinates"":[]}"
20180908T175630_20180914T193646_1,CENTENARIO,2018-09-08,27.584806957747787,"{""type"":""MultiPoint"",""coordinates"":[]}"
20180909T173722_20180915T192043_0,CORDOBA,2018-09-09,53.47035403246991,"{""type"":""MultiPoint"",""coordinates"":[]}"
20180909T173722_20180915T192043_1,CENTENARIO,2018-09-09,53.47035403246991,"{""type"":""MultiPoint"",""coordinates"":[]}"
20180910T171814_20180916T185312_0,CORDOBA,2018-09-10,40.17617175122723,"{""type"":""MultiPoint"",""coordinates"":[]}"
20180910T171814_20180916T185312_2,LA_BOCA,2018-09-10,55.288569687868886,"{""type"":""MultiPoint"",""coordinates"":[]}"
20180911T165906_20180917T184020_0,CORDOBA,2018-09-11,64.13481021361913,"{""type"":""MultiPoint"",""coordinates"":[]}"
20180911T165906_20180917T184020_1,CENTENARIO,2018-09-11,117.32699691016164,"{""type"":""MultiPoint"",""coordinates"":[]}"
20180911T165906_20180917T184020_2,LA_BOCA,2018-09-11,37.16764682772704,"{""type"":""MultiPoint"",""coordinates"":[]}"
20180913T162050_20180919T174717_0,CORDOBA,2018-09-13,99.4757674806467,"{""type"":""MultiPoint"",""coordinates"":[]}"
20180913T162050_20180919T174717_1,CENTENARIO,2018-09-13,233.57083608157046,"{""type"":""MultiPoint"",""coordinates"":[]}"
20180913T162050_20180919T174717_2,LA_BOCA,2018-09-13,102.32899550461734,"{""type"":""MultiPoint"",""coordinates"":[]}"
20180913T180220_20180919T194329_0,CORDOBA,2018-09-13,114.60190936236789,"{""type"":""MultiPoint"",""coordinates"":[]}"
20180913T180220_20180919T194329_1,CENTENARIO,2018-09-13,140.02729495606792,"{""type"":""MultiPoint"",""coordinates"":[]}"
20180913T180220_20180919T194329_2,LA_BOCA,2018-09-13,79.20035346155375,"{""type"":""MultiPoint"",""coordinates"":[]}"
20180914T174312_20180920T193145_0,CORDOBA,2018-09-14,120.566131730972,"{""type"":""MultiPoint"",""coordinates"":[]}"
20180914T174312_20180920T193145_1,CENTENARIO,2018-09-14,120.5999215017073,"{""type"":""MultiPoint"",""coordinates"":[]}"
20180914T174312_20180920T193145_2,LA_BOCA,2018-09-14,98.88034186876368,"{""type"":""MultiPoint"",""coordinates"":[]}"
20180916T170456_20180922T184415_0,CORDOBA,2018-09-16,41.7019437009003,"{""type"":""MultiPoint"",""coordinates"":[]}"
20180918T180809_20180924T200751_0,CORDOBA,2018-09-18,36.16389204934861,"{""type"":""MultiPoint"",""coordinates"":[]}"
20180918T180809_20180924T200751_1,CENTENARIO,2018-09-18,36.80861853103269,"{""type"":""MultiPoint"",""coordinates"":[]}"
20180918T180809_20180924T200751_2,LA_BOCA,2018-09-18,25.435785844689168,"{""type"":""MultiPoint"",""coordinates"":[]}"
20180921T171045_20180927T185239_0,CORDOBA,2018-09-21,255.010979612405,"{""type"":""MultiPoint"",""coordinates"":[]}"
20180921T171045_20180927T185239_1,CENTENARIO,2018-09-21,292.0989910707078,"{""type"":""MultiPoint"",""coordinates"":[]}"
20180921T171045_20180927T185239_2,LA_BOCA,2018-09-21,190.5119758748436,"{""type"":""MultiPoint"",""coordinates"":[]}"
20180922T165137_20180928T182928_0,CORDOBA,2018-09-22,73.43708338387938,"{""type"":""MultiPoint"",""coordinates"":[]}"
20180922T165137_20180928T182928_1,CENTENARIO,2018-09-22,78.74675065977499,"{""type"":""MultiPoint"",""coordinates"":[]}"
20180925T173542_20181001T192124_0,CORDOBA,2018-09-25,26.018568121319415,"{""type"":""MultiPoint"",""coordinates"":[]}"
20180925T173542_20181001T192124_1,CENTENARIO,2018-09-25,47.926585104345556,"{""type"":""MultiPoint"",""coordinates"":[]}"
20180925T173542_20181001T192124_2,LA_BOCA,2018-09-25,12.252784674307287,"{""type"":""MultiPoint"",""coordinates"":[]}"
20180926T171633_20181002T185643_0,CORDOBA,2018-09-26,90.91731044463813,"{""type"":""MultiPoint"",""coordinates"":[]}"
20180926T171633_20181002T185643_2,LA_BOCA,2018-09-26,86.07998763874122,"{""type"":""MultiPoint"",""coordinates"":[]}"
20180929T180038_20181005T195407_0,CORDOBA,2018-09-29,74.31198310567459,"{""type"":""MultiPoint"",""coordinates"":[]}"
20180929T180038_20181005T195407_1,CENTENARIO,2018-09-29,113.05931169299873,"{""type"":""MultiPoint"",""coordinates"":[]}"
20180929T180038_20181005T195407_2,LA_BOCA,2018-09-29,68.30301021487313,"{""type"":""MultiPoint"",""coordinates"":[]}"
20181001T172222_20181007T185903_0,CORDOBA,2018-10-01,103.77195328084602,"{""type"":""MultiPoint"",""coordinates"":[]}"
20181001T172222_20181007T185903_1,CENTENARIO,2018-10-01,96.34458318601764,"{""type"":""MultiPoint"",""coordinates"":[]}"
20181001T172222_20181007T185903_2,LA_BOCA,2018-10-01,97.58859164026907,"{""type"":""MultiPoint"",""coordinates"":[]}"
20181002T170315_20181008T184359_0,CORDOBA,2018-10-02,234.91518232214273,"{""type"":""MultiPoint"",""coordinates"":[]}"
20181002T170315_20181008T184359_1,CENTENARIO,2018-10-02,232.12388744519484,"{""type"":""MultiPoint"",""coordinates"":[]}"
20181002T170315_20181008T184359_2,LA_BOCA,2018-10-02,341.58031102871195,"{""type"":""MultiPoint"",""coordinates"":[]}"
20181003T164407_20181009T182136_0,CORDOBA,2018-10-03,182.7391335366247,"{""type"":""MultiPoint"",""coordinates"":[]}"
20181003T164407_20181009T182136_1,CENTENARIO,2018-10-03,185.87402463196017,"{""type"":""MultiPoint"",""coordinates"":[]}"
20181003T164407_20181009T182136_2,LA_BOCA,2018-10-03,152.8820756608631,"{""type"":""MultiPoint"",""coordinates"":[]}"
20181004T162458_20181010T175419_0,CORDOBA,2018-10-04,235.2112832838906,"{""type"":""MultiPoint"",""coordinates"":[]}"
20181004T162458_20181010T175419_1,CENTENARIO,2018-10-04,235.44634557618542,"{""type"":""MultiPoint"",""coordinates"":[]}"
20181004T162458_20181010T175419_2,LA_BOCA,2018-10-04,191.0400642276293,"{""type"":""MultiPoint"",""coordinates"":[]}"
20181004T180627_20181010T195346_0,CORDOBA,2018-10-04,236.23910980876707,"{""type"":""MultiPoint"",""coordinates"":[]}"
20181004T180627_20181010T195346_1,CENTENARIO,2018-10-04,277.7840468714439,"{""type"":""MultiPoint"",""coordinates"":[]}"
20181004T180627_20181010T195346_2,LA_BOCA,2018-10-04,216.5495534427464,"{""type"":""MultiPoint"",""coordinates"":[]}"
20181005T174719_20181011T192938_0,CORDOBA,2018-10-05,306.25025971915653,"{""type"":""MultiPoint"",""coordinates"":[]}"
20181005T174719_20181011T192938_1,CENTENARIO,2018-10-05,424.1960414219648,"{""type"":""MultiPoint"",""coordinates"":[]}"
20181005T174719_20181011T192938_2,LA_BOCA,2018-10-05,267.1758696323321,"{""type"":""MultiPoint"",""coordinates"":[]}"
20181006T172810_20181012T190312_0,CORDOBA,2018-10-06,51.56009491966991,"{""type"":""MultiPoint"",""coordinates"":[]}"
20181006T172810_20181012T190312_1,CENTENARIO,2018-10-06,56.04364303480047,"{""type"":""MultiPoint"",""coordinates"":[]}"
20181006T172810_20181012T190312_2,LA_BOCA,2018-10-06,57.58102512107794,"{""type"":""MultiPoint"",""coordinates"":[]}"
20181007T170902_20181013T190248_0,CORDOBA,2018-10-07,63.20165946741572,"{""type"":""MultiPoint"",""coordinates"":[]}"
20181007T170902_20181013T190248_1,CENTENARIO,2018-10-07,69.9453686492045,"{""type"":""MultiPoint"",""coordinates"":[]}"
20181007T170902_20181013T190248_2,LA_BOCA,2018-10-07,67.93744746423523,"{""type"":""MultiPoint"",""coordinates"":[]}"
20181008T164953_20181014T182600_2,LA_BOCA,2018-10-08,75.51014018004466,"{""type"":""MultiPoint"",""coordinates"":[]}"
20181009T163045_20181015T181045_0,CORDOBA,2018-10-09,130.8513773629961,"{""type"":""MultiPoint"",""coordinates"":[]}"
20181009T163045_20181015T181045_1,CENTENARIO,2018-10-09,125.94781913670856,"{""type"":""MultiPoint"",""coordinates"":[]}"
20181009T163045_20181015T181045_2,LA_BOCA,2018-10-09,77.66431835567323,"{""type"":""MultiPoint"",""coordinates"":[]}"
20181010T161136_20181016T180346_0,CORDOBA,2018-10-10,140.00690514793845,"{""type"":""MultiPoint"",""coordinates"":[]}"
20181010T161136_20181016T180346_1,CENTENARIO,2018-10-10,141.22681051352342,"{""type"":""MultiPoint"",""coordinates"":[]}"
20181010T161136_20181016T180346_2,LA_BOCA,2018-10-10,77.68996709240827,"{""type"":""MultiPoint"",""coordinates"":[]}"
20181010T175306_20181016T193728_0,CORDOBA,2018-10-10,103.2813306665048,"{""type"":""MultiPoint"",""coordinates"":[]}"
20181010T175306_20181016T193728_1,CENTENARIO,2018-10-10,103.2644307055126,"{""type"":""MultiPoint"",""coordinates"":[]}"
20181010T175306_20181016T193728_2,LA_BOCA,2018-10-10,85.756402412976,"{""type"":""MultiPoint"",""coordinates"":[]}"
20181013T165540_20181019T183046_1,CENTENARIO,2018-10-13,102.23530989605933,"{""type"":""MultiPoint"",""coordinates"":[]}"
20181014T163632_20181020T181710_0,CORDOBA,2018-10-14,74.68142596501184,"{""type"":""MultiPoint"",""coordinates"":[]}"
20181014T163632_20181020T181710_1,CENTENARIO,2018-10-14,66.75411048176629,"{""type"":""MultiPoint"",""coordinates"":[]}"
20181014T163632_20181020T181710_2,LA_BOCA,2018-10-14,78.80745980389796,"{""type"":""MultiPoint"",""coordinates"":[]}"
20181016T173944_20181022T192230_0,CORDOBA,2018-10-16,108.07165613816673,"{""type"":""MultiPoint"",""coordinates"":[]}"
20181016T173944_20181022T192230_1,CENTENARIO,2018-10-16,115.36027148095216,"{""type"":""MultiPoint"",""coordinates"":[]}"
20181016T173944_20181022T192230_2,LA_BOCA,2018-10-16,86.69580179262941,"{""type"":""MultiPoint"",""coordinates"":[]}"
20181017T172036_20181024T140537_0,CORDOBA,2018-10-17,154.45369306972145,"{""type"":""MultiPoint"",""coordinates"":[]}"
20181017T172036_20181024T140537_1,CENTENARIO,2018-10-17,176.92899119832705,"{""type"":""MultiPoint"",""coordinates"":[]}"
20181017T172036_20181024T140537_2,LA_BOCA,2018-10-17,101.25255143041255,"{""type"":""MultiPoint"",""coordinates"":[]}"
20181019T164219_20181025T182132_0,CORDOBA,2018-10-19,44.07223212624884,"{""type"":""MultiPoint"",""coordinates"":[]}"
20181019T164219_20181025T182132_1,CENTENARIO,2018-10-19,63.87463246400277,"{""type"":""MultiPoint"",""coordinates"":[]}"
20181019T164219_20181025T182132_2,LA_BOCA,2018-10-19,36.44951207529245,"{""type"":""MultiPoint"",""coordinates"":[]}"
20181023T170715_20181029T190348_0,CORDOBA,2018-10-23,50.944103160718605,"{""type"":""MultiPoint"",""coordinates"":[]}"
20181023T170715_20181029T190348_1,CENTENARIO,2018-10-23,71.86766334059597,"{""type"":""MultiPoint"",""coordinates"":[]}"
20181023T170715_20181029T190348_2,LA_BOCA,2018-10-23,61.38314239973394,"{""type"":""MultiPoint"",""coordinates"":[]}"
20181026T175120_20181101T193920_0,CORDOBA,2018-10-26,91.02498734137043,"{""type"":""MultiPoint"",""coordinates"":[]}"
20181027T173212_20181102T191944_0,CORDOBA,2018-10-27,78.95953622364607,"{""type"":""MultiPoint"",""coordinates"":[]}"
20181027T173212_20181102T191944_1,CENTENARIO,2018-10-27,98.85878779936601,"{""type"":""MultiPoint"",""coordinates"":[]}"
20181027T173212_20181102T191944_2,LA_BOCA,2018-10-27,58.61046472781965,"{""type"":""MultiPoint"",""coordinates"":[]}"
20181028T171304_20181103T185639_1,CENTENARIO,2018-10-28,44.71792999538593,"{""type"":""MultiPoint"",""coordinates"":[]}"
20181028T171304_20181103T185639_2,LA_BOCA,2018-10-28,74.13580897264181,"{""type"":""MultiPoint"",""coordinates"":[]}"
20181101T173802_20181107T192402_0,CORDOBA,2018-11-01,182.20735605619728,"{""type"":""MultiPoint"",""coordinates"":[]}"
20181101T173802_20181107T192402_1,CENTENARIO,2018-11-01,270.3424845781325,"{""type"":""MultiPoint"",""coordinates"":[]}"
20181101T173802_20181107T192402_2,LA_BOCA,2018-11-01,171.863268566465,"{""type"":""MultiPoint"",""coordinates"":[]}"
20181103T165946_20181109T183427_0,CORDOBA,2018-11-03,192.74920635220954,"{""type"":""MultiPoint"",""coordinates"":[]}"
20181103T165946_20181109T183427_1,CENTENARIO,2018-11-03,176.32168924606643,"{""type"":""MultiPoint"",""coordinates"":[]}"
20181103T165946_20181109T183427_2,LA_BOCA,2018-11-03,163.10076220842578,"{""type"":""MultiPoint"",""coordinates"":[]}"
20181104T164039_20181110T181538_0,CORDOBA,2018-11-04,55.66340929375956,"{""type"":""MultiPoint"",""coordinates"":[]}"
20181104T164039_20181110T181538_1,CENTENARIO,2018-11-04,59.925685595198786,"{""type"":""MultiPoint"",""coordinates"":[]}"
20181104T164039_20181110T181538_2,LA_BOCA,2018-11-04,51.122687691347686,"{""type"":""MultiPoint"",""coordinates"":[]}"
20181105T162131_20181111T174625_0,CORDOBA,2018-11-05,74.22220637158355,"{""type"":""MultiPoint"",""coordinates"":[]}"
20181105T162131_20181111T174625_1,CENTENARIO,2018-11-05,127.31714950680391,"{""type"":""MultiPoint"",""coordinates"":[]}"
20181105T162131_20181111T174625_2,LA_BOCA,2018-11-05,82.9266632823706,"{""type"":""MultiPoint"",""coordinates"":[]}"
20181105T180301_20181111T194726_0,CORDOBA,2018-11-05,81.05676123396697,"{""type"":""MultiPoint"",""coordinates"":[]}"
20181105T180301_20181111T194726_1,CENTENARIO,2018-11-05,139.02619653996138,"{""type"":""MultiPoint"",""coordinates"":[]}"
20181105T180301_20181111T194726_2,LA_BOCA,2018-11-05,89.88553746757837,"{""type"":""MultiPoint"",""coordinates"":[]}"
20181106T160224_20181112T173321_2,LA_BOCA,2018-11-06,12.261685130934616,"{""type"":""MultiPoint"",""coordinates"":[]}"
20181106T174353_20181112T192203_0,CORDOBA,2018-11-06,89.51219544524734,"{""type"":""MultiPoint"",""coordinates"":[]}"
20181106T174353_20181112T192203_1,CENTENARIO,2018-11-06,91.1956861181319,"{""type"":""MultiPoint"",""coordinates"":[]}"
20181106T174353_20181112T192203_2,LA_BOCA,2018-11-06,74.60899317946729,"{""type"":""MultiPoint"",""coordinates"":[]}"
20181107T172446_20181113T191326_0,CORDOBA,2018-11-07,90.62055746283137,"{""type"":""MultiPoint"",""coordinates"":[]}"
20181107T172446_20181113T191326_1,CENTENARIO,2018-11-07,113.38591631987266,"{""type"":""MultiPoint"",""coordinates"":[]}"
20181107T172446_20181113T191326_2,LA_BOCA,2018-11-07,61.47888022968714,"{""type"":""MultiPoint"",""coordinates"":[]}"
20181108T170539_20181114T185430_0,CORDOBA,2018-11-08,50.832354040536146,"{""type"":""MultiPoint"",""coordinates"":[]}"
20181108T170539_20181114T185430_1,CENTENARIO,2018-11-08,60.58981757984411,"{""type"":""MultiPoint"",""coordinates"":[]}"
20181108T170539_20181114T185430_2,LA_BOCA,2018-11-08,43.83195906636367,"{""type"":""MultiPoint"",""coordinates"":[]}"
20181109T164632_20181115T181802_0,CORDOBA,2018-11-09,86.49750941812411,"{""type"":""MultiPoint"",""coordinates"":[]}"
20181109T164632_20181115T181802_1,CENTENARIO,2018-11-09,101.78015751304646,"{""type"":""MultiPoint"",""coordinates"":[]}"
20181109T164632_20181115T181802_2,LA_BOCA,2018-11-09,82.65850286712922,"{""type"":""MultiPoint"",""coordinates"":[]}"
20181114T165227_20181120T184431_0,CORDOBA,2018-11-14,60.41563821617173,"{""type"":""MultiPoint"",""coordinates"":[]}"
20181114T165227_20181120T184431_1,CENTENARIO,2018-11-14,52.402893964047315,"{""type"":""MultiPoint"",""coordinates"":[]}"
20181114T165227_20181120T184431_2,LA_BOCA,2018-11-14,54.49398507484167,"{""type"":""MultiPoint"",""coordinates"":[]}"
20181115T163320_20181123T135348_0,CORDOBA,2018-11-15,130.72404450481136,"{""type"":""MultiPoint"",""coordinates"":[]}"
20181115T163320_20181123T135348_1,CENTENARIO,2018-11-15,110.32063248423871,"{""type"":""MultiPoint"",""coordinates"":[]}"
20181115T163320_20181123T135348_2,LA_BOCA,2018-11-15,120.52844615647051,"{""type"":""MultiPoint"",""coordinates"":[]}"
20181116T161413_20181122T175640_0,CORDOBA,2018-11-16,42.29743103138142,"{""type"":""MultiPoint"",""coordinates"":[]}"
20181116T161413_20181122T175640_1,CENTENARIO,2018-11-16,44.1695075919939,"{""type"":""MultiPoint"",""coordinates"":[]}"
20181116T161413_20181122T175640_2,LA_BOCA,2018-11-16,41.142576979130766,"{""type"":""MultiPoint"",""coordinates"":[]}"
20181118T171730_20181124T185128_0,CORDOBA,2018-11-18,47.036350480267,"{""type"":""MultiPoint"",""coordinates"":[]}"
20181118T171730_20181124T185128_1,CENTENARIO,2018-11-18,37.24350146213297,"{""type"":""MultiPoint"",""coordinates"":[]}"
20181118T171730_20181124T185128_2,LA_BOCA,2018-11-18,36.38648126198452,"{""type"":""MultiPoint"",""coordinates"":[]}"
20181119T165824_20181125T185246_0,CORDOBA,2018-11-19,71.65292609535722,"{""type"":""MultiPoint"",""coordinates"":[]}"
20181119T165824_20181125T185246_1,CENTENARIO,2018-11-19,60.28833402468336,"{""type"":""MultiPoint"",""coordinates"":[]}"
20181119T165824_20181125T185246_2,LA_BOCA,2018-11-19,81.50753000015438,"{""type"":""MultiPoint"",""coordinates"":[]}"
20181120T163918_20181126T183417_0,CORDOBA,2018-11-20,107.19932063423379,"{""type"":""MultiPoint"",""coordinates"":[]}"
20181120T163918_20181126T183417_1,CENTENARIO,2018-11-20,128.26365095334583,"{""type"":""MultiPoint"",""coordinates"":[]}"
20181120T163918_20181126T183417_2,LA_BOCA,2018-11-20,90.10061504527157,"{""type"":""MultiPoint"",""coordinates"":[]}"
20181121T162012_20181127T180322_0,CORDOBA,2018-11-21,47.92120460061509,"{""type"":""MultiPoint"",""coordinates"":[]}"
20181121T162012_20181127T180322_1,CENTENARIO,2018-11-21,46.06584461917523,"{""type"":""MultiPoint"",""coordinates"":[]}"
20181121T162012_20181127T180322_2,LA_BOCA,2018-11-21,92.266194018236,"{""type"":""MultiPoint"",""coordinates"":[]}"
20181121T180142_20181127T195031_0,CORDOBA,2018-11-21,65.04067611169732,"{""type"":""MultiPoint"",""coordinates"":[]}"
20181121T180142_20181127T195031_1,CENTENARIO,2018-11-21,67.18161534307639,"{""type"":""MultiPoint"",""coordinates"":[]}"
20181121T180142_20181127T195031_2,LA_BOCA,2018-11-21,69.82177948051208,"{""type"":""MultiPoint"",""coordinates"":[]}"
20181124T170424_20181130T185805_0,CORDOBA,2018-11-24,59.88280548109599,"{""type"":""MultiPoint"",""coordinates"":[]}"
20181124T170424_20181130T185805_1,CENTENARIO,2018-11-24,59.5628311465032,"{""type"":""MultiPoint"",""coordinates"":[]}"
20181124T170424_20181130T185805_2,LA_BOCA,2018-11-24,48.866299808190796,"{""type"":""MultiPoint"",""coordinates"":[]}"
20181125T164519_20181201T182531_0,CORDOBA,2018-11-25,50.6333889541436,"{""type"":""MultiPoint"",""coordinates"":[]}"
20181125T164519_20181201T182531_1,CENTENARIO,2018-11-25,71.28048640599526,"{""type"":""MultiPoint"",""coordinates"":[]}"
20181125T164519_20181201T182531_2,LA_BOCA,2018-11-25,54.37465249343424,"{""type"":""MultiPoint"",""coordinates"":[]}"
20181128T172933_20181205T131600_0,CORDOBA,2018-11-28,75.42276630608536,"{""type"":""MultiPoint"",""coordinates"":[]}"
20181128T172933_20181205T131600_1,CENTENARIO,2018-11-28,78.8596579475393,"{""type"":""MultiPoint"",""coordinates"":[]}"
20181128T172933_20181205T131600_2,LA_BOCA,2018-11-28,59.59389918859313,"{""type"":""MultiPoint"",""coordinates"":[]}"
20181130T165123_20181206T184452_0,CORDOBA,2018-11-30,210.90567114346635,"{""type"":""MultiPoint"",""coordinates"":[]}"
20181130T165123_20181206T184452_1,CENTENARIO,2018-11-30,286.72246844507754,"{""type"":""MultiPoint"",""coordinates"":[]}"
20181130T165123_20181206T184452_2,LA_BOCA,2018-11-30,188.29541310057584,"{""type"":""MultiPoint"",""coordinates"":[]}"
20181202T161314_20181208T174454_0,CORDOBA,2018-12-02,63.001450369950575,"{""type"":""MultiPoint"",""coordinates"":[]}"
20181202T161314_20181208T174454_1,CENTENARIO,2018-12-02,64.72525863917662,"{""type"":""MultiPoint"",""coordinates"":[]}"
20181202T161314_20181208T174454_2,LA_BOCA,2018-12-02,42.842714279085136,"{""type"":""MultiPoint"",""coordinates"":[]}"
20181202T175443_20181208T195428_0,CORDOBA,2018-12-02,55.09656789250124,"{""type"":""MultiPoint"",""coordinates"":[]}"
20181202T175443_20181208T195428_1,CENTENARIO,2018-12-02,49.17406031046211,"{""type"":""MultiPoint"",""coordinates"":[]}"
20181202T175443_20181208T195428_2,LA_BOCA,2018-12-02,44.812314161068706,"{""type"":""MultiPoint"",""coordinates"":[]}"
20181203T173539_20181209T193755_0,CORDOBA,2018-12-03,84.10533091220597,"{""type"":""MultiPoint"",""coordinates"":[]}"
20181203T173539_20181209T193755_1,CENTENARIO,2018-12-03,89.84225779951592,"{""type"":""MultiPoint"",""coordinates"":[]}"
20181203T173539_20181209T193755_2,LA_BOCA,2018-12-03,81.25749230153131,"{""type"":""MultiPoint"",""coordinates"":[]}"
20181204T171635_20181210T190606_0,CORDOBA,2018-12-04,167.32174553239713,"{""type"":""MultiPoint"",""coordinates"":[]}"
20181204T171635_20181210T190606_1,CENTENARIO,2018-12-04,258.41373801517284,"{""type"":""MultiPoint"",""coordinates"":[]}"
20181204T171635_20181210T190606_2,LA_BOCA,2018-12-04,117.80788971469016,"{""type"":""MultiPoint"",""coordinates"":[]}"
20181205T165730_20181211T185709_0,CORDOBA,2018-12-05,125.43347137964156,"{""type"":""MultiPoint"",""coordinates"":[]}"
20181205T165730_20181211T185709_1,CENTENARIO,2018-12-05,207.49886679409303,"{""type"":""MultiPoint"",""coordinates"":[]}"
20181205T165730_20181211T185709_2,LA_BOCA,2018-12-05,84.5076417919608,"{""type"":""MultiPoint"",""coordinates"":[]}"
20181206T163826_20181212T182354_0,CORDOBA,2018-12-06,106.91987847005427,"{""type"":""MultiPoint"",""coordinates"":[]}"
20181206T163826_20181212T182354_1,CENTENARIO,2018-12-06,118.44974236655588,"{""type"":""MultiPoint"",""coordinates"":[]}"
20181206T163826_20181212T182354_2,LA_BOCA,2018-12-06,89.57360674176543,"{""type"":""MultiPoint"",""coordinates"":[]}"
20181207T161922_20181213T180448_0,CORDOBA,2018-12-07,366.7885152495831,"{""type"":""MultiPoint"",""coordinates"":[]}"
20181207T161922_20181213T180448_1,CENTENARIO,2018-12-07,363.58451379990476,"{""type"":""MultiPoint"",""coordinates"":[]}"
20181207T161922_20181213T180448_2,LA_BOCA,2018-12-07,301.0947845238838,"{""type"":""MultiPoint"",""coordinates"":[]}"
20181207T180052_20181213T202340_0,CORDOBA,2018-12-07,325.45841889505306,"{""type"":""MultiPoint"",""coordinates"":[]}"
20181207T180052_20181213T202340_1,CENTENARIO,2018-12-07,323.0880060709499,"{""type"":""MultiPoint"",""coordinates"":[]}"
20181207T180052_20181213T202340_2,LA_BOCA,2018-12-07,317.42118230477956,"{""type"":""MultiPoint"",""coordinates"":[]}"
20181208T160019_20181214T175916_0,CORDOBA,2018-12-08,19.50057769155251,"{""type"":""MultiPoint"",""coordinates"":[]}"
20181208T160019_20181214T175916_2,LA_BOCA,2018-12-08,34.04756690515383,"{""type"":""MultiPoint"",""coordinates"":[]}"
20181208T174148_20181214T194609_0,CORDOBA,2018-12-08,43.10995872974309,"{""type"":""MultiPoint"",""coordinates"":[]}"
20181208T174148_20181214T194609_1,CENTENARIO,2018-12-08,42.17845418371291,"{""type"":""MultiPoint"",""coordinates"":[]}"
20181208T174148_20181214T194609_2,LA_BOCA,2018-12-08,52.30305396253243,"{""type"":""MultiPoint"",""coordinates"":[]}"
20181212T162535_20181218T182010_0,CORDOBA,2018-12-12,50.365299868542174,"{""type"":""MultiPoint"",""coordinates"":[]}"
20181212T162535_20181218T182010_1,CENTENARIO,2018-12-12,51.35735045769252,"{""type"":""MultiPoint"",""coordinates"":[]}"
20181212T162535_20181218T182010_2,LA_BOCA,2018-12-12,58.151794054361936,"{""type"":""MultiPoint"",""coordinates"":[]}"
20181214T172858_20181220T193729_0,CORDOBA,2018-12-14,50.6147613633978,"{""type"":""MultiPoint"",""coordinates"":[]}"
20181214T172858_20181220T193729_2,LA_BOCA,2018-12-14,43.66293069324456,"{""type"":""MultiPoint"",""coordinates"":[]}"
20181215T170956_20181221T190658_0,CORDOBA,2018-12-15,126.95153768479508,"{""type"":""MultiPoint"",""coordinates"":[]}"
20181215T170956_20181221T190658_1,CENTENARIO,2018-12-15,113.48227440841292,"{""type"":""MultiPoint"",""coordinates"":[]}"
20181215T170956_20181221T190658_2,LA_BOCA,2018-12-15,131.78700365811451,"{""type"":""MultiPoint"",""coordinates"":[]}"
20181216T165053_20181222T184330_0,CORDOBA,2018-12-16,48.652866631714275,"{""type"":""MultiPoint"",""coordinates"":[]}"
20181216T165053_20181222T184330_1,CENTENARIO,2018-12-16,49.4565488330429,"{""type"":""MultiPoint"",""coordinates"":[]}"
20181216T165053_20181222T184330_2,LA_BOCA,2018-12-16,37.43742286425619,"{""type"":""MultiPoint"",""coordinates"":[]}"
20181218T161248_20181224T175044_0,CORDOBA,2018-12-18,49.136515581448485,"{""type"":""MultiPoint"",""coordinates"":[]}"
20181218T161248_20181224T175044_1,CENTENARIO,2018-12-18,48.91341510891652,"{""type"":""MultiPoint"",""coordinates"":[]}"
20181218T161248_20181224T175044_2,LA_BOCA,2018-12-18,35.50494823049033,"{""type"":""MultiPoint"",""coordinates"":[]}"
20181219T173516_20181225T192747_0,CORDOBA,2018-12-19,60.1868153176802,"{""type"":""MultiPoint"",""coordinates"":[]}"
20181219T173516_20181225T192747_1,CENTENARIO,2018-12-19,79.24422865436972,"{""type"":""MultiPoint"",""coordinates"":[]}"
20181219T173516_20181225T192747_2,LA_BOCA,2018-12-19,63.50481348000065,"{""type"":""MultiPoint"",""coordinates"":[]}"
20181221T165711_20181227T200848_0,CORDOBA,2018-12-21,98.29408887239714,"{""type"":""MultiPoint"",""coordinates"":[]}"
20181221T165711_20181227T200848_1,CENTENARIO,2018-12-21,81.11427734455432,"{""type"":""MultiPoint"",""coordinates"":[]}"
20181221T165711_20181227T200848_2,LA_BOCA,2018-12-21,86.71754450978575,"{""type"":""MultiPoint"",""coordinates"":[]}"
20181222T163810_20181228T183816_0,CORDOBA,2018-12-22,133.27085809938026,"{""type"":""MultiPoint"",""coordinates"":[]}"
20181222T163810_20181228T183816_1,CENTENARIO,2018-12-22,124.68253300030106,"{""type"":""MultiPoint"",""coordinates"":[]}"
20181222T163810_20181228T183816_2,LA_BOCA,2018-12-22,85.04990826142551,"{""type"":""MultiPoint"",""coordinates"":[]}"
20181223T161908_20181229T180417_0,CORDOBA,2018-12-23,57.3923793099725,"{""type"":""MultiPoint"",""coordinates"":[]}"
20181223T161908_20181229T180417_1,CENTENARIO,2018-12-23,74.53030346128881,"{""type"":""MultiPoint"",""coordinates"":[]}"
20181223T161908_20181229T180417_2,LA_BOCA,2018-12-23,29.5333218749113,"{""type"":""MultiPoint"",""coordinates"":[]}"
20181223T180038_20181229T201708_0,CORDOBA,2018-12-23,62.09550354817555,"{""type"":""MultiPoint"",""coordinates"":[]}"
20181223T180038_20181229T201708_1,CENTENARIO,2018-12-23,69.80992478187667,"{""type"":""MultiPoint"",""coordinates"":[]}"
20181223T180038_20181229T201708_2,LA_BOCA,2018-12-23,53.75998766821618,"{""type"":""MultiPoint"",""coordinates"":[]}"
20181224T160006_20181230T174413_0,CORDOBA,2018-12-24,17.30548683553934,"{""type"":""MultiPoint"",""coordinates"":[]}"
20181224T160006_20181230T174413_1,CENTENARIO,2018-12-24,17.30551142633397,"{""type"":""MultiPoint"",""coordinates"":[]}"
20181224T160006_20181230T174413_2,LA_BOCA,2018-12-24,22.15364568501789,"{""type"":""MultiPoint"",""coordinates"":[]}"
20181224T174136_20181230T193527_0,CORDOBA,2018-12-24,62.23517266334966,"{""type"":""MultiPoint"",""coordinates"":[]}"
20181224T174136_20181230T193527_1,CENTENARIO,2018-12-24,64.32947483010966,"{""type"":""MultiPoint"",""coordinates"":[]}"
20181224T174136_20181230T193527_2,LA_BOCA,2018-12-24,62.07600036888527,"{""type"":""MultiPoint"",""coordinates"":[]}"
20181225T172235_20181231T193908_0,CORDOBA,2018-12-25,54.100208067565696,"{""type"":""MultiPoint"",""coordinates"":[]}"
20181225T172235_20181231T193908_1,CENTENARIO,2018-12-25,60.49163349363315,"{""type"":""MultiPoint"",""coordinates"":[]}"
20181225T172235_20181231T193908_2,LA_BOCA,2018-12-25,40.54427579950613,"{""type"":""MultiPoint"",""coordinates"":[]}"
20181226T170334_20190101T185847_0,CORDOBA,2018-12-26,74.83076454222778,"{""type"":""MultiPoint"",""coordinates"":[]}"
20181226T170334_20190101T185847_1,CENTENARIO,2018-12-26,94.42462794661715,"{""type"":""MultiPoint"",""coordinates"":[]}"
20181226T170334_20190101T185847_2,LA_BOCA,2018-12-26,50.11104941665271,"{""type"":""MultiPoint"",""coordinates"":[]}"
20181228T162531_20190103T182117_0,CORDOBA,2018-12-28,25.667305188221913,"{""type"":""MultiPoint"",""coordinates"":[]}"
20181228T162531_20190103T182117_1,CENTENARIO,2018-12-28,64.8119994921793,"{""type"":""MultiPoint"",""coordinates"":[]}"
20181228T162531_20190103T182117_2,LA_BOCA,2018-12-28,31.507117971990994,"{""type"":""MultiPoint"",""coordinates"":[]}"
20181229T160630_20190104T181035_0,CORDOBA,2018-12-29,29.672398531077167,"{""type"":""MultiPoint"",""coordinates"":[]}"
20181229T160630_20190104T181035_1,CENTENARIO,2018-12-29,43.455538639362445,"{""type"":""MultiPoint"",""coordinates"":[]}"
20181229T160630_20190104T181035_2,LA_BOCA,2018-12-29,40.0126241131055,"{""type"":""MultiPoint"",""coordinates"":[]}"
20181229T174800_20190104T195856_0,CORDOBA,2018-12-29,48.324818781793766,"{""type"":""MultiPoint"",""coordinates"":[]}"
20181229T174800_20190104T195856_1,CENTENARIO,2018-12-29,47.76720681273304,"{""type"":""MultiPoint"",""coordinates"":[]}"
20181229T174800_20190104T195856_2,LA_BOCA,2018-12-29,73.33955263810533,"{""type"":""MultiPoint"",""coordinates"":[]}"
20181230T172900_20190105T192831_0,CORDOBA,2018-12-30,31.12860229790638,"{""type"":""MultiPoint"",""coordinates"":[]}"
20181230T172900_20190105T192831_1,CENTENARIO,2018-12-30,41.70153966768469,"{""type"":""MultiPoint"",""coordinates"":[]}"
20181230T172900_20190105T192831_2,LA_BOCA,2018-12-30,29.587856261059642,"{""type"":""MultiPoint"",""coordinates"":[]}"
20181231T170959_20190106T184210_0,CORDOBA,2018-12-31,39.29474967886516,"{""type"":""MultiPoint"",""coordinates"":[]}"
20181231T170959_20190106T184210_1,CENTENARIO,2018-12-31,49.973959094093296,"{""type"":""MultiPoint"",""coordinates"":[]}"
20181231T170959_20190106T184210_2,LA_BOCA,2018-12-31,38.89286898497909,"{""type"":""MultiPoint"",""coordinates"":[]}"
20190103T161258_20190109T181004_0,CORDOBA,2019-01-03,113.96924528833291,"{""type"":""MultiPoint"",""coordinates"":[]}"
20190103T161258_20190109T181004_1,CENTENARIO,2019-01-03,115.52209041991529,"{""type"":""MultiPoint"",""coordinates"":[]}"
20190103T161258_20190109T181004_2,LA_BOCA,2019-01-03,93.72261209027825,"{""type"":""MultiPoint"",""coordinates"":[]}"
20190103T175428_20190109T200041_0,CORDOBA,2019-01-03,120.59440014770921,"{""type"":""MultiPoint"",""coordinates"":[]}"
20190103T175428_20190109T200041_1,CENTENARIO,2019-01-03,107.64616546209629,"{""type"":""MultiPoint"",""coordinates"":[]}"
20190103T175428_20190109T200041_2,LA_BOCA,2019-01-03,117.33145549282072,"{""type"":""MultiPoint"",""coordinates"":[]}"
20190104T173528_20190110T193554_0,CORDOBA,2019-01-04,145.57776436541224,"{""type"":""MultiPoint"",""coordinates"":[]}"
20190104T173528_20190110T193554_1,CENTENARIO,2019-01-04,144.90726846341852,"{""type"":""MultiPoint"",""coordinates"":[]}"
20190104T173528_20190110T193554_2,LA_BOCA,2019-01-04,167.70182163702316,"{""type"":""MultiPoint"",""coordinates"":[]}"
20190105T171628_20190111T192803_0,CORDOBA,2019-01-05,47.02251912667993,"{""type"":""MultiPoint"",""coordinates"":[]}"
20190105T171628_20190111T192803_1,CENTENARIO,2019-01-05,50.94492674970339,"{""type"":""MultiPoint"",""coordinates"":[]}"
20190105T171628_20190111T192803_2,LA_BOCA,2019-01-05,48.21726258603026,"{""type"":""MultiPoint"",""coordinates"":[]}"
20190108T180059_20190114T200132_0,CORDOBA,2019-01-08,85.67376062273979,"{""type"":""MultiPoint"",""coordinates"":[]}"
20190108T180059_20190114T200132_2,LA_BOCA,2019-01-08,85.67376062273979,"{""type"":""MultiPoint"",""coordinates"":[]}"
20190111T170401_20190117T191336_0,CORDOBA,2019-01-11,61.9624305577726,"{""type"":""MultiPoint"",""coordinates"":[]}"
20190111T170401_20190117T191336_1,CENTENARIO,2019-01-11,89.52789547202292,"{""type"":""MultiPoint"",""coordinates"":[]}"
20190111T170401_20190117T191336_2,LA_BOCA,2019-01-11,49.6212889509529,"{""type"":""MultiPoint"",""coordinates"":[]}"
20190112T164502_20190118T184007_0,CORDOBA,2019-01-12,40.045443654201115,"{""type"":""MultiPoint"",""coordinates"":[]}"
20190112T164502_20190118T184007_1,CENTENARIO,2019-01-12,55.61764045373772,"{""type"":""MultiPoint"",""coordinates"":[]}"
20190112T164502_20190118T184007_2,LA_BOCA,2019-01-12,33.01834879218265,"{""type"":""MultiPoint"",""coordinates"":[]}"
20190114T174834_20190120T200151_0,CORDOBA,2019-01-14,61.334940255619586,"{""type"":""MultiPoint"",""coordinates"":[]}"
20190114T174834_20190120T200151_1,CENTENARIO,2019-01-14,61.334947805190794,"{""type"":""MultiPoint"",""coordinates"":[]}"
20190114T174834_20190120T200151_2,LA_BOCA,2019-01-14,61.750967993414875,"{""type"":""MultiPoint"",""coordinates"":[]}"
20190116T171037_20190123T104808_0,CORDOBA,2019-01-16,357.69105547102885,"{""type"":""MultiPoint"",""coordinates"":[]}"
20190116T171037_20190123T104808_1,CENTENARIO,2019-01-16,274.08753954368564,"{""type"":""MultiPoint"",""coordinates"":[]}"
20190116T171037_20190123T104808_2,LA_BOCA,2019-01-16,383.1125781938725,"{""type"":""MultiPoint"",""coordinates"":[]}"
20190119T161341_20190125T175413_0,CORDOBA,2019-01-19,83.32851302544545,"{""type"":""MultiPoint"",""coordinates"":[]}"
20190119T161341_20190125T175413_1,CENTENARIO,2019-01-19,94.82524183113128,"{""type"":""MultiPoint"",""coordinates"":[]}"
20190119T161341_20190125T175413_2,LA_BOCA,2019-01-19,36.95599017878415,"{""type"":""MultiPoint"",""coordinates"":[]}"
20190119T175512_20190125T195348_0,CORDOBA,2019-01-19,32.84848207840696,"{""type"":""MultiPoint"",""coordinates"":[]}"
20190119T175512_20190125T195348_1,CENTENARIO,2019-01-19,32.84848207840696,"{""type"":""MultiPoint"",""coordinates"":[]}"
20190119T175512_20190125T195348_2,LA_BOCA,2019-01-19,29.986564774831326,"{""type"":""MultiPoint"",""coordinates"":[]}"
20190120T173613_20190126T193403_0,CORDOBA,2019-01-20,37.879470702811126,"{""type"":""MultiPoint"",""coordinates"":[]}"
20190120T173613_20190126T193403_1,CENTENARIO,2019-01-20,34.461055716946134,"{""type"":""MultiPoint"",""coordinates"":[]}"
20190120T173613_20190126T193403_2,LA_BOCA,2019-01-20,45.78295556711964,"{""type"":""MultiPoint"",""coordinates"":[]}"
20190121T171715_20190127T191156_0,CORDOBA,2019-01-21,71.26548571429826,"{""type"":""MultiPoint"",""coordinates"":[]}"
20190121T171715_20190127T191156_1,CENTENARIO,2019-01-21,74.49999659968968,"{""type"":""MultiPoint"",""coordinates"":[]}"
20190121T171715_20190127T191156_2,LA_BOCA,2019-01-21,80.17431537155062,"{""type"":""MultiPoint"",""coordinates"":[]}"
20190122T165817_20190128T190949_0,CORDOBA,2019-01-22,80.81050768613945,"{""type"":""MultiPoint"",""coordinates"":[]}"
20190122T165817_20190128T190949_2,LA_BOCA,2019-01-22,75.20174950823917,"{""type"":""MultiPoint"",""coordinates"":[]}"
20190123T163919_20190129T184821_0,CORDOBA,2019-01-23,55.61686792386961,"{""type"":""MultiPoint"",""coordinates"":[]}"
20190123T163919_20190129T184821_1,CENTENARIO,2019-01-23,71.00358960627887,"{""type"":""MultiPoint"",""coordinates"":[]}"
20190123T163919_20190129T184821_2,LA_BOCA,2019-01-23,41.39882908243785,"{""type"":""MultiPoint"",""coordinates"":[]}"
20190124T162022_20190130T182515_0,CORDOBA,2019-01-24,42.009237950047215,"{""type"":""MultiPoint"",""coordinates"":[]}"
20190124T162022_20190130T182515_1,CENTENARIO,2019-01-24,66.12759170820937,"{""type"":""MultiPoint"",""coordinates"":[]}"
20190124T162022_20190130T182515_2,LA_BOCA,2019-01-24,31.92887984177042,"{""type"":""MultiPoint"",""coordinates"":[]}"
20190124T180152_20190130T201724_0,CORDOBA,2019-01-24,51.827705054127044,"{""type"":""MultiPoint"",""coordinates"":[]}"
20190124T180152_20190130T201724_1,CENTENARIO,2019-01-24,61.611755218873974,"{""type"":""MultiPoint"",""coordinates"":[]}"
20190124T180152_20190130T201724_2,LA_BOCA,2019-01-24,38.40273743306733,"{""type"":""MultiPoint"",""coordinates"":[]}"
20190127T170459_20190202T185712_0,CORDOBA,2019-01-27,79.74922189978317,"{""type"":""MultiPoint"",""coordinates"":[]}"
20190127T170459_20190202T185712_1,CENTENARIO,2019-01-27,88.97268164721189,"{""type"":""MultiPoint"",""coordinates"":[]}"
20190127T170459_20190202T185712_2,LA_BOCA,2019-01-27,67.94554730940564,"{""type"":""MultiPoint"",""coordinates"":[]}"
20190129T162704_20190204T181439_0,CORDOBA,2019-01-29,61.22454215073958,"{""type"":""MultiPoint"",""coordinates"":[]}"
20190129T162704_20190204T181439_1,CENTENARIO,2019-01-29,60.55159001629428,"{""type"":""MultiPoint"",""coordinates"":[]}"
20190129T162704_20190204T181439_2,LA_BOCA,2019-01-29,61.22454215073958,"{""type"":""MultiPoint"",""coordinates"":[]}"
20190130T174937_20190205T195510_0,CORDOBA,2019-01-30,98.9562613540329,"{""type"":""MultiPoint"",""coordinates"":[]}"
20190130T174937_20190205T195510_1,CENTENARIO,2019-01-30,98.9562613540329,"{""type"":""MultiPoint"",""coordinates"":[]}"
20190130T174937_20190205T195510_2,LA_BOCA,2019-01-30,91.95556750676874,"{""type"":""MultiPoint"",""coordinates"":[]}"
20190131T173040_20190206T194258_0,CORDOBA,2019-01-31,75.51405449869148,"{""type"":""MultiPoint"",""coordinates"":[]}"
20190131T173040_20190206T194258_1,CENTENARIO,2019-01-31,151.88723072679008,"{""type"":""MultiPoint"",""coordinates"":[]}"
20190131T173040_20190206T194258_2,LA_BOCA,2019-01-31,72.75884854607283,"{""type"":""MultiPoint"",""coordinates"":[]}"
20190203T163350_20190209T183011_0,CORDOBA,2019-02-03,39.924039949659,"{""type"":""MultiPoint"",""coordinates"":[]}"
20190203T163350_20190209T183011_1,CENTENARIO,2019-02-03,51.55553091034713,"{""type"":""MultiPoint"",""coordinates"":[]}"
20190203T163350_20190209T183011_2,LA_BOCA,2019-02-03,48.8652858297614,"{""type"":""MultiPoint"",""coordinates"":[]}"
20190204T161453_20190210T180935_0,CORDOBA,2019-02-04,136.56872449674032,"{""type"":""MultiPoint"",""coordinates"":[]}"
20190204T161453_20190210T180935_1,CENTENARIO,2019-02-04,143.21586393104647,"{""type"":""MultiPoint"",""coordinates"":[]}"
20190204T161453_20190210T180935_2,LA_BOCA,2019-02-04,96.14871196878002,"{""type"":""MultiPoint"",""coordinates"":[]}"
20190204T175623_20190210T195122_0,CORDOBA,2019-02-04,84.23515339755436,"{""type"":""MultiPoint"",""coordinates"":[]}"
20190204T175623_20190210T195122_1,CENTENARIO,2019-02-04,101.40240512172873,"{""type"":""MultiPoint"",""coordinates"":[]}"
20190204T175623_20190210T195122_2,LA_BOCA,2019-02-04,97.439500677865,"{""type"":""MultiPoint"",""coordinates"":[]}"
20190205T173726_20190211T192510_0,CORDOBA,2019-02-05,66.16861916412608,"{""type"":""MultiPoint"",""coordinates"":[]}"
20190205T173726_20190211T192510_1,CENTENARIO,2019-02-05,83.48900088707236,"{""type"":""MultiPoint"",""coordinates"":[]}"
20190205T173726_20190211T192510_2,LA_BOCA,2019-02-05,65.75590668944642,"{""type"":""MultiPoint"",""coordinates"":[]}"
20190206T171830_20190212T190232_0,CORDOBA,2019-02-06,84.22679868989364,"{""type"":""MultiPoint"",""coordinates"":[]}"
20190206T171830_20190212T190232_1,CENTENARIO,2019-02-06,74.0733565867732,"{""type"":""MultiPoint"",""coordinates"":[]}"
20190206T171830_20190212T190232_2,LA_BOCA,2019-02-06,69.34100106642342,"{""type"":""MultiPoint"",""coordinates"":[]}"
20190207T165933_20190213T190304_0,CORDOBA,2019-02-07,61.026858963193995,"{""type"":""MultiPoint"",""coordinates"":[]}"
20190207T165933_20190213T190304_1,CENTENARIO,2019-02-07,66.36055142355647,"{""type"":""MultiPoint"",""coordinates"":[]}"
20190207T165933_20190213T190304_2,LA_BOCA,2019-02-07,81.1661276459505,"{""type"":""MultiPoint"",""coordinates"":[]}"
20190208T164037_20190214T182553_0,CORDOBA,2019-02-08,89.01348224520359,"{""type"":""MultiPoint"",""coordinates"":[]}"
20190208T164037_20190214T182553_2,LA_BOCA,2019-02-08,98.7577649420286,"{""type"":""MultiPoint"",""coordinates"":[]}"
20190209T162140_20190215T180733_0,CORDOBA,2019-02-09,60.35620454779221,"{""type"":""MultiPoint"",""coordinates"":[]}"
20190209T162140_20190215T180733_1,CENTENARIO,2019-02-09,63.793405486308316,"{""type"":""MultiPoint"",""coordinates"":[]}"
20190209T162140_20190215T180733_2,LA_BOCA,2019-02-09,123.28251629350387,"{""type"":""MultiPoint"",""coordinates"":[]}"
20190209T180311_20190215T201616_0,CORDOBA,2019-02-09,95.51811315657659,"{""type"":""MultiPoint"",""coordinates"":[]}"
20190209T180311_20190215T201616_1,CENTENARIO,2019-02-09,93.25685582861408,"{""type"":""MultiPoint"",""coordinates"":[]}"
20190209T180311_20190215T201616_2,LA_BOCA,2019-02-09,114.83853949315161,"{""type"":""MultiPoint"",""coordinates"":[]}"
20190210T160244_20190216T174151_0,CORDOBA,2019-02-10,50.95328391706976,"{""type"":""MultiPoint"",""coordinates"":[]}"
20190210T160244_20190216T174151_1,CENTENARIO,2019-02-10,50.95039766882294,"{""type"":""MultiPoint"",""coordinates"":[]}"
20190210T160244_20190216T174151_2,LA_BOCA,2019-02-10,50.75525772629418,"{""type"":""MultiPoint"",""coordinates"":[]}"
20190210T174414_20190216T194547_0,CORDOBA,2019-02-10,79.4054358266294,"{""type"":""MultiPoint"",""coordinates"":[]}"
20190210T174414_20190216T194547_1,CENTENARIO,2019-02-10,70.75462951417047,"{""type"":""MultiPoint"",""coordinates"":[]}"
20190210T174414_20190216T194547_2,LA_BOCA,2019-02-10,83.40797024196273,"{""type"":""MultiPoint"",""coordinates"":[]}"
20190211T172518_20190217T193020_0,CORDOBA,2019-02-11,61.27301458036527,"{""type"":""MultiPoint"",""coordinates"":[]}"
20190211T172518_20190217T193020_2,LA_BOCA,2019-02-11,55.07566630106524,"{""type"":""MultiPoint"",""coordinates"":[]}"
20190212T170622_20190218T185812_0,CORDOBA,2019-02-12,86.3056120280705,"{""type"":""MultiPoint"",""coordinates"":[]}"
20190212T170622_20190218T185812_1,CENTENARIO,2019-02-12,76.96927388433939,"{""type"":""MultiPoint"",""coordinates"":[]}"
20190212T170622_20190218T185812_2,LA_BOCA,2019-02-12,54.7425507003333,"{""type"":""MultiPoint"",""coordinates"":[]}"
20190213T164726_20190219T184156_0,CORDOBA,2019-02-13,58.43753116208408,"{""type"":""MultiPoint"",""coordinates"":[]}"
20190213T164726_20190219T184156_1,CENTENARIO,2019-02-13,85.83157915045904,"{""type"":""MultiPoint"",""coordinates"":[]}"
20190213T164726_20190219T184156_2,LA_BOCA,2019-02-13,49.44500798778211,"{""type"":""MultiPoint"",""coordinates"":[]}"
20190215T160934_20190221T175616_0,CORDOBA,2019-02-15,209.73801463634533,"{""type"":""MultiPoint"",""coordinates"":[]}"
20190215T160934_20190221T175616_1,CENTENARIO,2019-02-15,271.36538591397476,"{""type"":""MultiPoint"",""coordinates"":[]}"
20190215T160934_20190221T175616_2,LA_BOCA,2019-02-15,182.8739987615338,"{""type"":""MultiPoint"",""coordinates"":[]}"
20190215T175104_20190221T195456_0,CORDOBA,2019-02-15,232.1386211228894,"{""type"":""MultiPoint"",""coordinates"":[]}"
20190215T175104_20190221T195456_1,CENTENARIO,2019-02-15,231.39819932997713,"{""type"":""MultiPoint"",""coordinates"":[]}"
20190215T175104_20190221T195456_2,LA_BOCA,2019-02-15,249.71592938527465,"{""type"":""MultiPoint"",""coordinates"":[]}"
20190216T173208_20190222T194423_0,CORDOBA,2019-02-16,69.23570528127317,"{""type"":""MultiPoint"",""coordinates"":[]}"
20190216T173208_20190222T194423_1,CENTENARIO,2019-02-16,101.8121234293512,"{""type"":""MultiPoint"",""coordinates"":[]}"
20190216T173208_20190222T194423_2,LA_BOCA,2019-02-16,63.67363309800191,"{""type"":""MultiPoint"",""coordinates"":[]}"
20190217T171312_20190223T191237_0,CORDOBA,2019-02-17,44.605097972447304,"{""type"":""MultiPoint"",""coordinates"":[]}"
20190217T171312_20190223T191237_1,CENTENARIO,2019-02-17,39.53797843637469,"{""type"":""MultiPoint"",""coordinates"":[]}"
20190217T171312_20190223T191237_2,LA_BOCA,2019-02-17,46.29043150571222,"{""type"":""MultiPoint"",""coordinates"":[]}"
20190218T165417_20190224T185100_0,CORDOBA,2019-02-18,73.27638355535541,"{""type"":""MultiPoint"",""coordinates"":[]}"
20190218T165417_20190224T185100_1,CENTENARIO,2019-02-18,78.60783679870536,"{""type"":""MultiPoint"",""coordinates"":[]}"
20190218T165417_20190224T185100_2,LA_BOCA,2019-02-18,93.45302370061741,"{""type"":""MultiPoint"",""coordinates"":[]}"
20190219T163521_20190225T182309_0,CORDOBA,2019-02-19,111.94845865247771,"{""type"":""MultiPoint"",""coordinates"":[]}"
20190220T161625_20190226T180935_0,CORDOBA,2019-02-20,61.12372754286774,"{""type"":""MultiPoint"",""coordinates"":[]}"
20190220T161625_20190226T180935_1,CENTENARIO,2019-02-20,61.15072756074368,"{""type"":""MultiPoint"",""coordinates"":[]}"
20190220T161625_20190226T180935_2,LA_BOCA,2019-02-20,90.79496337985437,"{""type"":""MultiPoint"",""coordinates"":[]}"
20190220T175756_20190226T200018_0,CORDOBA,2019-02-20,91.18306496682797,"{""type"":""MultiPoint"",""coordinates"":[]}"
20190220T175756_20190226T200018_1,CENTENARIO,2019-02-20,88.89656207507907,"{""type"":""MultiPoint"",""coordinates"":[]}"
20190220T175756_20190226T200018_2,LA_BOCA,2019-02-20,101.4881574191023,"{""type"":""MultiPoint"",""coordinates"":[]}"
20190221T173900_20190227T194034_0,CORDOBA,2019-02-21,140.07209695468603,"{""type"":""MultiPoint"",""coordinates"":[]}"
20190221T173900_20190227T194034_1,CENTENARIO,2019-02-21,198.20935320378422,"{""type"":""MultiPoint"",""coordinates"":[]}"
20190221T173900_20190227T194034_2,LA_BOCA,2019-02-21,143.20337232206808,"{""type"":""MultiPoint"",""coordinates"":[]}"
20190222T172004_20190228T192830_0,CORDOBA,2019-02-22,323.1185605691668,"{""type"":""MultiPoint"",""coordinates"":[]}"
20190222T172004_20190228T192830_1,CENTENARIO,2019-02-22,357.0473123977523,"{""type"":""MultiPoint"",""coordinates"":[]}"
20190222T172004_20190228T192830_2,LA_BOCA,2019-02-22,261.4021115537209,"{""type"":""MultiPoint"",""coordinates"":[]}"
20190226T160422_20190304T181153_0,CORDOBA,2019-02-26,94.89798730821215,"{""type"":""MultiPoint"",""coordinates"":[]}"
20190226T160422_20190304T181153_1,CENTENARIO,2019-02-26,94.8020891721147,"{""type"":""MultiPoint"",""coordinates"":[]}"
20190226T160422_20190304T181153_2,LA_BOCA,2019-02-26,66.7979419768688,"{""type"":""MultiPoint"",""coordinates"":[]}"
20190226T174553_20190304T195649_0,CORDOBA,2019-02-26,94.33856757823378,"{""type"":""MultiPoint"",""coordinates"":[]}"
20190226T174553_20190304T195649_1,CENTENARIO,2019-02-26,80.8964292362176,"{""type"":""MultiPoint"",""coordinates"":[]}"
20190226T174553_20190304T195649_2,LA_BOCA,2019-02-26,68.55629227517244,"{""type"":""MultiPoint"",""coordinates"":[]}"
20190227T172657_20190305T192632_0,CORDOBA,2019-02-27,118.58265567200372,"{""type"":""MultiPoint"",""coordinates"":[]}"
20190227T172657_20190305T192632_1,CENTENARIO,2019-02-27,98.15714559314607,"{""type"":""MultiPoint"",""coordinates"":[]}"
20190227T172657_20190305T192632_2,LA_BOCA,2019-02-27,149.64388915931116,"{""type"":""MultiPoint"",""coordinates"":[]}"
20190228T170802_20190306T191536_0,CORDOBA,2019-02-28,465.6863978136203,"{""type"":""MultiPoint"",""coordinates"":[]}"
20190228T170802_20190306T191536_1,CENTENARIO,2019-02-28,470.1363400570672,"{""type"":""MultiPoint"",""coordinates"":[]}"
20190228T170802_20190306T191536_2,LA_BOCA,2019-02-28,366.80741108190205,"{""type"":""MultiPoint"",""coordinates"":[]}"
20190301T164907_20190307T185348_0,CORDOBA,2019-03-01,73.09221833214004,"{""type"":""MultiPoint"",""coordinates"":[]}"
20190301T164907_20190307T185348_1,CENTENARIO,2019-03-01,76.6075881621612,"{""type"":""MultiPoint"",""coordinates"":[]}"
20190301T164907_20190307T185348_2,LA_BOCA,2019-03-01,74.47148213087758,"{""type"":""MultiPoint"",""coordinates"":[]}"
20190302T163011_20190308T182209_0,CORDOBA,2019-03-02,109.18526583901169,"{""type"":""MultiPoint"",""coordinates"":[]}"
20190302T163011_20190308T182209_1,CENTENARIO,2019-03-02,93.62810027255179,"{""type"":""MultiPoint"",""coordinates"":[]}"
20190302T163011_20190308T182209_2,LA_BOCA,2019-03-02,69.55772621953606,"{""type"":""MultiPoint"",""coordinates"":[]}"
20190303T161116_20190309T180108_0,CORDOBA,2019-03-03,18.501542186547464,"{""type"":""MultiPoint"",""coordinates"":[]}"
20190303T161116_20190309T180108_1,CENTENARIO,2019-03-03,20.58894690357997,"{""type"":""MultiPoint"",""coordinates"":[]}"
20190303T161116_20190309T180108_2,LA_BOCA,2019-03-03,28.01981463562697,"{""type"":""MultiPoint"",""coordinates"":[]}"
20190303T175247_20190309T193921_0,CORDOBA,2019-03-03,31.016930898939943,"{""type"":""MultiPoint"",""coordinates"":[]}"
20190303T175247_20190309T193921_1,CENTENARIO,2019-03-03,31.10054017299562,"{""type"":""MultiPoint"",""coordinates"":[]}"
20190303T175247_20190309T193921_2,LA_BOCA,2019-03-03,30.432860512519255,"{""type"":""MultiPoint"",""coordinates"":[]}"
20190305T171456_20190312T111555_0,CORDOBA,2019-03-05,119.39906926693402,"{""type"":""MultiPoint"",""coordinates"":[]}"
20190305T171456_20190312T111555_1,CENTENARIO,2019-03-05,105.23978610470208,"{""type"":""MultiPoint"",""coordinates"":[]}"
20190305T171456_20190312T111555_2,LA_BOCA,2019-03-05,73.5754332613533,"{""type"":""MultiPoint"",""coordinates"":[]}"
20190306T165601_20190312T201049_0,CORDOBA,2019-03-06,128.5815959121832,"{""type"":""MultiPoint"",""coordinates"":[]}"
20190306T165601_20190312T201049_1,CENTENARIO,2019-03-06,114.00861396521339,"{""type"":""MultiPoint"",""coordinates"":[]}"
20190306T165601_20190312T201049_2,LA_BOCA,2019-03-06,148.76106493723523,"{""type"":""MultiPoint"",""coordinates"":[]}"
20190307T163706_20190313T183909_0,CORDOBA,2019-03-07,78.57500261504156,"{""type"":""MultiPoint"",""coordinates"":[]}"
20190307T163706_20190313T183909_1,CENTENARIO,2019-03-07,115.84477669549348,"{""type"":""MultiPoint"",""coordinates"":[]}"
20190307T163706_20190313T183909_2,LA_BOCA,2019-03-07,107.7533331528857,"{""type"":""MultiPoint"",""coordinates"":[]}"
20190308T161811_20190314T183645_0,CORDOBA,2019-03-08,57.498069251809575,"{""type"":""MultiPoint"",""coordinates"":[]}"
20190308T161811_20190314T183645_1,CENTENARIO,2019-03-08,59.193933145396706,"{""type"":""MultiPoint"",""coordinates"":[]}"
20190308T161811_20190314T183645_2,LA_BOCA,2019-03-08,50.82508143575818,"{""type"":""MultiPoint"",""coordinates"":[]}"
20190308T175941_20190314T200524_0,CORDOBA,2019-03-08,32.166901773804256,"{""type"":""MultiPoint"",""coordinates"":[]}"
20190308T175941_20190314T200524_1,CENTENARIO,2019-03-08,36.49098340010269,"{""type"":""MultiPoint"",""coordinates"":[]}"
20190308T175941_20190314T200524_2,LA_BOCA,2019-03-08,29.121812985977158,"{""type"":""MultiPoint"",""coordinates"":[]}"
20190309T174046_20190315T192030_0,CORDOBA,2019-03-09,58.4532244829461,"{""type"":""MultiPoint"",""coordinates"":[]}"
20190309T174046_20190315T192030_2,LA_BOCA,2019-03-09,58.453224482946105,"{""type"":""MultiPoint"",""coordinates"":[]}"
20190310T172151_20190316T185510_0,CORDOBA,2019-03-10,49.38305897789263,"{""type"":""MultiPoint"",""coordinates"":[]}"
20190310T172151_20190316T185510_1,CENTENARIO,2019-03-10,62.502364388067974,"{""type"":""MultiPoint"",""coordinates"":[]}"
20190310T172151_20190316T185510_2,LA_BOCA,2019-03-10,48.3495516294381,"{""type"":""MultiPoint"",""coordinates"":[]}"
20190311T170256_20190317T183546_0,CORDOBA,2019-03-11,45.925546068699795,"{""type"":""MultiPoint"",""coordinates"":[]}"
20190311T170256_20190317T183546_1,CENTENARIO,2019-03-11,46.40724746872181,"{""type"":""MultiPoint"",""coordinates"":[]}"
20190311T170256_20190317T183546_2,LA_BOCA,2019-03-11,35.977817609027454,"{""type"":""MultiPoint"",""coordinates"":[]}"
20190314T160611_20190320T174351_0,CORDOBA,2019-03-14,62.8052293905057,"{""type"":""MultiPoint"",""coordinates"":[]}"
20190314T160611_20190320T174351_2,LA_BOCA,2019-03-14,55.61497756599349,"{""type"":""MultiPoint"",""coordinates"":[]}"
20190314T174741_20190320T193605_0,CORDOBA,2019-03-14,135.61239757109433,"{""type"":""MultiPoint"",""coordinates"":[]}"
20190314T174741_20190320T193605_1,CENTENARIO,2019-03-14,147.33012424786443,"{""type"":""MultiPoint"",""coordinates"":[]}"
20190314T174741_20190320T193605_2,LA_BOCA,2019-03-14,43.97912198328413,"{""type"":""MultiPoint"",""coordinates"":[]}"
20190317T165056_20190323T185720_0,CORDOBA,2019-03-17,66.01366957165548,"{""type"":""MultiPoint"",""coordinates"":[]}"
20190317T165056_20190323T185720_1,CENTENARIO,2019-03-17,86.36334036631602,"{""type"":""MultiPoint"",""coordinates"":[]}"
20190317T165056_20190323T185720_2,LA_BOCA,2019-03-17,54.950070537214515,"{""type"":""MultiPoint"",""coordinates"":[]}"
20190318T163201_20190324T182654_0,CORDOBA,2019-03-18,115.26540811325492,"{""type"":""MultiPoint"",""coordinates"":[]}"
20190318T163201_20190324T182654_1,CENTENARIO,2019-03-18,118.17003312580356,"{""type"":""MultiPoint"",""coordinates"":[]}"
20190318T163201_20190324T182654_2,LA_BOCA,2019-03-18,92.48944622397701,"{""type"":""MultiPoint"",""coordinates"":[]}"
20190320T173542_20190328T171605_0,CORDOBA,2019-03-20,66.70755331736113,"{""type"":""MultiPoint"",""coordinates"":[]}"
20190320T173542_20190328T171605_1,CENTENARIO,2019-03-20,63.83688632681588,"{""type"":""MultiPoint"",""coordinates"":[]}"
20190320T173542_20190328T171605_2,LA_BOCA,2019-03-20,52.781782176040906,"{""type"":""MultiPoint"",""coordinates"":[]}"
20190321T171647_20190328T175313_0,CORDOBA,2019-03-21,558.0184989682674,"{""type"":""MultiPoint"",""coordinates"":[]}"
20190321T171647_20190328T175313_1,CENTENARIO,2019-03-21,504.24638187726714,"{""type"":""MultiPoint"",""coordinates"":[]}"
20190321T171647_20190328T175313_2,LA_BOCA,2019-03-21,558.3783052492556,"{""type"":""MultiPoint"",""coordinates"":[]}"
20190322T165752_20190329T104138_1,CENTENARIO,2019-03-22,232.22193703986704,"{""type"":""MultiPoint"",""coordinates"":[]}"
20190323T163857_20190329T182521_0,CORDOBA,2019-03-23,47.71714272030736,"{""type"":""MultiPoint"",""coordinates"":[]}"
20190323T163857_20190329T182521_1,CENTENARIO,2019-03-23,50.86740680590699,"{""type"":""MultiPoint"",""coordinates"":[]}"
20190323T163857_20190329T182521_2,LA_BOCA,2019-03-23,47.067039571947234,"{""type"":""MultiPoint"",""coordinates"":[]}"
20190325T174237_20190331T192607_0,CORDOBA,2019-03-25,96.18547483114526,"{""type"":""MultiPoint"",""coordinates"":[]}"
20190325T174237_20190331T192607_2,LA_BOCA,2019-03-25,96.18547483114526,"{""type"":""MultiPoint"",""coordinates"":[]}"
20190326T172342_20190401T190943_0,CORDOBA,2019-03-26,18.681599613046274,"{""type"":""MultiPoint"",""coordinates"":[]}"
20190326T172342_20190401T190943_2,LA_BOCA,2019-03-26,18.681599613046274,"{""type"":""MultiPoint"",""coordinates"":[]}"
20190327T170447_20190402T184708_0,CORDOBA,2019-03-27,71.43788051386078,"{""type"":""MultiPoint"",""coordinates"":[]}"
20190327T170447_20190402T184708_1,CENTENARIO,2019-03-27,88.9945568029144,"{""type"":""MultiPoint"",""coordinates"":[]}"
20190327T170447_20190402T184708_2,LA_BOCA,2019-03-27,55.498372093864106,"{""type"":""MultiPoint"",""coordinates"":[]}"
20190328T164552_20190403T182232_0,CORDOBA,2019-03-28,76.67322714753094,"{""type"":""MultiPoint"",""coordinates"":[]}"
20190328T164552_20190403T182232_1,CENTENARIO,2019-03-28,98.01977708471314,"{""type"":""MultiPoint"",""coordinates"":[]}"
20190328T164552_20190403T182232_2,LA_BOCA,2019-03-28,68.66233207907857,"{""type"":""MultiPoint"",""coordinates"":[]}"
20190329T162656_20190404T180528_0,CORDOBA,2019-03-29,87.34206364734283,"{""type"":""MultiPoint"",""coordinates"":[]}"
20190329T162656_20190404T180528_1,CENTENARIO,2019-03-29,83.81401315851006,"{""type"":""MultiPoint"",""coordinates"":[]}"
20190329T162656_20190404T180528_2,LA_BOCA,2019-03-29,92.6886779390471,"{""type"":""MultiPoint"",""coordinates"":[]}"
20190329T180827_20190404T195736_0,CORDOBA,2019-03-29,94.58914428250864,"{""type"":""MultiPoint"",""coordinates"":[]}"
20190329T180827_20190404T195736_1,CENTENARIO,2019-03-29,94.2083616255728,"{""type"":""MultiPoint"",""coordinates"":[]}"
20190329T180827_20190404T195736_2,LA_BOCA,2019-03-29,88.36656246810506,"{""type"":""MultiPoint"",""coordinates"":[]}"
20190330T160801_20190405T173718_0,CORDOBA,2019-03-30,69.0597198416346,"{""type"":""MultiPoint"",""coordinates"":[]}"
20190330T160801_20190405T173718_2,LA_BOCA,2019-03-30,75.17975609516725,"{""type"":""MultiPoint"",""coordinates"":[]}"
20190330T174932_20190405T195053_0,CORDOBA,2019-03-30,106.14005538541375,"{""type"":""MultiPoint"",""coordinates"":[]}"
20190330T174932_20190405T195053_1,CENTENARIO,2019-03-30,154.08776775930488,"{""type"":""MultiPoint"",""coordinates"":[]}"
20190330T174932_20190405T195053_2,LA_BOCA,2019-03-30,99.72054468325649,"{""type"":""MultiPoint"",""coordinates"":[]}"
20190331T173037_20190406T192042_0,CORDOBA,2019-03-31,46.953687878956856,"{""type"":""MultiPoint"",""coordinates"":[]}"
20190331T173037_20190406T192042_1,CENTENARIO,2019-03-31,61.59665896604441,"{""type"":""MultiPoint"",""coordinates"":[]}"
20190331T173037_20190406T192042_2,LA_BOCA,2019-03-31,42.268730742657404,"{""type"":""MultiPoint"",""coordinates"":[]}"
20190403T163351_20190409T181128_0,CORDOBA,2019-04-03,79.62066921082913,"{""type"":""MultiPoint"",""coordinates"":[]}"
20190403T163351_20190409T181128_1,CENTENARIO,2019-04-03,84.25034372577451,"{""type"":""MultiPoint"",""coordinates"":[]}"
20190403T163351_20190409T181128_2,LA_BOCA,2019-04-03,65.39617045508932,"{""type"":""MultiPoint"",""coordinates"":[]}"
20190405T173731_20190411T192549_0,CORDOBA,2019-04-05,129.44976467867698,"{""type"":""MultiPoint"",""coordinates"":[]}"
20190405T173731_20190411T192549_1,CENTENARIO,2019-04-05,113.82136609453106,"{""type"":""MultiPoint"",""coordinates"":[]}"
20190405T173731_20190411T192549_2,LA_BOCA,2019-04-05,106.3790464399539,"{""type"":""MultiPoint"",""coordinates"":[]}"
20190406T171835_20190412T191108_0,CORDOBA,2019-04-06,133.37190862555676,"{""type"":""MultiPoint"",""coordinates"":[]}"
20190406T171835_20190412T191108_1,CENTENARIO,2019-04-06,162.56851581029545,"{""type"":""MultiPoint"",""coordinates"":[]}"
20190406T171835_20190412T191108_2,LA_BOCA,2019-04-06,188.33211169462768,"{""type"":""MultiPoint"",""coordinates"":[]}"
20190407T165940_20190413T184553_0,CORDOBA,2019-04-07,122.02258272361323,"{""type"":""MultiPoint"",""coordinates"":[]}"
20190407T165940_20190413T184553_1,CENTENARIO,2019-04-07,118.41814842434147,"{""type"":""MultiPoint"",""coordinates"":[]}"
20190407T165940_20190413T184553_2,LA_BOCA,2019-04-07,133.34331746483312,"{""type"":""MultiPoint"",""coordinates"":[]}"
20190408T164045_20190414T182005_0,CORDOBA,2019-04-08,219.32292012071161,"{""type"":""MultiPoint"",""coordinates"":[]}"
20190408T164045_20190414T182005_1,CENTENARIO,2019-04-08,297.1303858733476,"{""type"":""MultiPoint"",""coordinates"":[]}"
20190408T164045_20190414T182005_2,LA_BOCA,2019-04-08,413.8168413602221,"{""type"":""MultiPoint"",""coordinates"":[]}"
20190409T162149_20190415T175633_0,CORDOBA,2019-04-09,36.121327751172466,"{""type"":""MultiPoint"",""coordinates"":[]}"
20190409T162149_20190415T175633_1,CENTENARIO,2019-04-09,38.908199839849615,"{""type"":""MultiPoint"",""coordinates"":[]}"
20190409T162149_20190415T175633_2,LA_BOCA,2019-04-09,49.617272505676695,"{""type"":""MultiPoint"",""coordinates"":[]}"
20190409T180319_20190415T195707_0,CORDOBA,2019-04-09,54.845613633214946,"{""type"":""MultiPoint"",""coordinates"":[]}"
20190409T180319_20190415T195707_1,CENTENARIO,2019-04-09,60.436330691125825,"{""type"":""MultiPoint"",""coordinates"":[]}"
20190409T180319_20190415T195707_2,LA_BOCA,2019-04-09,48.99947907008431,"{""type"":""MultiPoint"",""coordinates"":[]}"
20190410T174424_20190416T193738_0,CORDOBA,2019-04-10,108.32858242793009,"{""type"":""MultiPoint"",""coordinates"":[]}"
20190410T174424_20190416T193738_1,CENTENARIO,2019-04-10,108.32858242793009,"{""type"":""MultiPoint"",""coordinates"":[]}"
20190410T174424_20190416T193738_2,LA_BOCA,2019-04-10,111.95279512321576,"{""type"":""MultiPoint"",""coordinates"":[]}"
20190411T172528_20190418T091559_0,CORDOBA,2019-04-11,91.67937353041802,"{""type"":""MultiPoint"",""coordinates"":[]}"
20190411T172528_20190418T091559_1,CENTENARIO,2019-04-11,77.72002302014516,"{""type"":""MultiPoint"",""coordinates"":[]}"
20190411T172528_20190418T091559_2,LA_BOCA,2019-04-11,84.0890937472813,"{""type"":""MultiPoint"",""coordinates"":[]}"
20190412T170633_20190418T190433_0,CORDOBA,2019-04-12,119.2058270976828,"{""type"":""MultiPoint"",""coordinates"":[]}"
20190412T170633_20190418T190433_1,CENTENARIO,2019-04-12,133.22725874805118,"{""type"":""MultiPoint"",""coordinates"":[]}"
20190412T170633_20190418T190433_2,LA_BOCA,2019-04-12,204.5683365053518,"{""type"":""MultiPoint"",""coordinates"":[]}"
20190413T164737_20190419T183141_0,CORDOBA,2019-04-13,69.38103354476713,"{""type"":""MultiPoint"",""coordinates"":[]}"
20190413T164737_20190419T183141_1,CENTENARIO,2019-04-13,73.61990830407143,"{""type"":""MultiPoint"",""coordinates"":[]}"
20190413T164737_20190419T183141_2,LA_BOCA,2019-04-13,73.22774523753272,"{""type"":""MultiPoint"",""coordinates"":[]}"
20190414T162841_20190420T181353_0,CORDOBA,2019-04-14,97.14477346278727,"{""type"":""MultiPoint"",""coordinates"":[]}"
20190414T162841_20190420T181353_1,CENTENARIO,2019-04-14,84.85017358732992,"{""type"":""MultiPoint"",""coordinates"":[]}"
20190414T162841_20190420T181353_2,LA_BOCA,2019-04-14,108.51435300319045,"{""type"":""MultiPoint"",""coordinates"":[]}"
20190414T181012_20190420T195524_0,CORDOBA,2019-04-14,66.4515017294584,"{""type"":""MultiPoint"",""coordinates"":[]}"
20190414T181012_20190420T195524_1,CENTENARIO,2019-04-14,57.74051302868343,"{""type"":""MultiPoint"",""coordinates"":[]}"
20190414T181012_20190420T195524_2,LA_BOCA,2019-04-14,93.27769268167712,"{""type"":""MultiPoint"",""coordinates"":[]}"
20190416T173220_20190422T191520_0,CORDOBA,2019-04-16,117.65109268347571,"{""type"":""MultiPoint"",""coordinates"":[]}"
20190416T173220_20190422T191520_1,CENTENARIO,2019-04-16,87.77025356418412,"{""type"":""MultiPoint"",""coordinates"":[]}"
20190416T173220_20190422T191520_2,LA_BOCA,2019-04-16,107.57898814876205,"{""type"":""MultiPoint"",""coordinates"":[]}"
20190417T171324_20190423T185147_0,CORDOBA,2019-04-17,68.22330022873327,"{""type"":""MultiPoint"",""coordinates"":[]}"
20190417T171324_20190423T185147_1,CENTENARIO,2019-04-17,68.07143310905374,"{""type"":""MultiPoint"",""coordinates"":[]}"
20190417T171324_20190423T185147_2,LA_BOCA,2019-04-17,122.83012269533322,"{""type"":""MultiPoint"",""coordinates"":[]}"
20190418T165428_20190424T183227_0,CORDOBA,2019-04-18,164.5114680286497,"{""type"":""MultiPoint"",""coordinates"":[]}"
20190418T165428_20190424T183227_1,CENTENARIO,2019-04-18,164.5114680286497,"{""type"":""MultiPoint"",""coordinates"":[]}"
20190418T165428_20190424T183227_2,LA_BOCA,2019-04-18,192.79665333523792,"{""type"":""MultiPoint"",""coordinates"":[]}"
20190419T163532_20190425T183605_0,CORDOBA,2019-04-19,106.87368194339797,"{""type"":""MultiPoint"",""coordinates"":[]}"
20190419T163532_20190425T183605_1,CENTENARIO,2019-04-19,96.36849066994101,"{""type"":""MultiPoint"",""coordinates"":[]}"
20190419T163532_20190425T183605_2,LA_BOCA,2019-04-19,106.87368194339797,"{""type"":""MultiPoint"",""coordinates"":[]}"
20190420T161636_20190426T180202_0,CORDOBA,2019-04-20,44.23359132488258,"{""type"":""MultiPoint"",""coordinates"":[]}"
20190420T161636_20190426T180202_1,CENTENARIO,2019-04-20,69.2603927509739,"{""type"":""MultiPoint"",""coordinates"":[]}"
20190420T161636_20190426T180202_2,LA_BOCA,2019-04-20,44.513353755840114,"{""type"":""MultiPoint"",""coordinates"":[]}"
20190420T175806_20190426T194901_0,CORDOBA,2019-04-20,92.0198878797394,"{""type"":""MultiPoint"",""coordinates"":[]}"
20190420T175806_20190426T194901_1,CENTENARIO,2019-04-20,125.71971797237441,"{""type"":""MultiPoint"",""coordinates"":[]}"
20190420T175806_20190426T194901_2,LA_BOCA,2019-04-20,56.825722555661606,"{""type"":""MultiPoint"",""coordinates"":[]}"
20190421T173910_20190427T192626_0,CORDOBA,2019-04-21,145.3771785519988,"{""type"":""MultiPoint"",""coordinates"":[]}"
20190421T173910_20190427T192626_1,CENTENARIO,2019-04-21,198.86929166423874,"{""type"":""MultiPoint"",""coordinates"":[]}"
20190421T173910_20190427T192626_2,LA_BOCA,2019-04-21,111.37593698375072,"{""type"":""MultiPoint"",""coordinates"":[]}"
20190422T172014_20190428T191552_0,CORDOBA,2019-04-22,235.8009617152374,"{""type"":""MultiPoint"",""coordinates"":[]}"
20190422T172014_20190428T191552_1,CENTENARIO,2019-04-22,231.1581547316724,"{""type"":""MultiPoint"",""coordinates"":[]}"
20190422T172014_20190428T191552_2,LA_BOCA,2019-04-22,171.66074750309883,"{""type"":""MultiPoint"",""coordinates"":[]}"
20190427T172702_20190503T191754_1,CENTENARIO,2019-04-27,70.41871140245348,"{""type"":""MultiPoint"",""coordinates"":[]}"
20190428T170805_20190504T190135_0,CORDOBA,2019-04-28,95.31593865453351,"{""type"":""MultiPoint"",""coordinates"":[]}"
20190428T170805_20190504T190135_1,CENTENARIO,2019-04-28,75.01846085054696,"{""type"":""MultiPoint"",""coordinates"":[]}"
20190428T170805_20190504T190135_2,LA_BOCA,2019-04-28,118.41526350876283,"{""type"":""MultiPoint"",""coordinates"":[]}"
20190501T175245_20190507T193200_0,CORDOBA,2019-05-01,57.489371101837605,"{""type"":""MultiPoint"",""coordinates"":[]}"
20190501T175245_20190507T193200_1,CENTENARIO,2019-05-01,60.8216799694956,"{""type"":""MultiPoint"",""coordinates"":[]}"
20190501T175245_20190507T193200_2,LA_BOCA,2019-05-01,79.85890912844141,"{""type"":""MultiPoint"",""coordinates"":[]}"
20190503T171451_20190509T185524_0,CORDOBA,2019-05-03,159.5049850471333,"{""type"":""MultiPoint"",""coordinates"":[]}"
20190503T171451_20190509T185524_1,CENTENARIO,2019-05-03,137.98240146012748,"{""type"":""MultiPoint"",""coordinates"":[]}"
20190503T171451_20190509T185524_2,LA_BOCA,2019-05-03,110.69054395961426,"{""type"":""MultiPoint"",""coordinates"":[]}"
20190504T165553_20190510T183608_0,CORDOBA,2019-05-04,58.563922064182954,"{""type"":""MultiPoint"",""coordinates"":[]}"
20190504T165553_20190510T183608_1,CENTENARIO,2019-05-04,73.47603305580118,"{""type"":""MultiPoint"",""coordinates"":[]}"
20190504T165553_20190510T183608_2,LA_BOCA,2019-05-04,48.93790261897249,"{""type"":""MultiPoint"",""coordinates"":[]}"
20190506T161759_20190512T180440_0,CORDOBA,2019-05-06,117.78679527379755,"{""type"":""MultiPoint"",""coordinates"":[]}"
20190506T161759_20190512T180440_1,CENTENARIO,2019-05-06,172.85579676687374,"{""type"":""MultiPoint"",""coordinates"":[]}"
20190506T161759_20190512T180440_2,LA_BOCA,2019-05-06,70.59913176334865,"{""type"":""MultiPoint"",""coordinates"":[]}"
20190506T175929_20190512T200406_0,CORDOBA,2019-05-06,204.81036180432739,"{""type"":""MultiPoint"",""coordinates"":[]}"
20190506T175929_20190512T200406_1,CENTENARIO,2019-05-06,206.20180435647615,"{""type"":""MultiPoint"",""coordinates"":[]}"
20190506T175929_20190512T200406_2,LA_BOCA,2019-05-06,146.21858996097092,"{""type"":""MultiPoint"",""coordinates"":[]}"
20190507T174031_20190513T193635_0,CORDOBA,2019-05-07,60.19193661045923,"{""type"":""MultiPoint"",""coordinates"":[]}"
20190507T174031_20190513T193635_1,CENTENARIO,2019-05-07,87.61811470938835,"{""type"":""MultiPoint"",""coordinates"":[]}"
20190507T174031_20190513T193635_2,LA_BOCA,2019-05-07,60.51839345676595,"{""type"":""MultiPoint"",""coordinates"":[]}"
20190508T172134_20190514T192623_0,CORDOBA,2019-05-08,73.91518198438527,"{""type"":""MultiPoint"",""coordinates"":[]}"
20190508T172134_20190514T192623_1,CENTENARIO,2019-05-08,121.0483617228774,"{""type"":""MultiPoint"",""coordinates"":[]}"
20190508T172134_20190514T192623_2,LA_BOCA,2019-05-08,57.41419592699004,"{""type"":""MultiPoint"",""coordinates"":[]}"
20190510T164338_20190516T183223_0,CORDOBA,2019-05-10,52.48358138487674,"{""type"":""MultiPoint"",""coordinates"":[]}"
20190510T164338_20190516T183223_1,CENTENARIO,2019-05-10,52.2176312129651,"{""type"":""MultiPoint"",""coordinates"":[]}"
20190510T164338_20190516T183223_2,LA_BOCA,2019-05-10,52.56395478789682,"{""type"":""MultiPoint"",""coordinates"":[]}"
20190511T162440_20190517T185214_0,CORDOBA,2019-05-11,113.87146979732341,"{""type"":""MultiPoint"",""coordinates"":[]}"
20190511T162440_20190517T185214_1,CENTENARIO,2019-05-11,110.54307833546773,"{""type"":""MultiPoint"",""coordinates"":[]}"
20190511T162440_20190517T185214_2,LA_BOCA,2019-05-11,114.72641855184517,"{""type"":""MultiPoint"",""coordinates"":[]}"
20190511T180610_20190520T114310_0,CORDOBA,2019-05-11,132.5117993064669,"{""type"":""MultiPoint"",""coordinates"":[]}"
20190511T180610_20190520T114310_1,CENTENARIO,2019-05-11,132.5065591279077,"{""type"":""MultiPoint"",""coordinates"":[]}"
20190511T180610_20190520T114310_2,LA_BOCA,2019-05-11,107.7974227118348,"{""type"":""MultiPoint"",""coordinates"":[]}"
20190512T174713_20190518T195326_0,CORDOBA,2019-05-12,146.2129148421809,"{""type"":""MultiPoint"",""coordinates"":[]}"
20190512T174713_20190518T195326_1,CENTENARIO,2019-05-12,134.39119171715407,"{""type"":""MultiPoint"",""coordinates"":[]}"
20190512T174713_20190518T195326_2,LA_BOCA,2019-05-12,138.55418167430142,"{""type"":""MultiPoint"",""coordinates"":[]}"
20190513T172814_20190519T194051_0,CORDOBA,2019-05-13,176.5801808482434,"{""type"":""MultiPoint"",""coordinates"":[]}"
20190513T172814_20190519T194051_1,CENTENARIO,2019-05-13,166.93473597797126,"{""type"":""MultiPoint"",""coordinates"":[]}"
20190513T172814_20190519T194051_2,LA_BOCA,2019-05-13,114.09058923949635,"{""type"":""MultiPoint"",""coordinates"":[]}"
20190514T170916_20190522T123514_0,CORDOBA,2019-05-14,77.55831926400847,"{""type"":""MultiPoint"",""coordinates"":[]}"
20190514T170916_20190522T123514_1,CENTENARIO,2019-05-14,120.17896104712412,"{""type"":""MultiPoint"",""coordinates"":[]}"
20190514T170916_20190522T123514_2,LA_BOCA,2019-05-14,71.6756221594473,"{""type"":""MultiPoint"",""coordinates"":[]}"
20190515T165018_20190522T134222_0,CORDOBA,2019-05-15,68.52905341421663,"{""type"":""MultiPoint"",""coordinates"":[]}"
20190515T165018_20190522T134222_1,CENTENARIO,2019-05-15,64.22512886652817,"{""type"":""MultiPoint"",""coordinates"":[]}"
20190515T165018_20190522T134222_2,LA_BOCA,2019-05-15,72.2073483029585,"{""type"":""MultiPoint"",""coordinates"":[]}"
20190516T163119_20190522T193957_0,CORDOBA,2019-05-16,63.88713397308508,"{""type"":""MultiPoint"",""coordinates"":[]}"
20190516T163119_20190522T193957_1,CENTENARIO,2019-05-16,60.326187820630196,"{""type"":""MultiPoint"",""coordinates"":[]}"
20190516T163119_20190522T193957_2,LA_BOCA,2019-05-16,80.72126674174643,"{""type"":""MultiPoint"",""coordinates"":[]}"
20190516T181249_20190522T205537_0,CORDOBA,2019-05-16,60.613448676894095,"{""type"":""MultiPoint"",""coordinates"":[]}"
20190516T181249_20190522T205537_1,CENTENARIO,2019-05-16,67.20196633774782,"{""type"":""MultiPoint"",""coordinates"":[]}"
20190516T181249_20190522T205537_2,LA_BOCA,2019-05-16,61.37303054203633,"{""type"":""MultiPoint"",""coordinates"":[]}"
20190517T175351_20190523T195454_0,CORDOBA,2019-05-17,64.34826340051237,"{""type"":""MultiPoint"",""coordinates"":[]}"
20190517T175351_20190523T195454_1,CENTENARIO,2019-05-17,104.1590512613766,"{""type"":""MultiPoint"",""coordinates"":[]}"
20190517T175351_20190523T195454_2,LA_BOCA,2019-05-17,44.64845618940958,"{""type"":""MultiPoint"",""coordinates"":[]}"
20190518T173452_20190524T194317_1,CENTENARIO,2019-05-18,132.0550945820287,"{""type"":""MultiPoint"",""coordinates"":[]}"
20190518T173452_20190524T194317_2,LA_BOCA,2019-05-18,51.491700096485175,"{""type"":""MultiPoint"",""coordinates"":[]}"
20190519T171554_20190525T191440_0,CORDOBA,2019-05-19,55.78378417587052,"{""type"":""MultiPoint"",""coordinates"":[]}"
20190519T171554_20190525T191440_1,CENTENARIO,2019-05-19,59.188335457383324,"{""type"":""MultiPoint"",""coordinates"":[]}"
20190519T171554_20190525T191440_2,LA_BOCA,2019-05-19,28.94626362971754,"{""type"":""MultiPoint"",""coordinates"":[]}"
20190522T161857_20190528T182426_2,LA_BOCA,2019-05-22,52.63277853373438,"{""type"":""MultiPoint"",""coordinates"":[]}"
20190523T174128_20190529T194248_0,CORDOBA,2019-05-23,333.44766560436557,"{""type"":""MultiPoint"",""coordinates"":[]}"
20190523T174128_20190529T194248_1,CENTENARIO,2019-05-23,327.7767011354082,"{""type"":""MultiPoint"",""coordinates"":[]}"
20190523T174128_20190529T194248_2,LA_BOCA,2019-05-23,330.95246882172455,"{""type"":""MultiPoint"",""coordinates"":[]}"
20190524T172228_20190530T190715_0,CORDOBA,2019-05-24,243.7737489250344,"{""type"":""MultiPoint"",""coordinates"":[]}"
20190524T172228_20190530T190715_1,CENTENARIO,2019-05-24,207.5429460421767,"{""type"":""MultiPoint"",""coordinates"":[]}"
20190524T172228_20190530T190715_2,LA_BOCA,2019-05-24,262.0880955406414,"{""type"":""MultiPoint"",""coordinates"":[]}"
20190528T174800_20190603T194153_0,CORDOBA,2019-05-28,259.9691045088156,"{""type"":""MultiPoint"",""coordinates"":[]}"
20190528T174800_20190603T194153_1,CENTENARIO,2019-05-28,250.62443560466662,"{""type"":""MultiPoint"",""coordinates"":[]}"
20190528T174800_20190603T194153_2,LA_BOCA,2019-05-28,208.27567379158134,"{""type"":""MultiPoint"",""coordinates"":[]}"
20190531T165100_20190606T185915_0,CORDOBA,2019-05-31,117.44156805678352,"{""type"":""MultiPoint"",""coordinates"":[]}"
20190531T165100_20190606T185915_1,CENTENARIO,2019-05-31,114.39593030376308,"{""type"":""MultiPoint"",""coordinates"":[]}"
20190531T165100_20190606T185915_2,LA_BOCA,2019-05-31,80.19224140433558,"{""type"":""MultiPoint"",""coordinates"":[]}"
20190601T163159_20190607T183826_0,CORDOBA,2019-06-01,33.045599078153614,"{""type"":""MultiPoint"",""coordinates"":[]}"
20190601T163159_20190607T183826_1,CENTENARIO,2019-06-01,95.39317572151671,"{""type"":""MultiPoint"",""coordinates"":[]}"
20190601T163159_20190607T183826_2,LA_BOCA,2019-06-01,59.79186211004777,"{""type"":""MultiPoint"",""coordinates"":[]}"
20190601T181329_20190607T200104_2,LA_BOCA,2019-06-01,138.2697982377564,"{""type"":""MultiPoint"",""coordinates"":[]}"
20190602T175429_20190608T195500_0,CORDOBA,2019-06-02,212.09364581904825,"{""type"":""MultiPoint"",""coordinates"":[]}"
20190602T175429_20190608T195500_1,CENTENARIO,2019-06-02,210.96778689699818,"{""type"":""MultiPoint"",""coordinates"":[]}"
20190602T175429_20190608T195500_2,LA_BOCA,2019-06-02,182.16127313250178,"{""type"":""MultiPoint"",""coordinates"":[]}"
20190603T173529_20190609T192940_0,CORDOBA,2019-06-03,356.0705415197944,"{""type"":""MultiPoint"",""coordinates"":[]}"
20190603T173529_20190609T192940_1,CENTENARIO,2019-06-03,255.6216881641868,"{""type"":""MultiPoint"",""coordinates"":[]}"
20190603T173529_20190609T192940_2,LA_BOCA,2019-06-03,295.7645081630615,"{""type"":""MultiPoint"",""coordinates"":[]}"
20190604T171628_20190610T190555_0,CORDOBA,2019-06-04,66.00209849198254,"{""type"":""MultiPoint"",""coordinates"":[]}"
20190604T171628_20190610T190555_1,CENTENARIO,2019-06-04,74.97092395176125,"{""type"":""MultiPoint"",""coordinates"":[]}"
20190604T171628_20190610T190555_2,LA_BOCA,2019-06-04,53.87381906030216,"{""type"":""MultiPoint"",""coordinates"":[]}"
20190607T161925_20190613T175313_0,CORDOBA,2019-06-07,144.34988657635913,"{""type"":""MultiPoint"",""coordinates"":[]}"
20190607T161925_20190613T175313_1,CENTENARIO,2019-06-07,135.00344357453287,"{""type"":""MultiPoint"",""coordinates"":[]}"
20190607T161925_20190613T175313_2,LA_BOCA,2019-06-07,151.1759206693531,"{""type"":""MultiPoint"",""coordinates"":[]}"
20190607T180055_20190613T200336_0,CORDOBA,2019-06-07,130.1414464407209,"{""type"":""MultiPoint"",""coordinates"":[]}"
20190607T180055_20190613T200336_1,CENTENARIO,2019-06-07,111.55431624466878,"{""type"":""MultiPoint"",""coordinates"":[]}"
20190607T180055_20190613T200336_2,LA_BOCA,2019-06-07,136.8547083466699,"{""type"":""MultiPoint"",""coordinates"":[]}"
20190608T174154_20190614T193829_0,CORDOBA,2019-06-08,140.7275457452384,"{""type"":""MultiPoint"",""coordinates"":[]}"
20190608T174154_20190614T193829_1,CENTENARIO,2019-06-08,154.5366235515275,"{""type"":""MultiPoint"",""coordinates"":[]}"
20190608T174154_20190614T193829_2,LA_BOCA,2019-06-08,171.94665337046632,"{""type"":""MultiPoint"",""coordinates"":[]}"
20190609T172253_20190615T221136_0,CORDOBA,2019-06-09,47.079111047620415,"{""type"":""MultiPoint"",""coordinates"":[]}"
20190609T172253_20190615T221136_1,CENTENARIO,2019-06-09,51.28227527141938,"{""type"":""MultiPoint"",""coordinates"":[]}"
20190609T172253_20190615T221136_2,LA_BOCA,2019-06-09,53.0277205228535,"{""type"":""MultiPoint"",""coordinates"":[]}"
20190619T173534_20190625T192848_0,CORDOBA,2019-06-19,127.65347420090897,"{""type"":""MultiPoint"",""coordinates"":[]}"
20190619T173534_20190625T192848_1,CENTENARIO,2019-06-19,97.23273521080095,"{""type"":""MultiPoint"",""coordinates"":[]}"
20190619T173534_20190625T192848_2,LA_BOCA,2019-06-19,107.31328169391746,"{""type"":""MultiPoint"",""coordinates"":[]}"
20190620T171632_20190626T190833_0,CORDOBA,2019-06-20,85.71689364165434,"{""type"":""MultiPoint"",""coordinates"":[]}"
20190620T171632_20190626T190833_1,CENTENARIO,2019-06-20,76.72425539763395,"{""type"":""MultiPoint"",""coordinates"":[]}"
20190620T171632_20190626T190833_2,LA_BOCA,2019-06-20,124.30386850837137,"{""type"":""MultiPoint"",""coordinates"":[]}"
20190625T172247_20190701T190612_0,CORDOBA,2019-06-25,76.98436101850794,"{""type"":""MultiPoint"",""coordinates"":[]}"
20190625T172247_20190701T190612_1,CENTENARIO,2019-06-25,72.55267242195426,"{""type"":""MultiPoint"",""coordinates"":[]}"
20190625T172247_20190701T190612_2,LA_BOCA,2019-06-25,86.29691905957573,"{""type"":""MultiPoint"",""coordinates"":[]}"
20190627T164441_20190703T183146_0,CORDOBA,2019-06-27,77.37417763564736,"{""type"":""MultiPoint"",""coordinates"":[]}"
20190627T164441_20190703T183146_1,CENTENARIO,2019-06-27,96.4600174103737,"{""type"":""MultiPoint"",""coordinates"":[]}"
20190627T164441_20190703T183146_2,LA_BOCA,2019-06-27,87.11862250735946,"{""type"":""MultiPoint"",""coordinates"":[]}"
20190701T170956_20190707T184246_0,CORDOBA,2019-07-01,197.40866107487912,"{""type"":""MultiPoint"",""coordinates"":[]}"
20190701T170956_20190707T184246_1,CENTENARIO,2019-07-01,149.41620228850613,"{""type"":""MultiPoint"",""coordinates"":[]}"
20190701T170956_20190707T184246_2,LA_BOCA,2019-07-01,207.96632598496294,"{""type"":""MultiPoint"",""coordinates"":[]}"
20190703T163148_20190709T180428_0,CORDOBA,2019-07-03,107.99357148803202,"{""type"":""MultiPoint"",""coordinates"":[]}"
20190703T163148_20190709T180428_1,CENTENARIO,2019-07-03,79.95144085427332,"{""type"":""MultiPoint"",""coordinates"":[]}"
20190703T163148_20190709T180428_2,LA_BOCA,2019-07-03,80.18828153857277,"{""type"":""MultiPoint"",""coordinates"":[]}"
20190703T181318_20190709T200006_0,CORDOBA,2019-07-03,90.68803923070183,"{""type"":""MultiPoint"",""coordinates"":[]}"
20190703T181318_20190709T200006_1,CENTENARIO,2019-07-03,78.1913769407528,"{""type"":""MultiPoint"",""coordinates"":[]}"
20190703T181318_20190709T200006_2,LA_BOCA,2019-07-03,99.32346168544869,"{""type"":""MultiPoint"",""coordinates"":[]}"
20190704T175414_20190710T193825_0,CORDOBA,2019-07-04,156.8862935528159,"{""type"":""MultiPoint"",""coordinates"":[]}"
20190704T175414_20190710T193825_1,CENTENARIO,2019-07-04,153.12565399502228,"{""type"":""MultiPoint"",""coordinates"":[]}"
20190704T175414_20190710T193825_2,LA_BOCA,2019-07-04,122.56991702531644,"{""type"":""MultiPoint"",""coordinates"":[]}"
20190705T173510_20190711T192335_0,CORDOBA,2019-07-05,119.5979260409074,"{""type"":""MultiPoint"",""coordinates"":[]}"
20190705T173510_20190711T192335_1,CENTENARIO,2019-07-05,99.54817387769117,"{""type"":""MultiPoint"",""coordinates"":[]}"
20190705T173510_20190711T192335_2,LA_BOCA,2019-07-05,101.30275996477114,"{""type"":""MultiPoint"",""coordinates"":[]}"
20190706T171605_20190712T185545_0,CORDOBA,2019-07-06,330.6131165973191,"{""type"":""MultiPoint"",""coordinates"":[]}"
20190706T171605_20190712T185545_1,CENTENARIO,2019-07-06,298.32840131705547,"{""type"":""MultiPoint"",""coordinates"":[]}"
20190706T171605_20190712T185545_2,LA_BOCA,2019-07-06,338.22697808455706,"{""type"":""MultiPoint"",""coordinates"":[]}"
20190707T165701_20190713T183503_0,CORDOBA,2019-07-07,99.43318302310078,"{""type"":""MultiPoint"",""coordinates"":[]}"
20190707T165701_20190713T183503_1,CENTENARIO,2019-07-07,106.82300357983954,"{""type"":""MultiPoint"",""coordinates"":[]}"
20190707T165701_20190713T183503_2,LA_BOCA,2019-07-07,111.75899961831695,"{""type"":""MultiPoint"",""coordinates"":[]}"
20190708T163757_20190714T181053_0,CORDOBA,2019-07-08,169.010099413297,"{""type"":""MultiPoint"",""coordinates"":[]}"
20190708T163757_20190714T181053_1,CENTENARIO,2019-07-08,160.05268020016322,"{""type"":""MultiPoint"",""coordinates"":[]}"
20190708T163757_20190714T181053_2,LA_BOCA,2019-07-08,139.1735588969545,"{""type"":""MultiPoint"",""coordinates"":[]}"
20190709T180022_20190715T194328_0,CORDOBA,2019-07-09,100.50571881951208,"{""type"":""MultiPoint"",""coordinates"":[]}"
20190709T180022_20190715T194328_1,CENTENARIO,2019-07-09,168.21147390316247,"{""type"":""MultiPoint"",""coordinates"":[]}"
20190709T180022_20190715T194328_2,LA_BOCA,2019-07-09,124.73143578972667,"{""type"":""MultiPoint"",""coordinates"":[]}"
20190712T170309_20190718T185158_0,CORDOBA,2019-07-12,147.45182124897838,"{""type"":""MultiPoint"",""coordinates"":[]}"
20190712T170309_20190718T185158_1,CENTENARIO,2019-07-12,131.41519955306674,"{""type"":""MultiPoint"",""coordinates"":[]}"
20190712T170309_20190718T185158_2,LA_BOCA,2019-07-12,147.45182124897838,"{""type"":""MultiPoint"",""coordinates"":[]}"
20190713T164405_20190719T181835_0,CORDOBA,2019-07-13,233.7310641330845,"{""type"":""MultiPoint"",""coordinates"":[]}"
20190713T164405_20190719T181835_1,CENTENARIO,2019-07-13,247.77407762858698,"{""type"":""MultiPoint"",""coordinates"":[]}"
20190713T164405_20190719T181835_2,LA_BOCA,2019-07-13,203.07419563219705,"{""type"":""MultiPoint"",""coordinates"":[]}"
20190714T162501_20190720T180244_0,CORDOBA,2019-07-14,119.23235433641821,"{""type"":""MultiPoint"",""coordinates"":[]}"
20190714T162501_20190720T180244_1,CENTENARIO,2019-07-14,119.23235433641821,"{""type"":""MultiPoint"",""coordinates"":[]}"
20190714T180631_20190720T195942_0,CORDOBA,2019-07-14,101.60953388549387,"{""type"":""MultiPoint"",""coordinates"":[]}"
20190714T180631_20190720T195942_1,CENTENARIO,2019-07-14,226.03156008448906,"{""type"":""MultiPoint"",""coordinates"":[]}"
20190714T180631_20190720T195942_2,LA_BOCA,2019-07-14,101.60953388549389,"{""type"":""MultiPoint"",""coordinates"":[]}"
20190715T174727_20190721T192355_0,CORDOBA,2019-07-15,173.57240669281143,"{""type"":""MultiPoint"",""coordinates"":[]}"
20190715T174727_20190721T192355_1,CENTENARIO,2019-07-15,147.1950950627431,"{""type"":""MultiPoint"",""coordinates"":[]}"
20190715T174727_20190721T192355_2,LA_BOCA,2019-07-15,144.98023269014686,"{""type"":""MultiPoint"",""coordinates"":[]}"
20190716T172823_20190722T185935_0,CORDOBA,2019-07-16,77.90853355382525,"{""type"":""MultiPoint"",""coordinates"":[]}"
20190716T172823_20190722T185935_1,CENTENARIO,2019-07-16,62.525707657748015,"{""type"":""MultiPoint"",""coordinates"":[]}"
20190716T172823_20190722T185935_2,LA_BOCA,2019-07-16,99.75026308636274,"{""type"":""MultiPoint"",""coordinates"":[]}"
20190717T170918_20190723T184933_0,CORDOBA,2019-07-17,77.25537221610874,"{""type"":""MultiPoint"",""coordinates"":[]}"
20190717T170918_20190723T184933_1,CENTENARIO,2019-07-17,117.81908865131138,"{""type"":""MultiPoint"",""coordinates"":[]}"
20190717T170918_20190723T184933_2,LA_BOCA,2019-07-17,117.40064147976733,"{""type"":""MultiPoint"",""coordinates"":[]}"
20190719T163109_20190725T175932_0,CORDOBA,2019-07-19,98.33106880849108,"{""type"":""MultiPoint"",""coordinates"":[]}"
20190719T163109_20190725T175932_1,CENTENARIO,2019-07-19,203.58130336591532,"{""type"":""MultiPoint"",""coordinates"":[]}"
20190719T163109_20190725T175932_2,LA_BOCA,2019-07-19,131.08395380905435,"{""type"":""MultiPoint"",""coordinates"":[]}"
20190727T172129_20190802T185640_0,CORDOBA,2019-07-27,601.7629736288657,"{""type"":""MultiPoint"",""coordinates"":[]}"
20190727T172129_20190802T185640_1,CENTENARIO,2019-07-27,474.16500080056085,"{""type"":""MultiPoint"",""coordinates"":[]}"
20190727T172129_20190802T185640_2,LA_BOCA,2019-07-27,646.0051254656321,"{""type"":""MultiPoint"",""coordinates"":[]}"
20190728T170224_20190803T183437_0,CORDOBA,2019-07-28,8.427833434798465,"{""type"":""MultiPoint"",""coordinates"":[]}"
20190728T170224_20190803T183437_2,LA_BOCA,2019-07-28,14.79028509940576,"{""type"":""MultiPoint"",""coordinates"":[]}"
20190730T162413_20190805T174858_0,CORDOBA,2019-07-30,374.1229760156973,"{""type"":""MultiPoint"",""coordinates"":[]}"
20190730T162413_20190805T174858_1,CENTENARIO,2019-07-30,374.7380673722581,"{""type"":""MultiPoint"",""coordinates"":[]}"
20190730T162413_20190805T174858_2,LA_BOCA,2019-07-30,365.1813736885941,"{""type"":""MultiPoint"",""coordinates"":[]}"
20190730T180543_20190805T194831_0,CORDOBA,2019-07-30,228.5356068181836,"{""type"":""MultiPoint"",""coordinates"":[]}"
20190730T180543_20190805T194831_1,CENTENARIO,2019-07-30,227.80179212980534,"{""type"":""MultiPoint"",""coordinates"":[]}"
20190730T180543_20190805T194831_2,LA_BOCA,2019-07-30,275.4206070676446,"{""type"":""MultiPoint"",""coordinates"":[]}"
20190731T174637_20190806T193901_0,CORDOBA,2019-07-31,122.74751616391804,"{""type"":""MultiPoint"",""coordinates"":[]}"
20190731T174637_20190806T193901_1,CENTENARIO,2019-07-31,116.09283556497921,"{""type"":""MultiPoint"",""coordinates"":[]}"
20190731T174637_20190806T193901_2,LA_BOCA,2019-07-31,135.4915625840085,"{""type"":""MultiPoint"",""coordinates"":[]}"
20190801T172732_20190807T191028_0,CORDOBA,2019-08-01,100.94421412925367,"{""type"":""MultiPoint"",""coordinates"":[]}"
20190801T172732_20190807T191028_1,CENTENARIO,2019-08-01,77.25636145346765,"{""type"":""MultiPoint"",""coordinates"":[]}"
20190801T172732_20190807T191028_2,LA_BOCA,2019-08-01,69.1489215042258,"{""type"":""MultiPoint"",""coordinates"":[]}"
20190802T170826_20190808T183906_0,CORDOBA,2019-08-02,106.80164479593725,"{""type"":""MultiPoint"",""coordinates"":[]}"
20190802T170826_20190808T183906_1,CENTENARIO,2019-08-02,82.57219005903077,"{""type"":""MultiPoint"",""coordinates"":[]}"
20190802T170826_20190808T183906_2,LA_BOCA,2019-08-02,112.42742267581013,"{""type"":""MultiPoint"",""coordinates"":[]}"
20190803T164920_20190809T181955_0,CORDOBA,2019-08-03,169.61538283692627,"{""type"":""MultiPoint"",""coordinates"":[]}"
20190803T164920_20190809T181955_1,CENTENARIO,2019-08-03,149.08444103744986,"{""type"":""MultiPoint"",""coordinates"":[]}"
20190803T164920_20190809T181955_2,LA_BOCA,2019-08-03,172.74754203790184,"{""type"":""MultiPoint"",""coordinates"":[]}"
20190804T163014_20190810T175452_0,CORDOBA,2019-08-04,32.023013372003035,"{""type"":""MultiPoint"",""coordinates"":[]}"
20190804T163014_20190810T175452_1,CENTENARIO,2019-08-04,59.06261400659031,"{""type"":""MultiPoint"",""coordinates"":[]}"
20190804T163014_20190810T175452_2,LA_BOCA,2019-08-04,35.51283917661015,"{""type"":""MultiPoint"",""coordinates"":[]}"
20190804T181144_20190810T201410_0,CORDOBA,2019-08-04,49.4844994683301,"{""type"":""MultiPoint"",""coordinates"":[]}"
20190804T181144_20190810T201410_1,CENTENARIO,2019-08-04,53.76179042464187,"{""type"":""MultiPoint"",""coordinates"":[]}"
20190804T181144_20190810T201410_2,LA_BOCA,2019-08-04,51.98638979705954,"{""type"":""MultiPoint"",""coordinates"":[]}"
20190805T175238_20190811T195151_0,CORDOBA,2019-08-05,65.26580832616179,"{""type"":""MultiPoint"",""coordinates"":[]}"
20190805T175238_20190811T195151_1,CENTENARIO,2019-08-05,69.68727468146194,"{""type"":""MultiPoint"",""coordinates"":[]}"
20190805T175238_20190811T195151_2,LA_BOCA,2019-08-05,79.54409782781772,"{""type"":""MultiPoint"",""coordinates"":[]}"
20190806T173332_20190812T200626_0,CORDOBA,2019-08-06,100.01932413940996,"{""type"":""MultiPoint"",""coordinates"":[]}"
20190806T173332_20190812T200626_1,CENTENARIO,2019-08-06,113.40975469976301,"{""type"":""MultiPoint"",""coordinates"":[]}"
20190806T173332_20190812T200626_2,LA_BOCA,2019-08-06,126.62453782320897,"{""type"":""MultiPoint"",""coordinates"":[]}"
20190810T161707_20190816T182258_0,CORDOBA,2019-08-10,123.06919720737996,"{""type"":""MultiPoint"",""coordinates"":[]}"
20190810T161707_20190816T182258_1,CENTENARIO,2019-08-10,134.99010429568733,"{""type"":""MultiPoint"",""coordinates"":[]}"
20190810T161707_20190816T182258_2,LA_BOCA,2019-08-10,140.081893881181,"{""type"":""MultiPoint"",""coordinates"":[]}"
20190810T175837_20190816T202515_0,CORDOBA,2019-08-10,102.00993710896,"{""type"":""MultiPoint"",""coordinates"":[]}"
20190810T175837_20190816T202515_1,CENTENARIO,2019-08-10,86.17815128693854,"{""type"":""MultiPoint"",""coordinates"":[]}"
20190810T175837_20190816T202515_2,LA_BOCA,2019-08-10,112.86902949223803,"{""type"":""MultiPoint"",""coordinates"":[]}"
20190811T173931_20190817T200829_0,CORDOBA,2019-08-11,67.42358301696956,"{""type"":""MultiPoint"",""coordinates"":[]}"
20190811T173931_20190817T200829_1,CENTENARIO,2019-08-11,78.02814502318266,"{""type"":""MultiPoint"",""coordinates"":[]}"
20190811T173931_20190817T200829_2,LA_BOCA,2019-08-11,71.00939162371643,"{""type"":""MultiPoint"",""coordinates"":[]}"
20190813T170118_20190819T193554_0,CORDOBA,2019-08-13,107.5778818181072,"{""type"":""MultiPoint"",""coordinates"":[]}"
20190813T170118_20190819T193554_1,CENTENARIO,2019-08-13,87.20367441685073,"{""type"":""MultiPoint"",""coordinates"":[]}"
20190813T170118_20190819T193554_2,LA_BOCA,2019-08-13,92.58505046318747,"{""type"":""MultiPoint"",""coordinates"":[]}"
20190814T164211_20190820T190635_0,CORDOBA,2019-08-14,40.54273199913052,"{""type"":""MultiPoint"",""coordinates"":[]}"
20190814T164211_20190820T190635_1,CENTENARIO,2019-08-14,69.7613223032507,"{""type"":""MultiPoint"",""coordinates"":[]}"
20190814T164211_20190820T190635_2,LA_BOCA,2019-08-14,61.15356440169257,"{""type"":""MultiPoint"",""coordinates"":[]}"
20190815T162305_20190821T183222_0,CORDOBA,2019-08-15,199.4738954905702,"{""type"":""MultiPoint"",""coordinates"":[]}"
20190815T162305_20190821T183222_1,CENTENARIO,2019-08-15,194.69360074931598,"{""type"":""MultiPoint"",""coordinates"":[]}"
20190815T162305_20190821T183222_2,LA_BOCA,2019-08-15,235.1783455766099,"{""type"":""MultiPoint"",""coordinates"":[]}"
20190816T174528_20190822T200435_0,CORDOBA,2019-08-16,300.02519061770647,"{""type"":""MultiPoint"",""coordinates"":[]}"
20190816T174528_20190822T200435_1,CENTENARIO,2019-08-16,318.53758958960964,"{""type"":""MultiPoint"",""coordinates"":[]}"
20190816T174528_20190822T200435_2,LA_BOCA,2019-08-16,328.53320080896265,"{""type"":""MultiPoint"",""coordinates"":[]}"
20190817T172621_20190823T195136_0,CORDOBA,2019-08-17,69.45519161494151,"{""type"":""MultiPoint"",""coordinates"":[]}"
20190817T172621_20190823T195136_1,CENTENARIO,2019-08-17,72.46756887613752,"{""type"":""MultiPoint"",""coordinates"":[]}"
20190817T172621_20190823T195136_2,LA_BOCA,2019-08-17,53.005956536236354,"{""type"":""MultiPoint"",""coordinates"":[]}"
20190818T170714_20190824T192014_2,LA_BOCA,2019-08-18,12.351929399301298,"{""type"":""MultiPoint"",""coordinates"":[]}"
20190819T164807_20190825T190011_0,CORDOBA,2019-08-19,147.42751753250872,"{""type"":""MultiPoint"",""coordinates"":[]}"
20190819T164807_20190825T190011_1,CENTENARIO,2019-08-19,228.89664496730785,"{""type"":""MultiPoint"",""coordinates"":[]}"
20190819T164807_20190825T190011_2,LA_BOCA,2019-08-19,116.29744757605931,"{""type"":""MultiPoint"",""coordinates"":[]}"
20190820T162900_20190826T184341_0,CORDOBA,2019-08-20,115.62291215968311,"{""type"":""MultiPoint"",""coordinates"":[]}"
20190820T162900_20190826T184341_1,CENTENARIO,2019-08-20,224.27638963943372,"{""type"":""MultiPoint"",""coordinates"":[]}"
20190820T162900_20190826T184341_2,LA_BOCA,2019-08-20,120.86043056057078,"{""type"":""MultiPoint"",""coordinates"":[]}"
20190820T181030_20190826T202407_0,CORDOBA,2019-08-20,248.39628258844866,"{""type"":""MultiPoint"",""coordinates"":[]}"
20190820T181030_20190826T202407_1,CENTENARIO,2019-08-20,277.8951584664688,"{""type"":""MultiPoint"",""coordinates"":[]}"
20190820T181030_20190826T202407_2,LA_BOCA,2019-08-20,207.5905526214907,"{""type"":""MultiPoint"",""coordinates"":[]}"
20190821T175123_20190827T201213_1,CENTENARIO,2019-08-21,104.24751963000745,"{""type"":""MultiPoint"",""coordinates"":[]}"
20190821T175123_20190827T201213_2,LA_BOCA,2019-08-21,81.01592538878322,"{""type"":""MultiPoint"",""coordinates"":[]}"
20190822T173216_20190828T194835_0,CORDOBA,2019-08-22,308.9718238213794,"{""type"":""MultiPoint"",""coordinates"":[]}"
20190822T173216_20190828T194835_1,CENTENARIO,2019-08-22,452.6180642381257,"{""type"":""MultiPoint"",""coordinates"":[]}"
20190822T173216_20190828T194835_2,LA_BOCA,2019-08-22,256.0617073521407,"{""type"":""MultiPoint"",""coordinates"":[]}"
20190823T171309_20190829T192011_0,CORDOBA,2019-08-23,159.8274547165529,"{""type"":""MultiPoint"",""coordinates"":[]}"
20190823T171309_20190829T192011_1,CENTENARIO,2019-08-23,212.713990357914,"{""type"":""MultiPoint"",""coordinates"":[]}"
20190823T171309_20190829T192011_2,LA_BOCA,2019-08-23,144.473248179563,"{""type"":""MultiPoint"",""coordinates"":[]}"
20190824T165402_20190830T185928_1,CENTENARIO,2019-08-24,87.35061419429258,"{""type"":""MultiPoint"",""coordinates"":[]}"
20190827T173810_20190902T193309_0,CORDOBA,2019-08-27,90.6830088609654,"{""type"":""MultiPoint"",""coordinates"":[]}"
20190827T173810_20190902T193309_1,CENTENARIO,2019-08-27,108.85855969591672,"{""type"":""MultiPoint"",""coordinates"":[]}"
20190827T173810_20190902T193309_2,LA_BOCA,2019-08-27,67.05697798042152,"{""type"":""MultiPoint"",""coordinates"":[]}"
20190831T162140_20190906T182823_0,CORDOBA,2019-08-31,172.84567824959865,"{""type"":""MultiPoint"",""coordinates"":[]}"
20190831T162140_20190906T182823_1,CENTENARIO,2019-08-31,169.15703770077033,"{""type"":""MultiPoint"",""coordinates"":[]}"
20190831T162140_20190906T182823_2,LA_BOCA,2019-08-31,267.8194465872678,"{""type"":""MultiPoint"",""coordinates"":[]}"
20190831T180310_20190906T204332_0,CORDOBA,2019-08-31,192.29012340916293,"{""type"":""MultiPoint"",""coordinates"":[]}"
20190831T180310_20190906T204332_1,CENTENARIO,2019-08-31,190.20667110158357,"{""type"":""MultiPoint"",""coordinates"":[]}"
20190831T180310_20190906T204332_2,LA_BOCA,2019-08-31,166.87482216172913,"{""type"":""MultiPoint"",""coordinates"":[]}"
20190901T174402_20190907T200741_0,CORDOBA,2019-09-01,51.202285383773265,"{""type"":""MultiPoint"",""coordinates"":[]}"
20190901T174402_20190907T200741_1,CENTENARIO,2019-09-01,49.50552142130004,"{""type"":""MultiPoint"",""coordinates"":[]}"
20190901T174402_20190907T200741_2,LA_BOCA,2019-09-01,49.566620098565735,"{""type"":""MultiPoint"",""coordinates"":[]}"
20190902T172455_20190908T193919_0,CORDOBA,2019-09-02,101.86213330598548,"{""type"":""MultiPoint"",""coordinates"":[]}"
20190902T172455_20190908T193919_1,CENTENARIO,2019-09-02,101.8621333059855,"{""type"":""MultiPoint"",""coordinates"":[]}"
20190902T172455_20190908T193919_2,LA_BOCA,2019-09-02,94.98001287305337,"{""type"":""MultiPoint"",""coordinates"":[]}"
20190903T170547_20190909T191352_0,CORDOBA,2019-09-03,137.29993092105298,"{""type"":""MultiPoint"",""coordinates"":[]}"
20190903T170547_20190909T191352_1,CENTENARIO,2019-09-03,103.77457049779444,"{""type"":""MultiPoint"",""coordinates"":[]}"
20190903T170547_20190909T191352_2,LA_BOCA,2019-09-03,134.68358753594336,"{""type"":""MultiPoint"",""coordinates"":[]}"
20190904T164639_20190910T190124_0,CORDOBA,2019-09-04,173.36922782458385,"{""type"":""MultiPoint"",""coordinates"":[]}"
20190904T164639_20190910T190124_1,CENTENARIO,2019-09-04,145.12536483798456,"{""type"":""MultiPoint"",""coordinates"":[]}"
20190904T164639_20190910T190124_2,LA_BOCA,2019-09-04,158.11425515438106,"{""type"":""MultiPoint"",""coordinates"":[]}"
20190905T162731_20190911T185215_0,CORDOBA,2019-09-05,39.309836511655334,"{""type"":""MultiPoint"",""coordinates"":[]}"
20190905T162731_20190911T185215_1,CENTENARIO,2019-09-05,51.356309668790544,"{""type"":""MultiPoint"",""coordinates"":[]}"
20190905T162731_20190911T185215_2,LA_BOCA,2019-09-05,39.120043781700375,"{""type"":""MultiPoint"",""coordinates"":[]}"
20190905T180901_20190911T202503_0,CORDOBA,2019-09-05,60.84086235273028,"{""type"":""MultiPoint"",""coordinates"":[]}"
20190905T180901_20190911T202503_1,CENTENARIO,2019-09-05,76.33232286221933,"{""type"":""MultiPoint"",""coordinates"":[]}"
20190905T180901_20190911T202503_2,LA_BOCA,2019-09-05,52.06792971517013,"{""type"":""MultiPoint"",""coordinates"":[]}"
20190908T171138_20190914T192739_0,CORDOBA,2019-09-08,160.45200277086974,"{""type"":""MultiPoint"",""coordinates"":[]}"
20190908T171138_20190914T192739_1,CENTENARIO,2019-09-08,147.48042981105274,"{""type"":""MultiPoint"",""coordinates"":[]}"
20190908T171138_20190914T192739_2,LA_BOCA,2019-09-08,133.8977673424561,"{""type"":""MultiPoint"",""coordinates"":[]}"
20190912T173635_20190918T194957_0,CORDOBA,2019-09-12,248.41072239413575,"{""type"":""MultiPoint"",""coordinates"":[]}"
20190912T173635_20190918T194957_1,CENTENARIO,2019-09-12,229.52995613431156,"{""type"":""MultiPoint"",""coordinates"":[]}"
20190912T173635_20190918T194957_2,LA_BOCA,2019-09-12,235.8487630082013,"{""type"":""MultiPoint"",""coordinates"":[]}"
20190913T171727_20190919T194332_1,CENTENARIO,2019-09-13,405.2594886161387,"{""type"":""MultiPoint"",""coordinates"":[]}"
20190913T171727_20190919T194332_2,LA_BOCA,2019-09-13,225.01329395055814,"{""type"":""MultiPoint"",""coordinates"":[]}"
20190914T165819_20190920T190816_0,CORDOBA,2019-09-14,66.5165954471409,"{""type"":""MultiPoint"",""coordinates"":[]}"
20190914T165819_20190920T190816_1,CENTENARIO,2019-09-14,82.56036852741578,"{""type"":""MultiPoint"",""coordinates"":[]}"
20190914T165819_20190920T190816_2,LA_BOCA,2019-09-14,64.47613626832516,"{""type"":""MultiPoint"",""coordinates"":[]}"
20190915T163911_20190921T185317_0,CORDOBA,2019-09-15,104.2962153654939,"{""type"":""MultiPoint"",""coordinates"":[]}"
20190915T163911_20190921T185317_1,CENTENARIO,2019-09-15,205.5097572469574,"{""type"":""MultiPoint"",""coordinates"":[]}"
20190915T163911_20190921T185317_2,LA_BOCA,2019-09-15,109.41481669349972,"{""type"":""MultiPoint"",""coordinates"":[]}"
20190916T162003_20190922T182453_0,CORDOBA,2019-09-16,173.5998084768653,"{""type"":""MultiPoint"",""coordinates"":[]}"
20190916T162003_20190922T182453_1,CENTENARIO,2019-09-16,173.5998084768653,"{""type"":""MultiPoint"",""coordinates"":[]}"
20190916T162003_20190922T182453_2,LA_BOCA,2019-09-16,149.02544358449578,"{""type"":""MultiPoint"",""coordinates"":[]}"
20190916T180132_20190922T202340_0,CORDOBA,2019-09-16,150.741486665983,"{""type"":""MultiPoint"",""coordinates"":[]}"
20190916T180132_20190922T202340_1,CENTENARIO,2019-09-16,148.87580636786436,"{""type"":""MultiPoint"",""coordinates"":[]}"
20190916T180132_20190922T202340_2,LA_BOCA,2019-09-16,155.72255207254537,"{""type"":""MultiPoint"",""coordinates"":[]}"
20190917T174224_20190923T195435_0,CORDOBA,2019-09-17,104.34583035986435,"{""type"":""MultiPoint"",""coordinates"":[]}"
20190917T174224_20190923T195435_1,CENTENARIO,2019-09-17,101.15746539331597,"{""type"":""MultiPoint"",""coordinates"":[]}"
20190917T174224_20190923T195435_2,LA_BOCA,2019-09-17,105.61712699160977,"{""type"":""MultiPoint"",""coordinates"":[]}"
20190918T172316_20190924T193754_0,CORDOBA,2019-09-18,166.5429831700341,"{""type"":""MultiPoint"",""coordinates"":[]}"
20190918T172316_20190924T193754_1,CENTENARIO,2019-09-18,177.72926219440836,"{""type"":""MultiPoint"",""coordinates"":[]}"
20190918T172316_20190924T193754_2,LA_BOCA,2019-09-18,208.78375441819955,"{""type"":""MultiPoint"",""coordinates"":[]}"
20190919T170408_20190925T192025_0,CORDOBA,2019-09-19,150.71497182361782,"{""type"":""MultiPoint"",""coordinates"":[]}"
20190919T170408_20190925T192025_1,CENTENARIO,2019-09-19,150.71497182361782,"{""type"":""MultiPoint"",""coordinates"":[]}"
20190920T164500_20190926T190727_0,CORDOBA,2019-09-20,110.7123136294026,"{""type"":""MultiPoint"",""coordinates"":[]}"
20190920T164500_20190926T190727_1,CENTENARIO,2019-09-20,105.28443195915982,"{""type"":""MultiPoint"",""coordinates"":[]}"
20190920T164500_20190926T190727_2,LA_BOCA,2019-09-20,122.31071484640948,"{""type"":""MultiPoint"",""coordinates"":[]}"
20190921T162551_20190927T183409_0,CORDOBA,2019-09-21,77.18702700804386,"{""type"":""MultiPoint"",""coordinates"":[]}"
20190921T162551_20190927T183409_1,CENTENARIO,2019-09-21,64.78926070780157,"{""type"":""MultiPoint"",""coordinates"":[]}"
20190921T162551_20190927T183409_2,LA_BOCA,2019-09-21,83.31855239067926,"{""type"":""MultiPoint"",""coordinates"":[]}"
20190921T180721_20190927T203746_0,CORDOBA,2019-09-21,59.26217257140484,"{""type"":""MultiPoint"",""coordinates"":[]}"
20190921T180721_20190927T203746_1,CENTENARIO,2019-09-21,60.12006450875081,"{""type"":""MultiPoint"",""coordinates"":[]}"
20190921T180721_20190927T203746_2,LA_BOCA,2019-09-21,64.60163300350551,"{""type"":""MultiPoint"",""coordinates"":[]}"
20190922T174812_20190928T202034_0,CORDOBA,2019-09-22,50.807545874066875,"{""type"":""MultiPoint"",""coordinates"":[]}"
20190922T174812_20190928T202034_1,CENTENARIO,2019-09-22,50.567651157223985,"{""type"":""MultiPoint"",""coordinates"":[]}"
20190922T174812_20190928T202034_2,LA_BOCA,2019-09-22,52.480884816514916,"{""type"":""MultiPoint"",""coordinates"":[]}"
20190924T170956_20190930T193718_0,CORDOBA,2019-09-24,361.02889161862123,"{""type"":""MultiPoint"",""coordinates"":[]}"
20190924T170956_20190930T193718_1,CENTENARIO,2019-09-24,391.6223818105795,"{""type"":""MultiPoint"",""coordinates"":[]}"
20190924T170956_20190930T193718_2,LA_BOCA,2019-09-24,542.9974058351248,"{""type"":""MultiPoint"",""coordinates"":[]}"
20190925T165047_20191001T185229_0,CORDOBA,2019-09-25,226.28590939979415,"{""type"":""MultiPoint"",""coordinates"":[]}"
20190925T165047_20191001T185229_1,CENTENARIO,2019-09-25,185.2352892850037,"{""type"":""MultiPoint"",""coordinates"":[]}"
20190925T165047_20191001T185229_2,LA_BOCA,2019-09-25,263.11943860073444,"{""type"":""MultiPoint"",""coordinates"":[]}"
20190926T163139_20191002T183617_0,CORDOBA,2019-09-26,116.91888512740762,"{""type"":""MultiPoint"",""coordinates"":[]}"
20190926T163139_20191002T183617_1,CENTENARIO,2019-09-26,124.55321692876352,"{""type"":""MultiPoint"",""coordinates"":[]}"
20190926T163139_20191002T183617_2,LA_BOCA,2019-09-26,77.93965825680468,"{""type"":""MultiPoint"",""coordinates"":[]}"
20190927T175400_20191003T213347_1,CENTENARIO,2019-09-27,142.28640065994114,"{""type"":""MultiPoint"",""coordinates"":[]}"
20190928T173451_20191004T201404_0,CORDOBA,2019-09-28,45.751550637677745,"{""type"":""MultiPoint"",""coordinates"":[]}"
20190928T173451_20191004T201404_1,CENTENARIO,2019-09-28,51.70446466107104,"{""type"":""MultiPoint"",""coordinates"":[]}"
20190928T173451_20191004T201404_2,LA_BOCA,2019-09-28,49.8342863394566,"{""type"":""MultiPoint"",""coordinates"":[]}"
20190929T171543_20191005T192507_0,CORDOBA,2019-09-29,40.813966154127,"{""type"":""MultiPoint"",""coordinates"":[]}"
20190929T171543_20191005T192507_1,CENTENARIO,2019-09-29,35.963467686804364,"{""type"":""MultiPoint"",""coordinates"":[]}"
20190929T171543_20191005T192507_2,LA_BOCA,2019-09-29,45.43173347622376,"{""type"":""MultiPoint"",""coordinates"":[]}"
20191005T170222_20191011T191524_0,CORDOBA,2019-10-05,93.93666550749914,"{""type"":""MultiPoint"",""coordinates"":[]}"
20191005T170222_20191011T191524_1,CENTENARIO,2019-10-05,93.92767656869158,"{""type"":""MultiPoint"",""coordinates"":[]}"
20191005T170222_20191011T191524_2,LA_BOCA,2019-10-05,79.08076058607104,"{""type"":""MultiPoint"",""coordinates"":[]}"
20191006T164314_20191012T184802_0,CORDOBA,2019-10-06,54.07294930946658,"{""type"":""MultiPoint"",""coordinates"":[]}"
20191006T164314_20191012T184802_1,CENTENARIO,2019-10-06,50.94152323270305,"{""type"":""MultiPoint"",""coordinates"":[]}"
20191006T164314_20191012T184802_2,LA_BOCA,2019-10-06,45.07966444123299,"{""type"":""MultiPoint"",""coordinates"":[]}"
20191007T162405_20191013T182728_0,CORDOBA,2019-10-07,147.5940794368439,"{""type"":""MultiPoint"",""coordinates"":[]}"
20191007T162405_20191013T182728_1,CENTENARIO,2019-10-07,144.03146662801214,"{""type"":""MultiPoint"",""coordinates"":[]}"
20191007T162405_20191013T182728_2,LA_BOCA,2019-10-07,138.71340945275125,"{""type"":""MultiPoint"",""coordinates"":[]}"
20191007T180535_20191013T202642_0,CORDOBA,2019-10-07,195.2992741802123,"{""type"":""MultiPoint"",""coordinates"":[]}"
20191007T180535_20191013T202642_1,CENTENARIO,2019-10-07,168.55041351337883,"{""type"":""MultiPoint"",""coordinates"":[]}"
20191007T180535_20191013T202642_2,LA_BOCA,2019-10-07,209.539916907643,"{""type"":""MultiPoint"",""coordinates"":[]}"
20191008T174626_20191014T200856_0,CORDOBA,2019-10-08,146.92893090605,"{""type"":""MultiPoint"",""coordinates"":[]}"
20191008T174626_20191014T200856_1,CENTENARIO,2019-10-08,88.31188694617956,"{""type"":""MultiPoint"",""coordinates"":[]}"
20191008T174626_20191014T200856_2,LA_BOCA,2019-10-08,133.89321789090135,"{""type"":""MultiPoint"",""coordinates"":[]}"
20191009T172718_20191015T194318_0,CORDOBA,2019-10-09,149.915423178474,"{""type"":""MultiPoint"",""coordinates"":[]}"
20191009T172718_20191015T194318_1,CENTENARIO,2019-10-09,170.47716783999084,"{""type"":""MultiPoint"",""coordinates"":[]}"
20191009T172718_20191015T194318_2,LA_BOCA,2019-10-09,129.9122422460094,"{""type"":""MultiPoint"",""coordinates"":[]}"
20191013T175214_20191019T200305_0,CORDOBA,2019-10-13,45.87849980453029,"{""type"":""MultiPoint"",""coordinates"":[]}"
20191013T175214_20191019T200305_2,LA_BOCA,2019-10-13,20.46082227025181,"{""type"":""MultiPoint"",""coordinates"":[]}"
20191018T161633_20191024T183817_0,CORDOBA,2019-10-18,81.27290062885406,"{""type"":""MultiPoint"",""coordinates"":[]}"
20191018T161633_20191024T183817_1,CENTENARIO,2019-10-18,77.5274060718449,"{""type"":""MultiPoint"",""coordinates"":[]}"
20191018T161633_20191024T183817_2,LA_BOCA,2019-10-18,71.58962257491349,"{""type"":""MultiPoint"",""coordinates"":[]}"
20191018T175802_20191024T201711_0,CORDOBA,2019-10-18,77.13482721421492,"{""type"":""MultiPoint"",""coordinates"":[]}"
20191018T175802_20191024T201711_1,CENTENARIO,2019-10-18,57.78995975682389,"{""type"":""MultiPoint"",""coordinates"":[]}"
20191018T175802_20191024T201711_2,LA_BOCA,2019-10-18,62.342912385900135,"{""type"":""MultiPoint"",""coordinates"":[]}"
20191019T173854_20191025T193838_0,CORDOBA,2019-10-19,181.41618690016196,"{""type"":""MultiPoint"",""coordinates"":[]}"
20191019T173854_20191025T193838_1,CENTENARIO,2019-10-19,209.8802899272652,"{""type"":""MultiPoint"",""coordinates"":[]}"
20191019T173854_20191025T193838_2,LA_BOCA,2019-10-19,141.47942933192834,"{""type"":""MultiPoint"",""coordinates"":[]}"
20191021T170038_20191027T190029_0,CORDOBA,2019-10-21,172.91561608205572,"{""type"":""MultiPoint"",""coordinates"":[]}"
20191021T170038_20191027T190029_1,CENTENARIO,2019-10-21,172.88074843191438,"{""type"":""MultiPoint"",""coordinates"":[]}"
20191021T170038_20191027T190029_2,LA_BOCA,2019-10-21,229.54317051604608,"{""type"":""MultiPoint"",""coordinates"":[]}"
20191022T164129_20191028T184058_0,CORDOBA,2019-10-22,107.86001190752337,"{""type"":""MultiPoint"",""coordinates"":[]}"
20191022T164129_20191028T184058_1,CENTENARIO,2019-10-22,84.30207345171853,"{""type"":""MultiPoint"",""coordinates"":[]}"
20191022T164129_20191028T184058_2,LA_BOCA,2019-10-22,102.02409432932178,"{""type"":""MultiPoint"",""coordinates"":[]}"
20191023T162221_20191029T182322_0,CORDOBA,2019-10-23,110.44688521571229,"{""type"":""MultiPoint"",""coordinates"":[]}"
20191023T162221_20191029T182322_1,CENTENARIO,2019-10-23,88.93929416380286,"{""type"":""MultiPoint"",""coordinates"":[]}"
20191023T162221_20191029T182322_2,LA_BOCA,2019-10-23,94.18438512991145,"{""type"":""MultiPoint"",""coordinates"":[]}"
20191023T180351_20191029T204124_0,CORDOBA,2019-10-23,83.78930554107785,"{""type"":""MultiPoint"",""coordinates"":[]}"
20191023T180351_20191029T204124_1,CENTENARIO,2019-10-23,67.68803783384935,"{""type"":""MultiPoint"",""coordinates"":[]}"
20191023T180351_20191029T204124_2,LA_BOCA,2019-10-23,94.55742015030222,"{""type"":""MultiPoint"",""coordinates"":[]}"
20191024T174443_20191030T201904_0,CORDOBA,2019-10-24,113.51576439786137,"{""type"":""MultiPoint"",""coordinates"":[]}"
20191024T174443_20191030T201904_1,CENTENARIO,2019-10-24,113.40763013628386,"{""type"":""MultiPoint"",""coordinates"":[]}"
20191024T174443_20191030T201904_2,LA_BOCA,2019-10-24,108.6750032139146,"{""type"":""MultiPoint"",""coordinates"":[]}"
20191025T172535_20191031T193614_0,CORDOBA,2019-10-25,118.09829556594971,"{""type"":""MultiPoint"",""coordinates"":[]}"
20191025T172535_20191031T193614_1,CENTENARIO,2019-10-25,103.86707075562803,"{""type"":""MultiPoint"",""coordinates"":[]}"
20191025T172535_20191031T193614_2,LA_BOCA,2019-10-25,130.8742628991915,"{""type"":""MultiPoint"",""coordinates"":[]}"
20191026T170627_20191101T191536_0,CORDOBA,2019-10-26,53.69192320904273,"{""type"":""MultiPoint"",""coordinates"":[]}"
20191026T170627_20191101T191536_1,CENTENARIO,2019-10-26,46.61633290913706,"{""type"":""MultiPoint"",""coordinates"":[]}"
20191026T170627_20191101T191536_2,LA_BOCA,2019-10-26,52.23229919852313,"{""type"":""MultiPoint"",""coordinates"":[]}"
20191029T160903_20191104T181848_0,CORDOBA,2019-10-29,32.221176905096684,"{""type"":""MultiPoint"",""coordinates"":[]}"
20191029T160903_20191104T181848_1,CENTENARIO,2019-10-29,42.9129090931626,"{""type"":""MultiPoint"",""coordinates"":[]}"
20191029T160903_20191104T181848_2,LA_BOCA,2019-10-29,38.75353532707021,"{""type"":""MultiPoint"",""coordinates"":[]}"
20191029T175033_20191104T195705_0,CORDOBA,2019-10-29,45.83329074387625,"{""type"":""MultiPoint"",""coordinates"":[]}"
20191029T175033_20191104T195705_1,CENTENARIO,2019-10-29,60.78321720540911,"{""type"":""MultiPoint"",""coordinates"":[]}"
20191029T175033_20191104T195705_2,LA_BOCA,2019-10-29,47.81053487948081,"{""type"":""MultiPoint"",""coordinates"":[]}"
20191031T171217_20191106T191523_0,CORDOBA,2019-10-31,50.96521088548134,"{""type"":""MultiPoint"",""coordinates"":[]}"
20191031T171217_20191106T191523_1,CENTENARIO,2019-10-31,73.02206945180018,"{""type"":""MultiPoint"",""coordinates"":[]}"
20191031T171217_20191106T191523_2,LA_BOCA,2019-10-31,47.96437993067388,"{""type"":""MultiPoint"",""coordinates"":[]}"
20191102T163402_20191108T184932_0,CORDOBA,2019-11-02,70.73389814434135,"{""type"":""MultiPoint"",""coordinates"":[]}"
20191102T163402_20191108T184932_1,CENTENARIO,2019-11-02,85.15874383102833,"{""type"":""MultiPoint"",""coordinates"":[]}"
20191102T163402_20191108T184932_2,LA_BOCA,2019-11-02,66.9446218781619,"{""type"":""MultiPoint"",""coordinates"":[]}"
20191103T161455_20191109T181328_0,CORDOBA,2019-11-03,51.13732999755149,"{""type"":""MultiPoint"",""coordinates"":[]}"
20191103T161455_20191109T181328_1,CENTENARIO,2019-11-03,49.91726179081424,"{""type"":""MultiPoint"",""coordinates"":[]}"
20191103T161455_20191109T181328_2,LA_BOCA,2019-11-03,58.21471318664041,"{""type"":""MultiPoint"",""coordinates"":[]}"
20191103T175624_20191109T204816_0,CORDOBA,2019-11-03,43.6125121814869,"{""type"":""MultiPoint"",""coordinates"":[]}"
20191103T175624_20191109T204816_1,CENTENARIO,2019-11-03,43.74321099253089,"{""type"":""MultiPoint"",""coordinates"":[]}"
20191103T175624_20191109T204816_2,LA_BOCA,2019-11-03,50.46294647971775,"{""type"":""MultiPoint"",""coordinates"":[]}"
20191105T171809_20191111T194324_0,CORDOBA,2019-11-05,249.38148530443002,"{""type"":""MultiPoint"",""coordinates"":[]}"
20191105T171809_20191111T194324_1,CENTENARIO,2019-11-05,255.82091802389945,"{""type"":""MultiPoint"",""coordinates"":[]}"
20191105T171809_20191111T194324_2,LA_BOCA,2019-11-05,294.7073233278107,"{""type"":""MultiPoint"",""coordinates"":[]}"
20191106T165902_20191112T191844_0,CORDOBA,2019-11-06,69.94255090214047,"{""type"":""MultiPoint"",""coordinates"":[]}"
20191106T165902_20191112T191844_1,CENTENARIO,2019-11-06,91.75267550563258,"{""type"":""MultiPoint"",""coordinates"":[]}"
20191106T165902_20191112T191844_2,LA_BOCA,2019-11-06,89.14966952064933,"{""type"":""MultiPoint"",""coordinates"":[]}"
20191107T163955_20191113T184633_0,CORDOBA,2019-11-07,160.62697790579287,"{""type"":""MultiPoint"",""coordinates"":[]}"
20191107T163955_20191113T184633_1,CENTENARIO,2019-11-07,131.23925257360793,"{""type"":""MultiPoint"",""coordinates"":[]}"
20191107T163955_20191113T184633_2,LA_BOCA,2019-11-07,159.59814183575142,"{""type"":""MultiPoint"",""coordinates"":[]}"
20191108T162048_20191114T184220_0,CORDOBA,2019-11-08,59.824783760654505,"{""type"":""MultiPoint"",""coordinates"":[]}"
20191108T162048_20191114T184220_1,CENTENARIO,2019-11-08,59.181182488713915,"{""type"":""MultiPoint"",""coordinates"":[]}"
20191108T162048_20191114T184220_2,LA_BOCA,2019-11-08,44.2445214546588,"{""type"":""MultiPoint"",""coordinates"":[]}"
20191108T180217_20191114T203828_0,CORDOBA,2019-11-08,75.37942287893597,"{""type"":""MultiPoint"",""coordinates"":[]}"
20191108T180217_20191114T203828_1,CENTENARIO,2019-11-08,75.8575563603953,"{""type"":""MultiPoint"",""coordinates"":[]}"
20191108T180217_20191114T203828_2,LA_BOCA,2019-11-08,66.48701629372906,"{""type"":""MultiPoint"",""coordinates"":[]}"
20191109T174310_20191115T195942_0,CORDOBA,2019-11-09,52.52204494140535,"{""type"":""MultiPoint"",""coordinates"":[]}"
20191109T174310_20191115T195942_1,CENTENARIO,2019-11-09,53.22658537869653,"{""type"":""MultiPoint"",""coordinates"":[]}"
20191109T174310_20191115T195942_2,LA_BOCA,2019-11-09,43.81841188546146,"{""type"":""MultiPoint"",""coordinates"":[]}"
20191110T172403_20191116T192642_0,CORDOBA,2019-11-10,34.60652582983921,"{""type"":""MultiPoint"",""coordinates"":[]}"
20191110T172403_20191116T192642_1,CENTENARIO,2019-11-10,43.49765170027975,"{""type"":""MultiPoint"",""coordinates"":[]}"
20191110T172403_20191116T192642_2,LA_BOCA,2019-11-10,29.250893492296797,"{""type"":""MultiPoint"",""coordinates"":[]}"
20191112T164550_20191118T190426_0,CORDOBA,2019-11-12,104.33764856642416,"{""type"":""MultiPoint"",""coordinates"":[]}"
20191112T164550_20191118T190426_1,CENTENARIO,2019-11-12,131.95892549284972,"{""type"":""MultiPoint"",""coordinates"":[]}"
20191112T164550_20191118T190426_2,LA_BOCA,2019-11-12,82.44209545789435,"{""type"":""MultiPoint"",""coordinates"":[]}"
20191114T160737_20191120T183502_0,CORDOBA,2019-11-14,57.377146482486054,"{""type"":""MultiPoint"",""coordinates"":[]}"
20191114T160737_20191120T183502_1,CENTENARIO,2019-11-14,65.88851975902733,"{""type"":""MultiPoint"",""coordinates"":[]}"
20191114T160737_20191120T183502_2,LA_BOCA,2019-11-14,41.62037212979728,"{""type"":""MultiPoint"",""coordinates"":[]}"
20191114T174906_20191120T202047_0,CORDOBA,2019-11-14,69.62608371752087,"{""type"":""MultiPoint"",""coordinates"":[]}"
20191114T174906_20191120T202047_1,CENTENARIO,2019-11-14,69.72599641399974,"{""type"":""MultiPoint"",""coordinates"":[]}"
20191114T174906_20191120T202047_2,LA_BOCA,2019-11-14,64.08925394372596,"{""type"":""MultiPoint"",""coordinates"":[]}"
20191115T173000_20191121T200112_0,CORDOBA,2019-11-15,107.38841431709645,"{""type"":""MultiPoint"",""coordinates"":[]}"
20191115T173000_20191121T200112_1,CENTENARIO,2019-11-15,124.69615102889738,"{""type"":""MultiPoint"",""coordinates"":[]}"
20191115T173000_20191121T200112_2,LA_BOCA,2019-11-15,107.37709976798035,"{""type"":""MultiPoint"",""coordinates"":[]}"
20191117T165147_20191123T185435_0,CORDOBA,2019-11-17,49.125612379407094,"{""type"":""MultiPoint"",""coordinates"":[]}"
20191117T165147_20191123T185435_1,CENTENARIO,2019-11-17,53.78515519220192,"{""type"":""MultiPoint"",""coordinates"":[]}"
20191117T165147_20191123T185435_2,LA_BOCA,2019-11-17,64.4836162095187,"{""type"":""MultiPoint"",""coordinates"":[]}"
20191118T163241_20191124T184502_0,CORDOBA,2019-11-18,68.06156668267779,"{""type"":""MultiPoint"",""coordinates"":[]}"
20191118T163241_20191124T184502_1,CENTENARIO,2019-11-18,73.04389792263136,"{""type"":""MultiPoint"",""coordinates"":[]}"
20191118T163241_20191124T184502_2,LA_BOCA,2019-11-18,57.43060982826186,"{""type"":""MultiPoint"",""coordinates"":[]}"
20191119T161335_20191125T182824_0,CORDOBA,2019-11-19,62.27199077873574,"{""type"":""MultiPoint"",""coordinates"":[]}"
20191119T161335_20191125T182824_1,CENTENARIO,2019-11-19,123.35965869171369,"{""type"":""MultiPoint"",""coordinates"":[]}"
20191119T161335_20191125T182824_2,LA_BOCA,2019-11-19,48.2118146068831,"{""type"":""MultiPoint"",""coordinates"":[]}"
20191119T175505_20191125T202304_0,CORDOBA,2019-11-19,130.10781641394377,"{""type"":""MultiPoint"",""coordinates"":[]}"
20191119T175505_20191125T202304_1,CENTENARIO,2019-11-19,129.18930050728392,"{""type"":""MultiPoint"",""coordinates"":[]}"
20191119T175505_20191125T202304_2,LA_BOCA,2019-11-19,150.841287957231,"{""type"":""MultiPoint"",""coordinates"":[]}"
20191120T173559_20191126T195801_0,CORDOBA,2019-11-20,118.39935006008596,"{""type"":""MultiPoint"",""coordinates"":[]}"
20191120T173559_20191126T195801_1,CENTENARIO,2019-11-20,153.49166414131568,"{""type"":""MultiPoint"",""coordinates"":[]}"
20191120T173559_20191126T195801_2,LA_BOCA,2019-11-20,136.17366707833722,"{""type"":""MultiPoint"",""coordinates"":[]}"
20191121T171653_20191129T151304_0,CORDOBA,2019-11-21,121.31365966593435,"{""type"":""MultiPoint"",""coordinates"":[]}"
20191121T171653_20191129T151304_1,CENTENARIO,2019-11-21,126.23982001474432,"{""type"":""MultiPoint"",""coordinates"":[]}"
20191121T171653_20191129T151304_2,LA_BOCA,2019-11-21,81.17557582729543,"{""type"":""MultiPoint"",""coordinates"":[]}"
20191123T163842_20191129T222325_0,CORDOBA,2019-11-23,23.068110173371938,"{""type"":""MultiPoint"",""coordinates"":[]}"
20191123T163842_20191129T222325_1,CENTENARIO,2019-11-23,43.84093900962418,"{""type"":""MultiPoint"",""coordinates"":[]}"
20191123T163842_20191129T222325_2,LA_BOCA,2019-11-23,32.383733431278586,"{""type"":""MultiPoint"",""coordinates"":[]}"
20191124T161936_20191130T185856_0,CORDOBA,2019-11-24,20.30261027448126,"{""type"":""MultiPoint"",""coordinates"":[]}"
20191124T161936_20191130T185856_1,CENTENARIO,2019-11-24,48.50819697409502,"{""type"":""MultiPoint"",""coordinates"":[]}"
20191124T161936_20191130T185856_2,LA_BOCA,2019-11-24,21.021265761683765,"{""type"":""MultiPoint"",""coordinates"":[]}"
20191124T180106_20191130T202650_0,CORDOBA,2019-11-24,32.515250684746476,"{""type"":""MultiPoint"",""coordinates"":[]}"
20191124T180106_20191130T202650_1,CENTENARIO,2019-11-24,32.89601639446319,"{""type"":""MultiPoint"",""coordinates"":[]}"
20191124T180106_20191130T202650_2,LA_BOCA,2019-11-24,28.184964751143436,"{""type"":""MultiPoint"",""coordinates"":[]}"
20191127T170350_20191203T192456_0,CORDOBA,2019-11-27,102.2064629907035,"{""type"":""MultiPoint"",""coordinates"":[]}"
20191127T170350_20191203T192456_1,CENTENARIO,2019-11-27,73.80364447320703,"{""type"":""MultiPoint"",""coordinates"":[]}"
20191127T170350_20191203T192456_2,LA_BOCA,2019-11-27,97.98521042036079,"{""type"":""MultiPoint"",""coordinates"":[]}"
20191128T164445_20191204T191618_0,CORDOBA,2019-11-28,85.63403969750527,"{""type"":""MultiPoint"",""coordinates"":[]}"
20191128T164445_20191204T191618_1,CENTENARIO,2019-11-28,102.18066807039177,"{""type"":""MultiPoint"",""coordinates"":[]}"
20191128T164445_20191204T191618_2,LA_BOCA,2019-11-28,102.92460041672422,"{""type"":""MultiPoint"",""coordinates"":[]}"
20191129T162540_20191205T185439_0,CORDOBA,2019-11-29,95.57989402077162,"{""type"":""MultiPoint"",""coordinates"":[]}"
20191129T162540_20191205T185439_1,CENTENARIO,2019-11-29,92.30004264940057,"{""type"":""MultiPoint"",""coordinates"":[]}"
20191129T162540_20191205T185439_2,LA_BOCA,2019-11-29,120.11854253222539,"{""type"":""MultiPoint"",""coordinates"":[]}"
20191130T160636_20191206T184245_0,CORDOBA,2019-11-30,42.39295958541334,"{""type"":""MultiPoint"",""coordinates"":[]}"
20191130T160636_20191206T184245_1,CENTENARIO,2019-11-30,43.50630187281509,"{""type"":""MultiPoint"",""coordinates"":[]}"
20191130T160636_20191206T184245_2,LA_BOCA,2019-11-30,40.13518634209917,"{""type"":""MultiPoint"",""coordinates"":[]}"
20191130T174805_20191206T203339_0,CORDOBA,2019-11-30,43.47791978650737,"{""type"":""MultiPoint"",""coordinates"":[]}"
20191130T174805_20191206T203339_1,CENTENARIO,2019-11-30,35.3356754330666,"{""type"":""MultiPoint"",""coordinates"":[]}"
20191130T174805_20191206T203339_2,LA_BOCA,2019-11-30,42.92782119904069,"{""type"":""MultiPoint"",""coordinates"":[]}"
20191201T172901_20191207T202117_0,CORDOBA,2019-12-01,46.61872120429026,"{""type"":""MultiPoint"",""coordinates"":[]}"
20191201T172901_20191207T202117_1,CENTENARIO,2019-12-01,50.79350300595803,"{""type"":""MultiPoint"",""coordinates"":[]}"
20191201T172901_20191207T202117_2,LA_BOCA,2019-12-01,41.32507006701098,"{""type"":""MultiPoint"",""coordinates"":[]}"
20191202T170956_20191208T193504_0,CORDOBA,2019-12-02,103.85902457087776,"{""type"":""MultiPoint"",""coordinates"":[]}"
20191202T170956_20191208T193504_1,CENTENARIO,2019-12-02,89.88583937879285,"{""type"":""MultiPoint"",""coordinates"":[]}"
20191202T170956_20191208T193504_2,LA_BOCA,2019-12-02,111.96604703681727,"{""type"":""MultiPoint"",""coordinates"":[]}"
20191205T161244_20191211T160750_0,CORDOBA,2019-12-05,105.33172369685124,"{""type"":""MultiPoint"",""coordinates"":[]}"
20191205T161244_20191211T160750_1,CENTENARIO,2019-12-05,96.14369460156576,"{""type"":""MultiPoint"",""coordinates"":[]}"
20191205T161244_20191211T160750_2,LA_BOCA,2019-12-05,98.64302310028451,"{""type"":""MultiPoint"",""coordinates"":[]}"
20191205T175413_20191211T163527_0,CORDOBA,2019-12-05,71.7210367889882,"{""type"":""MultiPoint"",""coordinates"":[]}"
20191205T175413_20191211T163527_1,CENTENARIO,2019-12-05,66.85320583894271,"{""type"":""MultiPoint"",""coordinates"":[]}"
20191205T175413_20191211T163527_2,LA_BOCA,2019-12-05,75.16263262317754,"{""type"":""MultiPoint"",""coordinates"":[]}"
20191206T173510_20191212T103620_1,CENTENARIO,2019-12-06,145.9523070767072,"{""type"":""MultiPoint"",""coordinates"":[]}"
20191206T173510_20191212T103620_2,LA_BOCA,2019-12-06,154.39247363246977,"{""type"":""MultiPoint"",""coordinates"":[]}"
20191208T165702_20191213T164308_0,CORDOBA,2019-12-08,89.1820347870489,"{""type"":""MultiPoint"",""coordinates"":[]}"
20191208T165702_20191213T164308_1,CENTENARIO,2019-12-08,77.45981540570608,"{""type"":""MultiPoint"",""coordinates"":[]}"
20191208T165702_20191213T164308_2,LA_BOCA,2019-12-08,92.92411455567814,"{""type"":""MultiPoint"",""coordinates"":[]}"
20191209T163759_20191214T093221_0,CORDOBA,2019-12-09,195.33502376613802,"{""type"":""MultiPoint"",""coordinates"":[]}"
20191209T163759_20191214T093221_1,CENTENARIO,2019-12-09,173.67576860754738,"{""type"":""MultiPoint"",""coordinates"":[]}"
20191209T163759_20191214T093221_2,LA_BOCA,2019-12-09,177.24758581501143,"{""type"":""MultiPoint"",""coordinates"":[]}"
20191210T161855_20191214T202640_0,CORDOBA,2019-12-10,126.48660181443934,"{""type"":""MultiPoint"",""coordinates"":[]}"
20191210T161855_20191214T202640_1,CENTENARIO,2019-12-10,115.21269537930193,"{""type"":""MultiPoint"",""coordinates"":[]}"
20191210T161855_20191214T202640_2,LA_BOCA,2019-12-10,125.58579438505139,"{""type"":""MultiPoint"",""coordinates"":[]}"
20191210T180025_20191214T205541_0,CORDOBA,2019-12-10,109.70220307419378,"{""type"":""MultiPoint"",""coordinates"":[]}"
20191210T180025_20191214T205541_1,CENTENARIO,2019-12-10,99.56840989343196,"{""type"":""MultiPoint"",""coordinates"":[]}"
20191210T180025_20191214T205541_2,LA_BOCA,2019-12-10,127.96892042152034,"{""type"":""MultiPoint"",""coordinates"":[]}"
20191211T174122_20191215T182706_0,CORDOBA,2019-12-11,78.6900857991658,"{""type"":""MultiPoint"",""coordinates"":[]}"
20191211T174122_20191215T182706_1,CENTENARIO,2019-12-11,91.13335037898506,"{""type"":""MultiPoint"",""coordinates"":[]}"
20191211T174122_20191215T182706_2,LA_BOCA,2019-12-11,94.08479320680536,"{""type"":""MultiPoint"",""coordinates"":[]}"
20191212T172219_20191216T015453_0,CORDOBA,2019-12-12,64.0649386663808,"{""type"":""MultiPoint"",""coordinates"":[]}"
20191212T172219_20191216T015453_1,CENTENARIO,2019-12-12,65.7372502212932,"{""type"":""MultiPoint"",""coordinates"":[]}"
20191212T172219_20191216T015453_2,LA_BOCA,2019-12-12,55.57386911404409,"{""type"":""MultiPoint"",""coordinates"":[]}"
20191213T170316_20191217T201729_0,CORDOBA,2019-12-13,119.91767116357273,"{""type"":""MultiPoint"",""coordinates"":[]}"
20191213T170316_20191217T201729_1,CENTENARIO,2019-12-13,103.68251858432825,"{""type"":""MultiPoint"",""coordinates"":[]}"
20191213T170316_20191217T201729_2,LA_BOCA,2019-12-13,146.02725514402687,"{""type"":""MultiPoint"",""coordinates"":[]}"
20191214T164413_20191217T215854_0,CORDOBA,2019-12-14,60.9322895953306,"{""type"":""MultiPoint"",""coordinates"":[]}"
20191214T164413_20191217T215854_1,CENTENARIO,2019-12-14,73.75145740978127,"{""type"":""MultiPoint"",""coordinates"":[]}"
20191214T164413_20191217T215854_2,LA_BOCA,2019-12-14,101.27147269419365,"{""type"":""MultiPoint"",""coordinates"":[]}"
20191216T160608_20191219T141853_0,CORDOBA,2019-12-16,113.11286198886903,"{""type"":""MultiPoint"",""coordinates"":[]}"
20191216T160608_20191219T141853_1,CENTENARIO,2019-12-16,124.36504560792153,"{""type"":""MultiPoint"",""coordinates"":[]}"
20191216T160608_20191219T141853_2,LA_BOCA,2019-12-16,135.35932023145722,"{""type"":""MultiPoint"",""coordinates"":[]}"
20191217T172835_20191220T070914_0,CORDOBA,2019-12-17,94.40129342619957,"{""type"":""MultiPoint"",""coordinates"":[]}"
20191217T172835_20191220T070914_1,CENTENARIO,2019-12-17,127.89337255539438,"{""type"":""MultiPoint"",""coordinates"":[]}"
20191217T172835_20191220T070914_2,LA_BOCA,2019-12-17,74.38294505177284,"{""type"":""MultiPoint"",""coordinates"":[]}"
20191218T170933_20191220T163257_0,CORDOBA,2019-12-18,71.33373045404377,"{""type"":""MultiPoint"",""coordinates"":[]}"
20191218T170933_20191220T163257_1,CENTENARIO,2019-12-18,69.60762392042248,"{""type"":""MultiPoint"",""coordinates"":[]}"
20191218T170933_20191220T163257_2,LA_BOCA,2019-12-18,89.23987342405705,"{""type"":""MultiPoint"",""coordinates"":[]}"
20191219T165031_20191221T125820_0,CORDOBA,2019-12-19,125.61321639811386,"{""type"":""MultiPoint"",""coordinates"":[]}"
20191219T165031_20191221T125820_1,CENTENARIO,2019-12-19,123.1236350990065,"{""type"":""MultiPoint"",""coordinates"":[]}"
20191219T165031_20191221T125820_2,LA_BOCA,2019-12-19,114.4402003145615,"{""type"":""MultiPoint"",""coordinates"":[]}"
20191221T175357_20191223T102850_0,CORDOBA,2019-12-21,26.614654007116325,"{""type"":""MultiPoint"",""coordinates"":[]}"
20191221T175357_20191223T102850_1,CENTENARIO,2019-12-21,20.904128865553012,"{""type"":""MultiPoint"",""coordinates"":[]}"
20191221T175357_20191223T102850_2,LA_BOCA,2019-12-21,27.344348992001922,"{""type"":""MultiPoint"",""coordinates"":[]}"
20191222T173455_20191224T095921_0,CORDOBA,2019-12-22,40.031434472252386,"{""type"":""MultiPoint"",""coordinates"":[]}"
20191222T173455_20191224T095921_1,CENTENARIO,2019-12-22,37.80852847807995,"{""type"":""MultiPoint"",""coordinates"":[]}"
20191222T173455_20191224T095921_2,LA_BOCA,2019-12-22,39.254974303410485,"{""type"":""MultiPoint"",""coordinates"":[]}"
20191223T171554_20191225T094401_0,CORDOBA,2019-12-23,123.57307110259018,"{""type"":""MultiPoint"",""coordinates"":[]}"
20191223T171554_20191225T094401_1,CENTENARIO,2019-12-23,138.94841029138095,"{""type"":""MultiPoint"",""coordinates"":[]}"
20191223T171554_20191225T094401_2,LA_BOCA,2019-12-23,180.03071879752193,"{""type"":""MultiPoint"",""coordinates"":[]}"
20191224T165652_20191226T093105_0,CORDOBA,2019-12-24,59.885706111693175,"{""type"":""MultiPoint"",""coordinates"":[]}"
20191224T165652_20191226T093105_1,CENTENARIO,2019-12-24,54.733545786684466,"{""type"":""MultiPoint"",""coordinates"":[]}"
20191224T165652_20191226T093105_2,LA_BOCA,2019-12-24,68.03502501151185,"{""type"":""MultiPoint"",""coordinates"":[]}"
20191226T180020_20191228T110334_2,LA_BOCA,2019-12-26,58.964633353753015,"{""type"":""MultiPoint"",""coordinates"":[]}"
20191227T155949_20191229T084505_0,CORDOBA,2019-12-27,44.14370499575698,"{""type"":""MultiPoint"",""coordinates"":[]}"
20191227T155949_20191229T084505_2,LA_BOCA,2019-12-27,51.03911885194425,"{""type"":""MultiPoint"",""coordinates"":[]}"
20191227T174119_20191229T102227_0,CORDOBA,2019-12-27,60.73328663943849,"{""type"":""MultiPoint"",""coordinates"":[]}"
20191227T174119_20191229T102227_1,CENTENARIO,2019-12-27,90.82805242839625,"{""type"":""MultiPoint"",""coordinates"":[]}"
20191227T174119_20191229T102227_2,LA_BOCA,2019-12-27,72.13804179618992,"{""type"":""MultiPoint"",""coordinates"":[]}"
20191229T170318_20191231T092243_0,CORDOBA,2019-12-29,111.49138264033627,"{""type"":""MultiPoint"",""coordinates"":[]}"
20191229T170318_20191231T092243_1,CENTENARIO,2019-12-29,175.44090512354467,"{""type"":""MultiPoint"",""coordinates"":[]}"
20191229T170318_20191231T092243_2,LA_BOCA,2019-12-29,122.51167455857872,"{""type"":""MultiPoint"",""coordinates"":[]}"
20200102T172846_20200104T102857_0,CORDOBA,2020-01-02,35.83532784857613,"{""type"":""MultiPoint"",""coordinates"":[]}"
20200102T172846_20200104T102857_1,CENTENARIO,2020-01-02,40.81406345704584,"{""type"":""MultiPoint"",""coordinates"":[]}"
20200102T172846_20200104T102857_2,LA_BOCA,2020-01-02,26.190902899454652,"{""type"":""MultiPoint"",""coordinates"":[]}"
20200103T170946_20200105T100506_0,CORDOBA,2020-01-03,72.55551362963635,"{""type"":""MultiPoint"",""coordinates"":[]}"
20200103T170946_20200105T100506_1,CENTENARIO,2020-01-03,97.10265524437973,"{""type"":""MultiPoint"",""coordinates"":[]}"
20200103T170946_20200105T100506_2,LA_BOCA,2020-01-03,53.236549865944866,"{""type"":""MultiPoint"",""coordinates"":[]}"
20200104T165046_20200106T100415_0,CORDOBA,2020-01-04,55.72116607213579,"{""type"":""MultiPoint"",""coordinates"":[]}"
20200104T165046_20200106T100415_1,CENTENARIO,2020-01-04,72.18460162653807,"{""type"":""MultiPoint"",""coordinates"":[]}"
20200104T165046_20200106T100415_2,LA_BOCA,2020-01-04,33.08835297254042,"{""type"":""MultiPoint"",""coordinates"":[]}"
20200106T175417_20200108T110759_0,CORDOBA,2020-01-06,52.007267155307616,"{""type"":""MultiPoint"",""coordinates"":[]}"
20200106T175417_20200108T110759_1,CENTENARIO,2020-01-06,44.63951521566682,"{""type"":""MultiPoint"",""coordinates"":[]}"
20200106T175417_20200108T110759_2,LA_BOCA,2020-01-06,49.959176655062784,"{""type"":""MultiPoint"",""coordinates"":[]}"
20200107T173517_20200109T103930_0,CORDOBA,2020-01-07,74.13506073329594,"{""type"":""MultiPoint"",""coordinates"":[]}"
20200107T173517_20200109T103930_1,CENTENARIO,2020-01-07,61.009386897697304,"{""type"":""MultiPoint"",""coordinates"":[]}"
20200107T173517_20200109T103930_2,LA_BOCA,2020-01-07,80.66204365111908,"{""type"":""MultiPoint"",""coordinates"":[]}"
20200109T165718_20200111T100153_0,CORDOBA,2020-01-09,204.18588099373127,"{""type"":""MultiPoint"",""coordinates"":[]}"
20200109T165718_20200111T100153_1,CENTENARIO,2020-01-09,190.66109004486063,"{""type"":""MultiPoint"",""coordinates"":[]}"
20200109T165718_20200111T100153_2,LA_BOCA,2020-01-09,138.87120016207768,"{""type"":""MultiPoint"",""coordinates"":[]}"
20200111T161920_20200114T194936_0,CORDOBA,2020-01-11,125.61739638486964,"{""type"":""MultiPoint"",""coordinates"":[]}"
20200111T161920_20200114T194936_1,CENTENARIO,2020-01-11,148.24365453433703,"{""type"":""MultiPoint"",""coordinates"":[]}"
20200111T161920_20200114T194936_2,LA_BOCA,2020-01-11,102.86467940041712,"{""type"":""MultiPoint"",""coordinates"":[]}"
20200111T180050_20200114T194400_0,CORDOBA,2020-01-11,82.26204210834905,"{""type"":""MultiPoint"",""coordinates"":[]}"
20200111T180050_20200114T194400_1,CENTENARIO,2020-01-11,86.27080813653814,"{""type"":""MultiPoint"",""coordinates"":[]}"
20200111T180050_20200114T194400_2,LA_BOCA,2020-01-11,99.96424808295004,"{""type"":""MultiPoint"",""coordinates"":[]}"
20200112T174151_20200116T012412_0,CORDOBA,2020-01-12,45.34916920246831,"{""type"":""MultiPoint"",""coordinates"":[]}"
20200112T174151_20200116T012412_1,CENTENARIO,2020-01-12,95.96150884091936,"{""type"":""MultiPoint"",""coordinates"":[]}"
20200112T174151_20200116T012412_2,LA_BOCA,2020-01-12,51.03212319607966,"{""type"":""MultiPoint"",""coordinates"":[]}"
20200113T172253_20200117T050523_0,CORDOBA,2020-01-13,52.301393542654715,"{""type"":""MultiPoint"",""coordinates"":[]}"
20200113T172253_20200117T050523_1,CENTENARIO,2020-01-13,56.84872791198136,"{""type"":""MultiPoint"",""coordinates"":[]}"
20200113T172253_20200117T050523_2,LA_BOCA,2020-01-13,40.845859898721535,"{""type"":""MultiPoint"",""coordinates"":[]}"
20200114T170354_20200118T041654_0,CORDOBA,2020-01-14,97.6579504963495,"{""type"":""MultiPoint"",""coordinates"":[]}"
20200114T170354_20200118T041654_1,CENTENARIO,2020-01-14,71.88778366756061,"{""type"":""MultiPoint"",""coordinates"":[]}"
20200114T170354_20200118T041654_2,LA_BOCA,2020-01-14,72.15480982557229,"{""type"":""MultiPoint"",""coordinates"":[]}"
20200116T162557_20200120T062523_0,CORDOBA,2020-01-16,142.41056385682091,"{""type"":""MultiPoint"",""coordinates"":[]}"
20200116T162557_20200120T062523_1,CENTENARIO,2020-01-16,152.1374588074877,"{""type"":""MultiPoint"",""coordinates"":[]}"
20200116T162557_20200120T062523_2,LA_BOCA,2020-01-16,180.40306614210172,"{""type"":""MultiPoint"",""coordinates"":[]}"
20200117T160658_20200121T082031_0,CORDOBA,2020-01-17,50.164434620998485,"{""type"":""MultiPoint"",""coordinates"":[]}"
20200117T160658_20200121T082031_1,CENTENARIO,2020-01-17,62.60767633729903,"{""type"":""MultiPoint"",""coordinates"":[]}"
20200117T160658_20200121T082031_2,LA_BOCA,2020-01-17,43.557686856441144,"{""type"":""MultiPoint"",""coordinates"":[]}"
20200117T174829_20200121T105945_0,CORDOBA,2020-01-17,68.16347803369011,"{""type"":""MultiPoint"",""coordinates"":[]}"
20200117T174829_20200121T105945_1,CENTENARIO,2020-01-17,67.31288417337372,"{""type"":""MultiPoint"",""coordinates"":[]}"
20200117T174829_20200121T105945_2,LA_BOCA,2020-01-17,77.96426270720654,"{""type"":""MultiPoint"",""coordinates"":[]}"
20200118T172930_20200122T143617_0,CORDOBA,2020-01-18,51.04236382569463,"{""type"":""MultiPoint"",""coordinates"":[]}"
20200118T172930_20200122T143617_1,CENTENARIO,2020-01-18,50.10036722589013,"{""type"":""MultiPoint"",""coordinates"":[]}"
20200118T172930_20200122T143617_2,LA_BOCA,2020-01-18,60.7203303672404,"{""type"":""MultiPoint"",""coordinates"":[]}"
20200119T171032_20200124T144811_0,CORDOBA,2020-01-19,62.97305432473159,"{""type"":""MultiPoint"",""coordinates"":[]}"
20200119T171032_20200124T144811_1,CENTENARIO,2020-01-19,49.673394510808635,"{""type"":""MultiPoint"",""coordinates"":[]}"
20200119T171032_20200124T144811_2,LA_BOCA,2020-01-19,60.59585513897567,"{""type"":""MultiPoint"",""coordinates"":[]}"
20200120T165134_20200125T035704_0,CORDOBA,2020-01-20,61.901805755573506,"{""type"":""MultiPoint"",""coordinates"":[]}"
20200120T165134_20200125T035704_1,CENTENARIO,2020-01-20,94.11681309075504,"{""type"":""MultiPoint"",""coordinates"":[]}"
20200120T165134_20200125T035704_2,LA_BOCA,2020-01-20,65.17760399374689,"{""type"":""MultiPoint"",""coordinates"":[]}"
20200122T161338_20200126T120302_0,CORDOBA,2020-01-22,53.247002135226225,"{""type"":""MultiPoint"",""coordinates"":[]}"
20200122T161338_20200126T120302_1,CENTENARIO,2020-01-22,56.81411247168891,"{""type"":""MultiPoint"",""coordinates"":[]}"
20200122T161338_20200126T120302_2,LA_BOCA,2020-01-22,38.28881124695402,"{""type"":""MultiPoint"",""coordinates"":[]}"
20200122T175509_20200126T122503_0,CORDOBA,2020-01-22,60.179147779648794,"{""type"":""MultiPoint"",""coordinates"":[]}"
20200122T175509_20200126T122503_1,CENTENARIO,2020-01-22,64.555221558648,"{""type"":""MultiPoint"",""coordinates"":[]}"
20200122T175509_20200126T122503_2,LA_BOCA,2020-01-22,39.85918178704774,"{""type"":""MultiPoint"",""coordinates"":[]}"
20200123T173611_20200127T120408_0,CORDOBA,2020-01-23,69.64036928783455,"{""type"":""MultiPoint"",""coordinates"":[]}"
20200123T173611_20200127T120408_1,CENTENARIO,2020-01-23,53.873418739633216,"{""type"":""MultiPoint"",""coordinates"":[]}"
20200123T173611_20200127T120408_2,LA_BOCA,2020-01-23,67.95677824122333,"{""type"":""MultiPoint"",""coordinates"":[]}"
20200124T171713_20200128T114929_0,CORDOBA,2020-01-24,90.12915678823607,"{""type"":""MultiPoint"",""coordinates"":[]}"
20200124T171713_20200128T114929_1,CENTENARIO,2020-01-24,88.70438771286304,"{""type"":""MultiPoint"",""coordinates"":[]}"
20200124T171713_20200128T114929_2,LA_BOCA,2020-01-24,126.29882283830628,"{""type"":""MultiPoint"",""coordinates"":[]}"
20200125T165816_20200128T214029_0,CORDOBA,2020-01-25,114.10654504367436,"{""type"":""MultiPoint"",""coordinates"":[]}"
20200125T165816_20200128T214029_1,CENTENARIO,2020-01-25,76.79381992686858,"{""type"":""MultiPoint"",""coordinates"":[]}"
20200125T165816_20200128T214029_2,LA_BOCA,2020-01-25,91.84312029026754,"{""type"":""MultiPoint"",""coordinates"":[]}"
20200126T163918_20200129T225228_0,CORDOBA,2020-01-26,91.24230151283977,"{""type"":""MultiPoint"",""coordinates"":[]}"
20200126T163918_20200129T225228_1,CENTENARIO,2020-01-26,91.81341010844335,"{""type"":""MultiPoint"",""coordinates"":[]}"
20200126T163918_20200129T225228_2,LA_BOCA,2020-01-26,63.286581280335874,"{""type"":""MultiPoint"",""coordinates"":[]}"
20200127T162021_20200130T204956_0,CORDOBA,2020-01-27,40.099847816078515,"{""type"":""MultiPoint"",""coordinates"":[]}"
20200127T162021_20200130T204956_1,CENTENARIO,2020-01-27,98.17872429438735,"{""type"":""MultiPoint"",""coordinates"":[]}"
20200127T162021_20200130T204956_2,LA_BOCA,2020-01-27,50.85014821160356,"{""type"":""MultiPoint"",""coordinates"":[]}"
20200127T180151_20200130T233327_0,CORDOBA,2020-01-27,69.36781809242255,"{""type"":""MultiPoint"",""coordinates"":[]}"
20200127T180151_20200130T233327_1,CENTENARIO,2020-01-27,114.6522838017307,"{""type"":""MultiPoint"",""coordinates"":[]}"
20200127T180151_20200130T233327_2,LA_BOCA,2020-01-27,46.43051185046672,"{""type"":""MultiPoint"",""coordinates"":[]}"
20200128T160124_20200131T205546_0,CORDOBA,2020-01-28,25.27576772494774,"{""type"":""MultiPoint"",""coordinates"":[]}"
20200128T160124_20200131T205546_1,CENTENARIO,2020-01-28,25.002853126611534,"{""type"":""MultiPoint"",""coordinates"":[]}"
20200128T160124_20200131T205546_2,LA_BOCA,2020-01-28,48.07615386435611,"{""type"":""MultiPoint"",""coordinates"":[]}"
20200128T174254_20200131T224235_0,CORDOBA,2020-01-28,60.344446259513745,"{""type"":""MultiPoint"",""coordinates"":[]}"
20200128T174254_20200131T224235_1,CENTENARIO,2020-01-28,59.91627094283403,"{""type"":""MultiPoint"",""coordinates"":[]}"
20200128T174254_20200131T224235_2,LA_BOCA,2020-01-28,69.25886942406399,"{""type"":""MultiPoint"",""coordinates"":[]}"
20200130T170500_20200203T094539_0,CORDOBA,2020-01-30,84.56734918869437,"{""type"":""MultiPoint"",""coordinates"":[]}"
20200130T170500_20200203T094539_1,CENTENARIO,2020-01-30,84.35542530567108,"{""type"":""MultiPoint"",""coordinates"":[]}"
20200130T170500_20200203T094539_2,LA_BOCA,2020-01-30,76.76489442741212,"{""type"":""MultiPoint"",""coordinates"":[]}"
20200131T164603_20200203T225935_0,CORDOBA,2020-01-31,165.02322913640023,"{""type"":""MultiPoint"",""coordinates"":[]}"
20200131T164603_20200203T225935_1,CENTENARIO,2020-01-31,174.63344915859273,"{""type"":""MultiPoint"",""coordinates"":[]}"
20200131T164603_20200203T225935_2,LA_BOCA,2020-01-31,185.20536685173764,"{""type"":""MultiPoint"",""coordinates"":[]}"
20200201T162706_20200204T210232_0,CORDOBA,2020-02-01,46.2957548504798,"{""type"":""MultiPoint"",""coordinates"":[]}"
20200201T162706_20200204T210232_1,CENTENARIO,2020-02-01,42.34346312878846,"{""type"":""MultiPoint"",""coordinates"":[]}"
20200201T162706_20200204T210232_2,LA_BOCA,2020-02-01,60.21632963571914,"{""type"":""MultiPoint"",""coordinates"":[]}"
20200202T160810_20200205T203959_0,CORDOBA,2020-02-02,45.047790406958455,"{""type"":""MultiPoint"",""coordinates"":[]}"
20200202T160810_20200205T203959_1,CENTENARIO,2020-02-02,45.18945652326541,"{""type"":""MultiPoint"",""coordinates"":[]}"
20200202T160810_20200205T203959_2,LA_BOCA,2020-02-02,46.56918012408883,"{""type"":""MultiPoint"",""coordinates"":[]}"
20200202T174940_20200205T230238_0,CORDOBA,2020-02-02,55.82235098228247,"{""type"":""MultiPoint"",""coordinates"":[]}"
20200202T174940_20200205T230238_1,CENTENARIO,2020-02-02,55.57657936015763,"{""type"":""MultiPoint"",""coordinates"":[]}"
20200202T174940_20200205T230238_2,LA_BOCA,2020-02-02,60.65349817792466,"{""type"":""MultiPoint"",""coordinates"":[]}"
20200203T173043_20200206T222536_0,CORDOBA,2020-02-03,71.84252205345395,"{""type"":""MultiPoint"",""coordinates"":[]}"
20200203T173043_20200206T222536_1,CENTENARIO,2020-02-03,50.86166523717337,"{""type"":""MultiPoint"",""coordinates"":[]}"
20200203T173043_20200206T222536_2,LA_BOCA,2020-02-03,78.88091405063602,"{""type"":""MultiPoint"",""coordinates"":[]}"
20200204T171147_20200207T215543_0,CORDOBA,2020-02-04,104.73692650297887,"{""type"":""MultiPoint"",""coordinates"":[]}"
20200204T171147_20200207T215543_1,CENTENARIO,2020-02-04,76.94490006765497,"{""type"":""MultiPoint"",""coordinates"":[]}"
20200204T171147_20200207T215543_2,LA_BOCA,2020-02-04,96.360064024083,"{""type"":""MultiPoint"",""coordinates"":[]}"
20200208T173731_20200211T223643_0,CORDOBA,2020-02-08,61.70020390576988,"{""type"":""MultiPoint"",""coordinates"":[]}"
20200208T173731_20200211T223643_1,CENTENARIO,2020-02-08,67.40397229559387,"{""type"":""MultiPoint"",""coordinates"":[]}"
20200208T173731_20200211T223643_2,LA_BOCA,2020-02-08,60.379866674360095,"{""type"":""MultiPoint"",""coordinates"":[]}"
20200209T171835_20200212T222951_0,CORDOBA,2020-02-09,61.075293650736256,"{""type"":""MultiPoint"",""coordinates"":[]}"
20200209T171835_20200212T222951_1,CENTENARIO,2020-02-09,53.1512765176025,"{""type"":""MultiPoint"",""coordinates"":[]}"
20200209T171835_20200212T222951_2,LA_BOCA,2020-02-09,37.58813323312525,"{""type"":""MultiPoint"",""coordinates"":[]}"
20200210T165939_20200213T220115_0,CORDOBA,2020-02-10,76.7767335265842,"{""type"":""MultiPoint"",""coordinates"":[]}"
20200210T165939_20200213T220115_1,CENTENARIO,2020-02-10,108.81297359501505,"{""type"":""MultiPoint"",""coordinates"":[]}"
20200210T165939_20200213T220115_2,LA_BOCA,2020-02-10,60.06853283521931,"{""type"":""MultiPoint"",""coordinates"":[]}"
20200211T164043_20200214T214957_0,CORDOBA,2020-02-11,48.07370783361125,"{""type"":""MultiPoint"",""coordinates"":[]}"
20200211T164043_20200214T214957_1,CENTENARIO,2020-02-11,74.57979428265996,"{""type"":""MultiPoint"",""coordinates"":[]}"
20200211T164043_20200214T214957_2,LA_BOCA,2020-02-11,47.94469320065703,"{""type"":""MultiPoint"",""coordinates"":[]}"
20200212T162147_20200215T212338_0,CORDOBA,2020-02-12,37.30447006717582,"{""type"":""MultiPoint"",""coordinates"":[]}"
20200212T162147_20200215T212338_1,CENTENARIO,2020-02-12,56.60482782534439,"{""type"":""MultiPoint"",""coordinates"":[]}"
20200212T162147_20200215T212338_2,LA_BOCA,2020-02-12,39.46897936041957,"{""type"":""MultiPoint"",""coordinates"":[]}"
20200212T180317_20200215T225357_0,CORDOBA,2020-02-12,33.455601511788736,"{""type"":""MultiPoint"",""coordinates"":[]}"
20200212T180317_20200215T225357_1,CENTENARIO,2020-02-12,57.62185468931227,"{""type"":""MultiPoint"",""coordinates"":[]}"
20200212T180317_20200215T225357_2,LA_BOCA,2020-02-12,30.895920902067175,"{""type"":""MultiPoint"",""coordinates"":[]}"
20200213T160251_20200216T204025_0,CORDOBA,2020-02-13,40.73320672419522,"{""type"":""MultiPoint"",""coordinates"":[]}"
20200213T160251_20200216T204025_1,CENTENARIO,2020-02-13,40.81567719164798,"{""type"":""MultiPoint"",""coordinates"":[]}"
20200213T160251_20200216T204025_2,LA_BOCA,2020-02-13,71.58932671040323,"{""type"":""MultiPoint"",""coordinates"":[]}"
20200213T174421_20200216T224402_0,CORDOBA,2020-02-13,82.64904001026214,"{""type"":""MultiPoint"",""coordinates"":[]}"
20200213T174421_20200216T224402_1,CENTENARIO,2020-02-13,82.50516771188624,"{""type"":""MultiPoint"",""coordinates"":[]}"
20200213T174421_20200216T224402_2,LA_BOCA,2020-02-13,83.7394369596907,"{""type"":""MultiPoint"",""coordinates"":[]}"
20200214T172526_20200217T223044_0,CORDOBA,2020-02-14,177.91524280643847,"{""type"":""MultiPoint"",""coordinates"":[]}"
20200214T172526_20200217T223044_1,CENTENARIO,2020-02-14,134.7648073261303,"{""type"":""MultiPoint"",""coordinates"":[]}"
20200214T172526_20200217T223044_2,LA_BOCA,2020-02-14,156.04431069284368,"{""type"":""MultiPoint"",""coordinates"":[]}"
20200215T170630_20200218T215019_0,CORDOBA,2020-02-15,93.17726784522345,"{""type"":""MultiPoint"",""coordinates"":[]}"
20200215T170630_20200218T215019_1,CENTENARIO,2020-02-15,78.85159424786781,"{""type"":""MultiPoint"",""coordinates"":[]}"
20200215T170630_20200218T215019_2,LA_BOCA,2020-02-15,100.47726659534275,"{""type"":""MultiPoint"",""coordinates"":[]}"
20200218T160943_20200221T210301_0,CORDOBA,2020-02-18,55.79049321123401,"{""type"":""MultiPoint"",""coordinates"":[]}"
20200218T160943_20200221T210301_1,CENTENARIO,2020-02-18,55.738393306239296,"{""type"":""MultiPoint"",""coordinates"":[]}"
20200218T160943_20200221T210301_2,LA_BOCA,2020-02-18,59.00577057262672,"{""type"":""MultiPoint"",""coordinates"":[]}"
20200218T175113_20200221T224710_0,CORDOBA,2020-02-18,66.17426022849446,"{""type"":""MultiPoint"",""coordinates"":[]}"
20200218T175113_20200221T224710_1,CENTENARIO,2020-02-18,66.24430815046458,"{""type"":""MultiPoint"",""coordinates"":[]}"
20200218T175113_20200221T224710_2,LA_BOCA,2020-02-18,62.71412114554711,"{""type"":""MultiPoint"",""coordinates"":[]}"
20200219T173218_20200222T223145_0,CORDOBA,2020-02-19,103.21099657940566,"{""type"":""MultiPoint"",""coordinates"":[]}"
20200219T173218_20200222T223145_1,CENTENARIO,2020-02-19,88.2236389159144,"{""type"":""MultiPoint"",""coordinates"":[]}"
20200219T173218_20200222T223145_2,LA_BOCA,2020-02-19,109.52776953261865,"{""type"":""MultiPoint"",""coordinates"":[]}"
20200220T171322_20200223T215621_0,CORDOBA,2020-02-20,58.45650064860477,"{""type"":""MultiPoint"",""coordinates"":[]}"
20200220T171322_20200223T215621_1,CENTENARIO,2020-02-20,39.340038767688306,"{""type"":""MultiPoint"",""coordinates"":[]}"
20200221T165427_20200224T220939_0,CORDOBA,2020-02-21,50.10059887603774,"{""type"":""MultiPoint"",""coordinates"":[]}"
20200221T165427_20200224T220939_1,CENTENARIO,2020-02-21,42.30109980533755,"{""type"":""MultiPoint"",""coordinates"":[]}"
20200221T165427_20200224T220939_2,LA_BOCA,2020-02-21,49.50614220595072,"{""type"":""MultiPoint"",""coordinates"":[]}"
20200222T163531_20200225T214038_0,CORDOBA,2020-02-22,158.22173727140773,"{""type"":""MultiPoint"",""coordinates"":[]}"
20200222T163531_20200225T214038_1,CENTENARIO,2020-02-22,163.92638967872975,"{""type"":""MultiPoint"",""coordinates"":[]}"
20200222T163531_20200225T214038_2,LA_BOCA,2020-02-22,123.96405245585257,"{""type"":""MultiPoint"",""coordinates"":[]}"
20200223T161636_20200226T211154_0,CORDOBA,2020-02-23,35.407646841990854,"{""type"":""MultiPoint"",""coordinates"":[]}"
20200223T161636_20200226T211154_1,CENTENARIO,2020-02-23,48.05704572858916,"{""type"":""MultiPoint"",""coordinates"":[]}"
20200223T161636_20200226T211154_2,LA_BOCA,2020-02-23,22.705456626637147,"{""type"":""MultiPoint"",""coordinates"":[]}"
20200223T175806_20200226T230926_1,CENTENARIO,2020-02-23,35.70833723642863,"{""type"":""MultiPoint"",""coordinates"":[]}"
20200224T173911_20200227T224940_0,CORDOBA,2020-02-24,39.03341042307422,"{""type"":""MultiPoint"",""coordinates"":[]}"
20200224T173911_20200227T224940_1,CENTENARIO,2020-02-24,36.23886862304199,"{""type"":""MultiPoint"",""coordinates"":[]}"
20200224T173911_20200227T224940_2,LA_BOCA,2020-02-24,46.71304376001807,"{""type"":""MultiPoint"",""coordinates"":[]}"
20200225T172016_20200228T223257_0,CORDOBA,2020-02-25,141.01872409265536,"{""type"":""MultiPoint"",""coordinates"":[]}"
20200225T172016_20200228T223257_1,CENTENARIO,2020-02-25,100.42905202484785,"{""type"":""MultiPoint"",""coordinates"":[]}"
20200225T172016_20200228T223257_2,LA_BOCA,2020-02-25,125.40761599883197,"{""type"":""MultiPoint"",""coordinates"":[]}"
20200226T170120_20200229T214905_0,CORDOBA,2020-02-26,234.09679886213667,"{""type"":""MultiPoint"",""coordinates"":[]}"
20200226T170120_20200229T214905_1,CENTENARIO,2020-02-26,258.10563238337636,"{""type"":""MultiPoint"",""coordinates"":[]}"
20200226T170120_20200229T214905_2,LA_BOCA,2020-02-26,173.0540818816473,"{""type"":""MultiPoint"",""coordinates"":[]}"
20200227T164225_20200301T213100_0,CORDOBA,2020-02-27,69.16713273230864,"{""type"":""MultiPoint"",""coordinates"":[]}"
20200227T164225_20200301T213100_1,CENTENARIO,2020-02-27,101.96940600990732,"{""type"":""MultiPoint"",""coordinates"":[]}"
20200227T164225_20200301T213100_2,LA_BOCA,2020-02-27,118.74013529681447,"{""type"":""MultiPoint"",""coordinates"":[]}"
20200228T162330_20200302T212224_0,CORDOBA,2020-02-28,346.7947626331429,"{""type"":""MultiPoint"",""coordinates"":[]}"
20200228T162330_20200302T212224_1,CENTENARIO,2020-02-28,331.2959956268827,"{""type"":""MultiPoint"",""coordinates"":[]}"
20200228T162330_20200302T212224_2,LA_BOCA,2020-02-28,387.79016932960883,"{""type"":""MultiPoint"",""coordinates"":[]}"
20200228T180500_20200302T232420_0,CORDOBA,2020-02-28,171.71790467522337,"{""type"":""MultiPoint"",""coordinates"":[]}"
20200228T180500_20200302T232420_1,CENTENARIO,2020-02-28,196.86643727270203,"{""type"":""MultiPoint"",""coordinates"":[]}"
20200228T180500_20200302T232420_2,LA_BOCA,2020-02-28,185.61273531184355,"{""type"":""MultiPoint"",""coordinates"":[]}"
20200229T160435_20200303T204615_0,CORDOBA,2020-02-29,59.3266271763612,"{""type"":""MultiPoint"",""coordinates"":[]}"
20200229T160435_20200303T204615_1,CENTENARIO,2020-02-29,59.25608947688811,"{""type"":""MultiPoint"",""coordinates"":[]}"
20200229T160435_20200303T204615_2,LA_BOCA,2020-02-29,76.03147802611582,"{""type"":""MultiPoint"",""coordinates"":[]}"
20200229T174605_20200303T230218_0,CORDOBA,2020-02-29,96.75782348494977,"{""type"":""MultiPoint"",""coordinates"":[]}"
20200229T174605_20200303T230218_1,CENTENARIO,2020-02-29,96.8021146549721,"{""type"":""MultiPoint"",""coordinates"":[]}"
20200229T174605_20200303T230218_2,LA_BOCA,2020-02-29,115.57996427551575,"{""type"":""MultiPoint"",""coordinates"":[]}"
20200301T172710_20200304T222514_0,CORDOBA,2020-03-01,74.34048172036171,"{""type"":""MultiPoint"",""coordinates"":[]}"
20200301T172710_20200304T222514_1,CENTENARIO,2020-03-01,66.38144410559427,"{""type"":""MultiPoint"",""coordinates"":[]}"
20200301T172710_20200304T222514_2,LA_BOCA,2020-03-01,101.95678099641806,"{""type"":""MultiPoint"",""coordinates"":[]}"
20200302T170815_20200305T221159_0,CORDOBA,2020-03-02,138.32485461604162,"{""type"":""MultiPoint"",""coordinates"":[]}"
20200302T170815_20200305T221159_1,CENTENARIO,2020-03-02,97.57634467808626,"{""type"":""MultiPoint"",""coordinates"":[]}"
20200302T170815_20200305T221159_2,LA_BOCA,2020-03-02,153.47539567219715,"{""type"":""MultiPoint"",""coordinates"":[]}"
20200303T164920_20200306T213848_0,CORDOBA,2020-03-03,140.82977056296278,"{""type"":""MultiPoint"",""coordinates"":[]}"
20200303T164920_20200306T213848_1,CENTENARIO,2020-03-03,128.22756269141735,"{""type"":""MultiPoint"",""coordinates"":[]}"
20200303T164920_20200306T213848_2,LA_BOCA,2020-03-03,91.66797697788422,"{""type"":""MultiPoint"",""coordinates"":[]}"
20200304T163025_20200307T213404_0,CORDOBA,2020-03-04,93.12986634161113,"{""type"":""MultiPoint"",""coordinates"":[]}"
20200304T163025_20200307T213404_1,CENTENARIO,2020-03-04,122.93341123542838,"{""type"":""MultiPoint"",""coordinates"":[]}"
20200304T163025_20200307T213404_2,LA_BOCA,2020-03-04,101.86697328775126,"{""type"":""MultiPoint"",""coordinates"":[]}"
20200305T161130_20200308T210313_0,CORDOBA,2020-03-05,48.69114639547721,"{""type"":""MultiPoint"",""coordinates"":[]}"
20200305T161130_20200308T210313_1,CENTENARIO,2020-03-05,50.533318723940134,"{""type"":""MultiPoint"",""coordinates"":[]}"
20200305T161130_20200308T210313_2,LA_BOCA,2020-03-05,38.12937711587319,"{""type"":""MultiPoint"",""coordinates"":[]}"
20200305T175301_20200308T225231_0,CORDOBA,2020-03-05,107.06466168456292,"{""type"":""MultiPoint"",""coordinates"":[]}"
20200305T175301_20200308T225231_1,CENTENARIO,2020-03-05,108.41662462139213,"{""type"":""MultiPoint"",""coordinates"":[]}"
20200305T175301_20200308T225231_2,LA_BOCA,2020-03-05,88.39993529848506,"{""type"":""MultiPoint"",""coordinates"":[]}"
20200306T173406_20200309T222816_1,CENTENARIO,2020-03-06,92.07525245208937,"{""type"":""MultiPoint"",""coordinates"":[]}"
20200307T171511_20200312T101729_0,CORDOBA,2020-03-07,69.13258625298536,"{""type"":""MultiPoint"",""coordinates"":[]}"
20200307T171511_20200312T101729_1,CENTENARIO,2020-03-07,44.98069181298999,"{""type"":""MultiPoint"",""coordinates"":[]}"
20200307T171511_20200312T101729_2,LA_BOCA,2020-03-07,70.69650628658916,"{""type"":""MultiPoint"",""coordinates"":[]}"
20200309T163721_20200312T233352_0,CORDOBA,2020-03-09,60.81848914618604,"{""type"":""MultiPoint"",""coordinates"":[]}"
20200310T161826_20200314T134422_0,CORDOBA,2020-03-10,48.45169314648956,"{""type"":""MultiPoint"",""coordinates"":[]}"
20200310T161826_20200314T134422_2,LA_BOCA,2020-03-10,48.45169314648955,"{""type"":""MultiPoint"",""coordinates"":[]}"
20200310T175957_20200313T225222_0,CORDOBA,2020-03-10,36.63487097397494,"{""type"":""MultiPoint"",""coordinates"":[]}"
20200310T175957_20200313T225222_1,CENTENARIO,2020-03-10,36.569623222195354,"{""type"":""MultiPoint"",""coordinates"":[]}"
20200310T175957_20200313T225222_2,LA_BOCA,2020-03-10,33.98422473422509,"{""type"":""MultiPoint"",""coordinates"":[]}"
20200312T172207_20200315T221452_0,CORDOBA,2020-03-12,422.4620382155834,"{""type"":""MultiPoint"",""coordinates"":[]}"
20200312T172207_20200315T221452_1,CENTENARIO,2020-03-12,443.8530519268062,"{""type"":""MultiPoint"",""coordinates"":[]}"
20200312T172207_20200315T221452_2,LA_BOCA,2020-03-12,481.74474814102433,"{""type"":""MultiPoint"",""coordinates"":[]}"
20200313T170312_20200316T213728_0,CORDOBA,2020-03-13,82.00439724239632,"{""type"":""MultiPoint"",""coordinates"":[]}"
20200313T170312_20200316T213728_1,CENTENARIO,2020-03-13,103.46126258730004,"{""type"":""MultiPoint"",""coordinates"":[]}"
20200313T170312_20200316T213728_2,LA_BOCA,2020-03-13,64.41125723113379,"{""type"":""MultiPoint"",""coordinates"":[]}"
20200315T180653_20200318T225827_0,CORDOBA,2020-03-15,34.372558454157286,"{""type"":""MultiPoint"",""coordinates"":[]}"
20200315T180653_20200318T225827_1,CENTENARIO,2020-03-15,37.87821333389729,"{""type"":""MultiPoint"",""coordinates"":[]}"
20200315T180653_20200318T225827_2,LA_BOCA,2020-03-15,34.16475374251604,"{""type"":""MultiPoint"",""coordinates"":[]}"
20200316T160628_20200319T145932_0,CORDOBA,2020-03-16,23.576969867181237,"{""type"":""MultiPoint"",""coordinates"":[]}"
20200316T160628_20200319T145932_1,CENTENARIO,2020-03-16,22.41197959620862,"{""type"":""MultiPoint"",""coordinates"":[]}"
20200316T160628_20200319T145932_2,LA_BOCA,2020-03-16,25.994128200560787,"{""type"":""MultiPoint"",""coordinates"":[]}"
20200316T174758_20200319T151817_0,CORDOBA,2020-03-16,84.77069059154019,"{""type"":""MultiPoint"",""coordinates"":[]}"
20200316T174758_20200319T151817_1,CENTENARIO,2020-03-16,84.65663869466982,"{""type"":""MultiPoint"",""coordinates"":[]}"
20200316T174758_20200319T151817_2,LA_BOCA,2020-03-16,81.13365215537561,"{""type"":""MultiPoint"",""coordinates"":[]}"
20200318T171009_20200320T114233_0,CORDOBA,2020-03-18,93.437047326006,"{""type"":""MultiPoint"",""coordinates"":[]}"
20200319T165114_20200321T121259_0,CORDOBA,2020-03-19,53.165675717977926,"{""type"":""MultiPoint"",""coordinates"":[]}"
20200319T165114_20200321T121259_1,CENTENARIO,2020-03-19,47.74782768742328,"{""type"":""MultiPoint"",""coordinates"":[]}"
20200319T165114_20200321T121259_2,LA_BOCA,2020-03-19,46.91904820586148,"{""type"":""MultiPoint"",""coordinates"":[]}"
20200320T163219_20200322T085541_0,CORDOBA,2020-03-20,75.60611993540078,"{""type"":""MultiPoint"",""coordinates"":[]}"
20200320T163219_20200322T085541_1,CENTENARIO,2020-03-20,67.52451941429655,"{""type"":""MultiPoint"",""coordinates"":[]}"
20200320T163219_20200322T085541_2,LA_BOCA,2020-03-20,76.22248274438473,"{""type"":""MultiPoint"",""coordinates"":[]}"
20200321T161324_20200323T083719_0,CORDOBA,2020-03-21,26.14159273497181,"{""type"":""MultiPoint"",""coordinates"":[]}"
20200321T161324_20200323T083719_1,CENTENARIO,2020-03-21,25.314156085152824,"{""type"":""MultiPoint"",""coordinates"":[]}"
20200321T161324_20200323T083719_2,LA_BOCA,2020-03-21,32.900054156759396,"{""type"":""MultiPoint"",""coordinates"":[]}"
20200321T175455_20200323T104751_0,CORDOBA,2020-03-21,36.68927753054986,"{""type"":""MultiPoint"",""coordinates"":[]}"
20200321T175455_20200323T104751_1,CENTENARIO,2020-03-21,36.64865928387056,"{""type"":""MultiPoint"",""coordinates"":[]}"
20200321T175455_20200323T104751_2,LA_BOCA,2020-03-21,34.29281692023797,"{""type"":""MultiPoint"",""coordinates"":[]}"
20200322T173600_20200324T101521_0,CORDOBA,2020-03-22,45.866873497355705,"{""type"":""MultiPoint"",""coordinates"":[]}"
20200322T173600_20200324T101521_1,CENTENARIO,2020-03-22,20.73226236733045,"{""type"":""MultiPoint"",""coordinates"":[]}"
20200322T173600_20200324T101521_2,LA_BOCA,2020-03-22,74.13669773375037,"{""type"":""MultiPoint"",""coordinates"":[]}"
20200323T171705_20200325T095121_0,CORDOBA,2020-03-23,31.89698235124001,"{""type"":""MultiPoint"",""coordinates"":[]}"
20200323T171705_20200325T095121_1,CENTENARIO,2020-03-23,34.86626010991946,"{""type"":""MultiPoint"",""coordinates"":[]}"
20200323T171705_20200325T095121_2,LA_BOCA,2020-03-23,48.09978804536952,"{""type"":""MultiPoint"",""coordinates"":[]}"
20200324T165810_20200326T095900_0,CORDOBA,2020-03-24,64.5587201599714,"{""type"":""MultiPoint"",""coordinates"":[]}"
20200324T165810_20200326T095900_1,CENTENARIO,2020-03-24,63.7615119761633,"{""type"":""MultiPoint"",""coordinates"":[]}"
20200324T165810_20200326T095900_2,LA_BOCA,2020-03-24,51.2111375395633,"{""type"":""MultiPoint"",""coordinates"":[]}"
20200326T162020_20200328T085209_0,CORDOBA,2020-03-26,45.26834473711719,"{""type"":""MultiPoint"",""coordinates"":[]}"
20200326T162020_20200328T085209_1,CENTENARIO,2020-03-26,45.04611933953129,"{""type"":""MultiPoint"",""coordinates"":[]}"
20200326T180151_20200328T103625_0,CORDOBA,2020-03-26,32.64963866583347,"{""type"":""MultiPoint"",""coordinates"":[]}"
20200326T180151_20200328T103625_1,CENTENARIO,2020-03-26,32.295560604734476,"{""type"":""MultiPoint"",""coordinates"":[]}"
20200326T180151_20200328T103625_2,LA_BOCA,2020-03-26,47.49666927719777,"{""type"":""MultiPoint"",""coordinates"":[]}"
20200327T174256_20200329T101715_0,CORDOBA,2020-03-27,55.28672524858246,"{""type"":""MultiPoint"",""coordinates"":[]}"
20200327T174256_20200329T101715_1,CENTENARIO,2020-03-27,70.32117642956604,"{""type"":""MultiPoint"",""coordinates"":[]}"
20200327T174256_20200329T101715_2,LA_BOCA,2020-03-27,51.38015380953096,"{""type"":""MultiPoint"",""coordinates"":[]}"
20200328T172401_20200330T100855_0,CORDOBA,2020-03-28,130.30576009863026,"{""type"":""MultiPoint"",""coordinates"":[]}"
20200328T172401_20200330T100855_1,CENTENARIO,2020-03-28,125.23125272731278,"{""type"":""MultiPoint"",""coordinates"":[]}"
20200328T172401_20200330T100855_2,LA_BOCA,2020-03-28,139.07549163392915,"{""type"":""MultiPoint"",""coordinates"":[]}"
20200329T170506_20200331T093257_0,CORDOBA,2020-03-29,71.56408537412062,"{""type"":""MultiPoint"",""coordinates"":[]}"
20200329T170506_20200331T093257_2,LA_BOCA,2020-03-29,71.56408537412062,"{""type"":""MultiPoint"",""coordinates"":[]}"
20200330T164611_20200401T092401_0,CORDOBA,2020-03-30,38.850205617963596,"{""type"":""MultiPoint"",""coordinates"":[]}"
20200330T164611_20200401T092401_1,CENTENARIO,2020-03-30,45.738232481018315,"{""type"":""MultiPoint"",""coordinates"":[]}"
20200330T164611_20200401T092401_2,LA_BOCA,2020-03-30,41.6246694364425,"{""type"":""MultiPoint"",""coordinates"":[]}"
20200401T160821_20200403T083538_0,CORDOBA,2020-04-01,58.76438808627427,"{""type"":""MultiPoint"",""coordinates"":[]}"
20200401T160821_20200403T083538_1,CENTENARIO,2020-04-01,58.76438808627426,"{""type"":""MultiPoint"",""coordinates"":[]}"
20200402T173057_20200414T185151_0,CORDOBA,2020-04-02,23.08480374673171,"{""type"":""MultiPoint"",""coordinates"":[]}"
20200402T173057_20200414T185151_1,CENTENARIO,2020-04-02,9.132206332479123,"{""type"":""MultiPoint"",""coordinates"":[]}"
20200402T173057_20200414T185151_2,LA_BOCA,2020-04-02,25.055441425757277,"{""type"":""MultiPoint"",""coordinates"":[]}"
20200403T171201_20200415T002747_0,CORDOBA,2020-04-03,130.70670504985478,"{""type"":""MultiPoint"",""coordinates"":[]}"
20200403T171201_20200415T002747_1,CENTENARIO,2020-04-03,156.16425576686925,"{""type"":""MultiPoint"",""coordinates"":[]}"
20200403T171201_20200415T002747_2,LA_BOCA,2020-04-03,138.14986382212103,"{""type"":""MultiPoint"",""coordinates"":[]}"
20200404T165306_20200406T095043_0,CORDOBA,2020-04-04,56.144936662082586,"{""type"":""MultiPoint"",""coordinates"":[]}"
20200404T165306_20200406T095043_1,CENTENARIO,2020-04-04,54.80396495273274,"{""type"":""MultiPoint"",""coordinates"":[]}"
20200404T165306_20200406T095043_2,LA_BOCA,2020-04-04,59.27686373911102,"{""type"":""MultiPoint"",""coordinates"":[]}"
20200406T161516_20200408T085416_0,CORDOBA,2020-04-06,36.45146918651669,"{""type"":""MultiPoint"",""coordinates"":[]}"
20200406T161516_20200408T085416_1,CENTENARIO,2020-04-06,33.66104035302234,"{""type"":""MultiPoint"",""coordinates"":[]}"
20200406T161516_20200408T085416_2,LA_BOCA,2020-04-06,22.257895512394658,"{""type"":""MultiPoint"",""coordinates"":[]}"
20200406T175646_20200408T152239_0,CORDOBA,2020-04-06,34.696382499532774,"{""type"":""MultiPoint"",""coordinates"":[]}"
20200406T175646_20200408T152239_1,CENTENARIO,2020-04-06,34.692868966606284,"{""type"":""MultiPoint"",""coordinates"":[]}"
20200406T175646_20200408T152239_2,LA_BOCA,2020-04-06,22.650696435234522,"{""type"":""MultiPoint"",""coordinates"":[]}"
20200407T173751_20200409T101110_0,CORDOBA,2020-04-07,43.396027903766615,"{""type"":""MultiPoint"",""coordinates"":[]}"
20200407T173751_20200409T101110_1,CENTENARIO,2020-04-07,32.41080082003096,"{""type"":""MultiPoint"",""coordinates"":[]}"
20200407T173751_20200409T101110_2,LA_BOCA,2020-04-07,43.48833026601914,"{""type"":""MultiPoint"",""coordinates"":[]}"
20200408T171856_20200410T101428_0,CORDOBA,2020-04-08,110.6830759458731,"{""type"":""MultiPoint"",""coordinates"":[]}"
20200408T171856_20200410T101428_1,CENTENARIO,2020-04-08,106.97879003724601,"{""type"":""MultiPoint"",""coordinates"":[]}"
20200408T171856_20200410T101428_2,LA_BOCA,2020-04-08,97.2588578785441,"{""type"":""MultiPoint"",""coordinates"":[]}"
20200409T170001_20200411T093824_0,CORDOBA,2020-04-09,60.25819713525291,"{""type"":""MultiPoint"",""coordinates"":[]}"
20200409T170001_20200411T093824_1,CENTENARIO,2020-04-09,63.67254335886041,"{""type"":""MultiPoint"",""coordinates"":[]}"
20200409T170001_20200411T093824_2,LA_BOCA,2020-04-09,70.25266278742222,"{""type"":""MultiPoint"",""coordinates"":[]}"
20200410T164105_20200412T091549_0,CORDOBA,2020-04-10,32.78927137406888,"{""type"":""MultiPoint"",""coordinates"":[]}"
20200410T164105_20200412T091549_1,CENTENARIO,2020-04-10,49.9181947568209,"{""type"":""MultiPoint"",""coordinates"":[]}"
20200410T164105_20200412T091549_2,LA_BOCA,2020-04-10,40.489472636182754,"{""type"":""MultiPoint"",""coordinates"":[]}"
20200411T162210_20200413T085850_0,CORDOBA,2020-04-11,24.94559871498402,"{""type"":""MultiPoint"",""coordinates"":[]}"
20200411T162210_20200413T085850_1,CENTENARIO,2020-04-11,25.978425141226687,"{""type"":""MultiPoint"",""coordinates"":[]}"
20200411T162210_20200413T085850_2,LA_BOCA,2020-04-11,25.36701404595158,"{""type"":""MultiPoint"",""coordinates"":[]}"
20200411T180340_20200413T111102_0,CORDOBA,2020-04-11,20.217547821071104,"{""type"":""MultiPoint"",""coordinates"":[]}"
20200411T180340_20200413T111102_1,CENTENARIO,2020-04-11,21.35190532628952,"{""type"":""MultiPoint"",""coordinates"":[]}"
20200411T180340_20200413T111102_2,LA_BOCA,2020-04-11,20.556994224050747,"{""type"":""MultiPoint"",""coordinates"":[]}"
20200412T174445_20200414T104747_0,CORDOBA,2020-04-12,12.04858805635775,"{""type"":""MultiPoint"",""coordinates"":[]}"
20200412T174445_20200414T104747_1,CENTENARIO,2020-04-12,9.21027644472313,"{""type"":""MultiPoint"",""coordinates"":[]}"
20200412T174445_20200414T104747_2,LA_BOCA,2020-04-12,20.5894805500825,"{""type"":""MultiPoint"",""coordinates"":[]}"
20200414T170654_20200416T095348_0,CORDOBA,2020-04-14,30.219725117435377,"{""type"":""MultiPoint"",""coordinates"":[]}"
20200414T170654_20200416T095348_1,CENTENARIO,2020-04-14,20.986768930228518,"{""type"":""MultiPoint"",""coordinates"":[]}"
20200414T170654_20200416T095348_2,LA_BOCA,2020-04-14,30.358368007960742,"{""type"":""MultiPoint"",""coordinates"":[]}"
20200415T164758_20200417T093535_0,CORDOBA,2020-04-15,66.73042435116433,"{""type"":""MultiPoint"",""coordinates"":[]}"
20200415T164758_20200417T093535_1,CENTENARIO,2020-04-15,60.16345732223668,"{""type"":""MultiPoint"",""coordinates"":[]}"
20200415T164758_20200417T093535_2,LA_BOCA,2020-04-15,60.390933279694956,"{""type"":""MultiPoint"",""coordinates"":[]}"
20200416T162902_20200418T091336_0,CORDOBA,2020-04-16,190.2147293364572,"{""type"":""MultiPoint"",""coordinates"":[]}"
20200416T162902_20200418T091336_1,CENTENARIO,2020-04-16,205.72056049272047,"{""type"":""MultiPoint"",""coordinates"":[]}"
20200416T162902_20200418T091336_2,LA_BOCA,2020-04-16,158.74434158934534,"{""type"":""MultiPoint"",""coordinates"":[]}"
20200416T181033_20200418T104934_0,CORDOBA,2020-04-16,278.8448383599866,"{""type"":""MultiPoint"",""coordinates"":[]}"
20200416T181033_20200418T104934_1,CENTENARIO,2020-04-16,277.34622306349513,"{""type"":""MultiPoint"",""coordinates"":[]}"
20200416T181033_20200418T104934_2,LA_BOCA,2020-04-16,280.35999222114515,"{""type"":""MultiPoint"",""coordinates"":[]}"
20200417T161007_20200419T085050_0,CORDOBA,2020-04-17,33.76327801532153,"{""type"":""MultiPoint"",""coordinates"":[]}"
20200417T161007_20200419T085050_1,CENTENARIO,2020-04-17,32.951325004858695,"{""type"":""MultiPoint"",""coordinates"":[]}"
20200417T161007_20200419T085050_2,LA_BOCA,2020-04-17,39.99967270504567,"{""type"":""MultiPoint"",""coordinates"":[]}"
20200417T175137_20200419T104658_0,CORDOBA,2020-04-17,45.47758085719852,"{""type"":""MultiPoint"",""coordinates"":[]}"
20200417T175137_20200419T104658_1,CENTENARIO,2020-04-17,56.191465689630185,"{""type"":""MultiPoint"",""coordinates"":[]}"
20200417T175137_20200419T104658_2,LA_BOCA,2020-04-17,60.106426213145966,"{""type"":""MultiPoint"",""coordinates"":[]}"
20200418T173241_20200420T103400_0,CORDOBA,2020-04-18,35.90008294547522,"{""type"":""MultiPoint"",""coordinates"":[]}"
20200418T173241_20200420T103400_1,CENTENARIO,2020-04-18,38.95911055962939,"{""type"":""MultiPoint"",""coordinates"":[]}"
20200418T173241_20200420T103400_2,LA_BOCA,2020-04-18,40.843329949161024,"{""type"":""MultiPoint"",""coordinates"":[]}"
20200419T171345_20200421T095345_0,CORDOBA,2020-04-19,55.153018490411924,"{""type"":""MultiPoint"",""coordinates"":[]}"
20200419T171345_20200421T095345_1,CENTENARIO,2020-04-19,42.78397311237396,"{""type"":""MultiPoint"",""coordinates"":[]}"
20200419T171345_20200421T095345_2,LA_BOCA,2020-04-19,36.431451876010755,"{""type"":""MultiPoint"",""coordinates"":[]}"
20200420T165449_20200422T093458_0,CORDOBA,2020-04-20,75.09556650119023,"{""type"":""MultiPoint"",""coordinates"":[]}"
20200420T165449_20200422T093458_1,CENTENARIO,2020-04-20,87.4855218194286,"{""type"":""MultiPoint"",""coordinates"":[]}"
20200420T165449_20200422T093458_2,LA_BOCA,2020-04-20,81.9995169847399,"{""type"":""MultiPoint"",""coordinates"":[]}"
20200421T163553_20200423T091910_0,CORDOBA,2020-04-21,30.115145862471852,"{""type"":""MultiPoint"",""coordinates"":[]}"
20200421T163553_20200423T091910_1,CENTENARIO,2020-04-21,54.917387821472204,"{""type"":""MultiPoint"",""coordinates"":[]}"
20200421T163553_20200423T091910_2,LA_BOCA,2020-04-21,30.002833481453507,"{""type"":""MultiPoint"",""coordinates"":[]}"
20200422T161657_20200424T085104_0,CORDOBA,2020-04-22,13.756596391503981,"{""type"":""MultiPoint"",""coordinates"":[]}"
20200422T161657_20200424T085104_1,CENTENARIO,2020-04-22,19.978815442385084,"{""type"":""MultiPoint"",""coordinates"":[]}"
20200422T161657_20200424T085104_2,LA_BOCA,2020-04-22,18.943445647308657,"{""type"":""MultiPoint"",""coordinates"":[]}"
20200422T175828_20200424T105401_0,CORDOBA,2020-04-22,60.82985544294937,"{""type"":""MultiPoint"",""coordinates"":[]}"
20200422T175828_20200424T105401_1,CENTENARIO,2020-04-22,60.80125855080278,"{""type"":""MultiPoint"",""coordinates"":[]}"
20200422T175828_20200424T105401_2,LA_BOCA,2020-04-22,58.6769536327098,"{""type"":""MultiPoint"",""coordinates"":[]}"
20200423T173931_20200425T103722_0,CORDOBA,2020-04-23,74.49787957476103,"{""type"":""MultiPoint"",""coordinates"":[]}"
20200423T173931_20200425T103722_1,CENTENARIO,2020-04-23,101.09731263181475,"{""type"":""MultiPoint"",""coordinates"":[]}"
20200423T173931_20200425T103722_2,LA_BOCA,2020-04-23,83.81095371114937,"{""type"":""MultiPoint"",""coordinates"":[]}"
20200426T164242_20200428T092503_0,CORDOBA,2020-04-26,26.188398567146564,"{""type"":""MultiPoint"",""coordinates"":[]}"
20200426T164242_20200428T092503_1,CENTENARIO,2020-04-26,34.06085614305067,"{""type"":""MultiPoint"",""coordinates"":[]}"
20200426T164242_20200428T092503_2,LA_BOCA,2020-04-26,29.967489520633716,"{""type"":""MultiPoint"",""coordinates"":[]}"
20200429T172723_20200501T100054_0,CORDOBA,2020-04-29,78.1782636543631,"{""type"":""MultiPoint"",""coordinates"":[]}"
20200429T172723_20200501T100054_1,CENTENARIO,2020-04-29,63.43807699703069,"{""type"":""MultiPoint"",""coordinates"":[]}"
20200429T172723_20200501T100054_2,LA_BOCA,2020-04-29,66.59683249739155,"{""type"":""MultiPoint"",""coordinates"":[]}"
20200430T170826_20200502T094446_0,CORDOBA,2020-04-30,154.02956189447102,"{""type"":""MultiPoint"",""coordinates"":[]}"
20200430T170826_20200502T094446_1,CENTENARIO,2020-04-30,127.84515900539311,"{""type"":""MultiPoint"",""coordinates"":[]}"
20200430T170826_20200502T094446_2,LA_BOCA,2020-04-30,127.42194052119166,"{""type"":""MultiPoint"",""coordinates"":[]}"
20200501T164929_20200503T094618_0,CORDOBA,2020-05-01,48.63786017471161,"{""type"":""MultiPoint"",""coordinates"":[]}"
20200501T164929_20200503T094618_1,CENTENARIO,2020-05-01,43.72483315010968,"{""type"":""MultiPoint"",""coordinates"":[]}"
20200501T164929_20200503T094618_2,LA_BOCA,2020-05-01,39.09667944029823,"{""type"":""MultiPoint"",""coordinates"":[]}"
20200502T163033_20200504T093521_0,CORDOBA,2020-05-02,37.040451284890366,"{""type"":""MultiPoint"",""coordinates"":[]}"
20200502T163033_20200504T093521_1,CENTENARIO,2020-05-02,39.116383970373874,"{""type"":""MultiPoint"",""coordinates"":[]}"
20200502T163033_20200504T093521_2,LA_BOCA,2020-05-02,15.966001454851916,"{""type"":""MultiPoint"",""coordinates"":[]}"
20200502T181203_20200504T105538_0,CORDOBA,2020-05-02,68.10911855061444,"{""type"":""MultiPoint"",""coordinates"":[]}"
20200502T181203_20200504T105538_1,CENTENARIO,2020-05-02,69.57509257335049,"{""type"":""MultiPoint"",""coordinates"":[]}"
20200502T181203_20200504T105538_2,LA_BOCA,2020-05-02,59.082908643729965,"{""type"":""MultiPoint"",""coordinates"":[]}"
20200503T161136_20200505T085913_0,CORDOBA,2020-05-03,13.768715079615976,"{""type"":""MultiPoint"",""coordinates"":[]}"
20200503T161136_20200505T085913_1,CENTENARIO,2020-05-03,13.407386713848906,"{""type"":""MultiPoint"",""coordinates"":[]}"
20200503T161136_20200505T085913_2,LA_BOCA,2020-05-03,39.03106292747929,"{""type"":""MultiPoint"",""coordinates"":[]}"
20200506T165614_20200508T095709_2,LA_BOCA,2020-05-06,39.6950455086836,"{""type"":""MultiPoint"",""coordinates"":[]}"
20200507T163717_20200509T092459_0,CORDOBA,2020-05-07,115.75706190303212,"{""type"":""MultiPoint"",""coordinates"":[]}"
20200507T163717_20200509T092459_1,CENTENARIO,2020-05-07,111.7927659725013,"{""type"":""MultiPoint"",""coordinates"":[]}"
20200507T163717_20200509T092459_2,LA_BOCA,2020-05-07,153.0334429718974,"{""type"":""MultiPoint"",""coordinates"":[]}"
20200508T161819_20200511T120543_0,CORDOBA,2020-05-08,35.66811942514508,"{""type"":""MultiPoint"",""coordinates"":[]}"
20200508T161819_20200511T120543_1,CENTENARIO,2020-05-08,65.81962267094848,"{""type"":""MultiPoint"",""coordinates"":[]}"
20200508T161819_20200511T120543_2,LA_BOCA,2020-05-08,39.931452200298786,"{""type"":""MultiPoint"",""coordinates"":[]}"
20200508T175950_20200511T120553_0,CORDOBA,2020-05-08,53.03715865881297,"{""type"":""MultiPoint"",""coordinates"":[]}"
20200508T175950_20200511T120553_1,CENTENARIO,2020-05-08,52.43655100673443,"{""type"":""MultiPoint"",""coordinates"":[]}"
20200508T175950_20200511T120553_2,LA_BOCA,2020-05-08,52.697039663101286,"{""type"":""MultiPoint"",""coordinates"":[]}"
20200509T174052_20200512T103320_0,CORDOBA,2020-05-09,51.65075419884772,"{""type"":""MultiPoint"",""coordinates"":[]}"
20200509T174052_20200512T103320_1,CENTENARIO,2020-05-09,52.782145089428376,"{""type"":""MultiPoint"",""coordinates"":[]}"
20200509T174052_20200512T103320_2,LA_BOCA,2020-05-09,52.58014718317394,"{""type"":""MultiPoint"",""coordinates"":[]}"
20200510T172154_20200512T224427_0,CORDOBA,2020-05-10,56.38332181173093,"{""type"":""MultiPoint"",""coordinates"":[]}"
20200510T172154_20200512T224427_1,CENTENARIO,2020-05-10,49.808136128460276,"{""type"":""MultiPoint"",""coordinates"":[]}"
20200510T172154_20200512T224427_2,LA_BOCA,2020-05-10,61.22823525291185,"{""type"":""MultiPoint"",""coordinates"":[]}"
20200511T170257_20200513T095128_0,CORDOBA,2020-05-11,146.9911151410135,"{""type"":""MultiPoint"",""coordinates"":[]}"
20200511T170257_20200513T095128_1,CENTENARIO,2020-05-11,131.5873604353832,"{""type"":""MultiPoint"",""coordinates"":[]}"
20200511T170257_20200513T095128_2,LA_BOCA,2020-05-11,105.39484474784065,"{""type"":""MultiPoint"",""coordinates"":[]}"
20200512T164359_20200514T092753_0,CORDOBA,2020-05-12,81.09395530489226,"{""type"":""MultiPoint"",""coordinates"":[]}"
20200512T164359_20200514T092753_1,CENTENARIO,2020-05-12,98.91794195403017,"{""type"":""MultiPoint"",""coordinates"":[]}"
20200512T164359_20200514T092753_2,LA_BOCA,2020-05-12,66.89907497970994,"{""type"":""MultiPoint"",""coordinates"":[]}"
20200513T162501_20200515T090725_0,CORDOBA,2020-05-13,139.1561806503583,"{""type"":""MultiPoint"",""coordinates"":[]}"
20200513T162501_20200515T090725_1,CENTENARIO,2020-05-13,138.99080355979459,"{""type"":""MultiPoint"",""coordinates"":[]}"
20200513T162501_20200515T090725_2,LA_BOCA,2020-05-13,129.19922181556595,"{""type"":""MultiPoint"",""coordinates"":[]}"
20200513T180631_20200515T105537_0,CORDOBA,2020-05-13,106.12365916697317,"{""type"":""MultiPoint"",""coordinates"":[]}"
20200513T180631_20200515T105537_1,CENTENARIO,2020-05-13,72.50759929203014,"{""type"":""MultiPoint"",""coordinates"":[]}"
20200513T180631_20200515T105537_2,LA_BOCA,2020-05-13,94.32049768622934,"{""type"":""MultiPoint"",""coordinates"":[]}"
20200514T174733_20200516T103408_0,CORDOBA,2020-05-14,405.6366261450684,"{""type"":""MultiPoint"",""coordinates"":[]}"
20200514T174733_20200516T103408_1,CENTENARIO,2020-05-14,401.63070143257244,"{""type"":""MultiPoint"",""coordinates"":[]}"
20200514T174733_20200516T103408_2,LA_BOCA,2020-05-14,429.7956557579893,"{""type"":""MultiPoint"",""coordinates"":[]}"
20200515T172835_20200517T102157_0,CORDOBA,2020-05-15,79.17193066099445,"{""type"":""MultiPoint"",""coordinates"":[]}"
20200515T172835_20200517T102157_1,CENTENARIO,2020-05-15,82.445799907168,"{""type"":""MultiPoint"",""coordinates"":[]}"
20200515T172835_20200517T102157_2,LA_BOCA,2020-05-15,101.58683046628398,"{""type"":""MultiPoint"",""coordinates"":[]}"
20200516T170936_20200518T100304_0,CORDOBA,2020-05-16,78.10420265325443,"{""type"":""MultiPoint"",""coordinates"":[]}"
20200516T170936_20200518T100304_1,CENTENARIO,2020-05-16,68.11613273716677,"{""type"":""MultiPoint"",""coordinates"":[]}"
20200516T170936_20200518T100304_2,LA_BOCA,2020-05-16,80.04845723984316,"{""type"":""MultiPoint"",""coordinates"":[]}"
20200517T165038_20200519T095333_0,CORDOBA,2020-05-17,117.7371675202663,"{""type"":""MultiPoint"",""coordinates"":[]}"
20200517T165038_20200519T095333_1,CENTENARIO,2020-05-17,106.67140811671692,"{""type"":""MultiPoint"",""coordinates"":[]}"
20200517T165038_20200519T095333_2,LA_BOCA,2020-05-17,124.3276624690685,"{""type"":""MultiPoint"",""coordinates"":[]}"
20200518T163139_20200520T091338_0,CORDOBA,2020-05-18,33.30647756165277,"{""type"":""MultiPoint"",""coordinates"":[]}"
20200518T163139_20200520T091338_1,CENTENARIO,2020-05-18,33.93381209735491,"{""type"":""MultiPoint"",""coordinates"":[]}"
20200518T163139_20200520T091338_2,LA_BOCA,2020-05-18,28.713422789613947,"{""type"":""MultiPoint"",""coordinates"":[]}"
20200518T181310_20200520T111451_0,CORDOBA,2020-05-18,41.935764045153746,"{""type"":""MultiPoint"",""coordinates"":[]}"
20200518T181310_20200520T111451_1,CENTENARIO,2020-05-18,42.487697287083996,"{""type"":""MultiPoint"",""coordinates"":[]}"
20200518T181310_20200520T111451_2,LA_BOCA,2020-05-18,50.74194994693186,"{""type"":""MultiPoint"",""coordinates"":[]}"
20200519T161241_20200521T084937_0,CORDOBA,2020-05-19,43.6429516401305,"{""type"":""MultiPoint"",""coordinates"":[]}"
20200519T161241_20200521T084937_2,LA_BOCA,2020-05-19,46.32377556565917,"{""type"":""MultiPoint"",""coordinates"":[]}"
20200519T175411_20200521T103719_0,CORDOBA,2020-05-19,67.55584603037688,"{""type"":""MultiPoint"",""coordinates"":[]}"
20200519T175411_20200521T103719_1,CENTENARIO,2020-05-19,90.1670963578828,"{""type"":""MultiPoint"",""coordinates"":[]}"
20200519T175411_20200521T103719_2,LA_BOCA,2020-05-19,64.74641295871281,"{""type"":""MultiPoint"",""coordinates"":[]}"
20200523T163815_20200525T091235_0,CORDOBA,2020-05-23,93.22628650138185,"{""type"":""MultiPoint"",""coordinates"":[]}"
20200523T163815_20200525T091235_1,CENTENARIO,2020-05-23,94.89260716348373,"{""type"":""MultiPoint"",""coordinates"":[]}"
20200523T163815_20200525T091235_2,LA_BOCA,2020-05-23,76.21034255261094,"{""type"":""MultiPoint"",""coordinates"":[]}"
20200524T161916_20200526T085017_0,CORDOBA,2020-05-24,65.62710664668822,"{""type"":""MultiPoint"",""coordinates"":[]}"
20200524T161916_20200526T085017_1,CENTENARIO,2020-05-24,63.06434482776589,"{""type"":""MultiPoint"",""coordinates"":[]}"
20200524T161916_20200526T085017_2,LA_BOCA,2020-05-24,87.18248796275915,"{""type"":""MultiPoint"",""coordinates"":[]}"
20200525T174147_20200527T105840_0,CORDOBA,2020-05-25,20.16712530898159,"{""type"":""MultiPoint"",""coordinates"":[]}"
20200525T174147_20200527T105840_1,CENTENARIO,2020-05-25,20.162031182421952,"{""type"":""MultiPoint"",""coordinates"":[]}"
20200525T174147_20200527T105840_2,LA_BOCA,2020-05-25,22.387349246605915,"{""type"":""MultiPoint"",""coordinates"":[]}"
20200526T172248_20200528T102852_0,CORDOBA,2020-05-26,271.4137942031003,"{""type"":""MultiPoint"",""coordinates"":[]}"
20200526T172248_20200528T102852_1,CENTENARIO,2020-05-26,231.41393358045642,"{""type"":""MultiPoint"",""coordinates"":[]}"
20200526T172248_20200528T102852_2,LA_BOCA,2020-05-26,263.7547874659233,"{""type"":""MultiPoint"",""coordinates"":[]}"
20200527T170348_20200529T094538_0,CORDOBA,2020-05-27,74.85083966909836,"{""type"":""MultiPoint"",""coordinates"":[]}"
20200527T170348_20200529T094538_1,CENTENARIO,2020-05-27,85.07287877491973,"{""type"":""MultiPoint"",""coordinates"":[]}"
20200527T170348_20200529T094538_2,LA_BOCA,2020-05-27,71.6737752453927,"{""type"":""MultiPoint"",""coordinates"":[]}"
20200528T164448_20200530T093000_0,CORDOBA,2020-05-28,147.38501381332424,"{""type"":""MultiPoint"",""coordinates"":[]}"
20200528T164448_20200530T093000_1,CENTENARIO,2020-05-28,195.70961276048232,"{""type"":""MultiPoint"",""coordinates"":[]}"
20200528T164448_20200530T093000_2,LA_BOCA,2020-05-28,176.0320642499691,"{""type"":""MultiPoint"",""coordinates"":[]}"
20200529T162548_20200531T090421_0,CORDOBA,2020-05-29,41.257670489492945,"{""type"":""MultiPoint"",""coordinates"":[]}"
20200529T162548_20200531T090421_1,CENTENARIO,2020-05-29,82.36442256268906,"{""type"":""MultiPoint"",""coordinates"":[]}"
20200529T162548_20200531T090421_2,LA_BOCA,2020-05-29,52.81593533880608,"{""type"":""MultiPoint"",""coordinates"":[]}"
20200531T172919_20200602T102252_0,CORDOBA,2020-05-31,29.196597659982313,"{""type"":""MultiPoint"",""coordinates"":[]}"
20200531T172919_20200602T102252_1,CENTENARIO,2020-05-31,32.84988821284271,"{""type"":""MultiPoint"",""coordinates"":[]}"
20200531T172919_20200602T102252_2,LA_BOCA,2020-05-31,27.81008606427745,"{""type"":""MultiPoint"",""coordinates"":[]}"
20200601T171018_20200603T100320_0,CORDOBA,2020-06-01,132.57336152662714,"{""type"":""MultiPoint"",""coordinates"":[]}"
20200601T171018_20200603T100320_1,CENTENARIO,2020-06-01,117.04033729085229,"{""type"":""MultiPoint"",""coordinates"":[]}"
20200601T171018_20200603T100320_2,LA_BOCA,2020-06-01,115.04691085347234,"{""type"":""MultiPoint"",""coordinates"":[]}"
20200602T165118_20200604T093830_0,CORDOBA,2020-06-02,122.93672716620748,"{""type"":""MultiPoint"",""coordinates"":[]}"
20200602T165118_20200604T093830_1,CENTENARIO,2020-06-02,136.8654421880538,"{""type"":""MultiPoint"",""coordinates"":[]}"
20200602T165118_20200604T093830_2,LA_BOCA,2020-06-02,172.72627046093328,"{""type"":""MultiPoint"",""coordinates"":[]}"
20200603T163218_20200605T091840_1,CENTENARIO,2020-06-03,502.1118660604585,"{""type"":""MultiPoint"",""coordinates"":[]}"
20200603T163218_20200605T091840_2,LA_BOCA,2020-06-03,495.6321182000479,"{""type"":""MultiPoint"",""coordinates"":[]}"
20200604T161317_20200606T084751_2,LA_BOCA,2020-06-04,42.10176861878328,"{""type"":""MultiPoint"",""coordinates"":[]}"
20200604T175447_20200606T104512_0,CORDOBA,2020-06-04,139.62736524513318,"{""type"":""MultiPoint"",""coordinates"":[]}"
20200604T175447_20200606T104512_1,CENTENARIO,2020-06-04,139.63035184054084,"{""type"":""MultiPoint"",""coordinates"":[]}"
20200604T175447_20200606T104512_2,LA_BOCA,2020-06-04,131.34418446264954,"{""type"":""MultiPoint"",""coordinates"":[]}"
20200609T161943_20200611T090443_0,CORDOBA,2020-06-09,398.7561332770183,"{""type"":""MultiPoint"",""coordinates"":[]}"
20200609T161943_20200611T090443_1,CENTENARIO,2020-06-09,376.22236525390895,"{""type"":""MultiPoint"",""coordinates"":[]}"
20200609T161943_20200611T090443_2,LA_BOCA,2020-06-09,408.2454580335096,"{""type"":""MultiPoint"",""coordinates"":[]}"
20200609T180113_20200611T104020_0,CORDOBA,2020-06-09,408.93848915110954,"{""type"":""MultiPoint"",""coordinates"":[]}"
20200609T180113_20200611T104020_1,CENTENARIO,2020-06-09,389.8042586473481,"{""type"":""MultiPoint"",""coordinates"":[]}"
20200609T180113_20200611T104020_2,LA_BOCA,2020-06-09,449.5034726168981,"{""type"":""MultiPoint"",""coordinates"":[]}"
20200610T174212_20200612T102632_0,CORDOBA,2020-06-10,230.44020493451845,"{""type"":""MultiPoint"",""coordinates"":[]}"
20200610T174212_20200612T102632_1,CENTENARIO,2020-06-10,244.53932852752396,"{""type"":""MultiPoint"",""coordinates"":[]}"
20200610T174212_20200612T102632_2,LA_BOCA,2020-06-10,227.9930313383597,"{""type"":""MultiPoint"",""coordinates"":[]}"
20200611T172311_20200613T101143_0,CORDOBA,2020-06-11,77.96200131321095,"{""type"":""MultiPoint"",""coordinates"":[]}"
20200611T172311_20200613T101143_1,CENTENARIO,2020-06-11,36.62862104472142,"{""type"":""MultiPoint"",""coordinates"":[]}"
20200611T172311_20200613T101143_2,LA_BOCA,2020-06-11,61.04597529265327,"{""type"":""MultiPoint"",""coordinates"":[]}"
20200612T170409_20200614T095412_0,CORDOBA,2020-06-12,224.41041094679508,"{""type"":""MultiPoint"",""coordinates"":[]}"
20200612T170409_20200614T095412_1,CENTENARIO,2020-06-12,266.8934648696606,"{""type"":""MultiPoint"",""coordinates"":[]}"
20200612T170409_20200614T095412_2,LA_BOCA,2020-06-12,214.46108701438197,"{""type"":""MultiPoint"",""coordinates"":[]}"
20200613T164507_20200615T092315_0,CORDOBA,2020-06-13,62.20908600882829,"{""type"":""MultiPoint"",""coordinates"":[]}"
20200613T164507_20200615T092315_1,CENTENARIO,2020-06-13,61.678663119221774,"{""type"":""MultiPoint"",""coordinates"":[]}"
20200613T164507_20200615T092315_2,LA_BOCA,2020-06-13,68.36956461451658,"{""type"":""MultiPoint"",""coordinates"":[]}"
20200614T162606_20200616T091828_0,CORDOBA,2020-06-14,30.95355357064041,"{""type"":""MultiPoint"",""coordinates"":[]}"
20200614T162606_20200616T091828_1,CENTENARIO,2020-06-14,57.63162778303521,"{""type"":""MultiPoint"",""coordinates"":[]}"
20200614T162606_20200616T091828_2,LA_BOCA,2020-06-14,44.492918537842485,"{""type"":""MultiPoint"",""coordinates"":[]}"
20200614T180736_20200616T111509_0,CORDOBA,2020-06-14,50.682096840027015,"{""type"":""MultiPoint"",""coordinates"":[]}"
20200614T180736_20200616T111509_1,CENTENARIO,2020-06-14,49.89338257299469,"{""type"":""MultiPoint"",""coordinates"":[]}"
20200614T180736_20200616T111509_2,LA_BOCA,2020-06-14,57.48161241791733,"{""type"":""MultiPoint"",""coordinates"":[]}"
20200615T174834_20200617T101640_0,CORDOBA,2020-06-15,36.984534391192064,"{""type"":""MultiPoint"",""coordinates"":[]}"
20200615T174834_20200617T101640_1,CENTENARIO,2020-06-15,41.470000849842805,"{""type"":""MultiPoint"",""coordinates"":[]}"
20200615T174834_20200617T101640_2,LA_BOCA,2020-06-15,45.715293576915684,"{""type"":""MultiPoint"",""coordinates"":[]}"
20200616T172932_20200618T095233_0,CORDOBA,2020-06-16,80.74218159917297,"{""type"":""MultiPoint"",""coordinates"":[]}"
20200616T172932_20200618T095233_1,CENTENARIO,2020-06-16,96.49031254146897,"{""type"":""MultiPoint"",""coordinates"":[]}"
20200616T172932_20200618T095233_2,LA_BOCA,2020-06-16,73.47958899744049,"{""type"":""MultiPoint"",""coordinates"":[]}"
20200617T171030_20200619T093315_0,CORDOBA,2020-06-17,34.16082135613137,"{""type"":""MultiPoint"",""coordinates"":[]}"
20200617T171030_20200619T093315_1,CENTENARIO,2020-06-17,58.299714484450874,"{""type"":""MultiPoint"",""coordinates"":[]}"
20200617T171030_20200619T093315_2,LA_BOCA,2020-06-17,33.868554676035906,"{""type"":""MultiPoint"",""coordinates"":[]}"
20200618T165128_20200620T091931_0,CORDOBA,2020-06-18,74.11185918088619,"{""type"":""MultiPoint"",""coordinates"":[]}"
20200618T165128_20200620T091931_1,CENTENARIO,2020-06-18,71.04385323642902,"{""type"":""MultiPoint"",""coordinates"":[]}"
20200618T165128_20200620T091931_2,LA_BOCA,2020-06-18,75.59812517747768,"{""type"":""MultiPoint"",""coordinates"":[]}"
20200620T175453_20200622T102422_0,CORDOBA,2020-06-20,59.88368502584727,"{""type"":""MultiPoint"",""coordinates"":[]}"
20200620T175453_20200622T102422_1,CENTENARIO,2020-06-20,64.58792646197051,"{""type"":""MultiPoint"",""coordinates"":[]}"
20200620T175453_20200622T102422_2,LA_BOCA,2020-06-20,41.444817312249604,"{""type"":""MultiPoint"",""coordinates"":[]}"
20200621T173551_20200623T101154_0,CORDOBA,2020-06-21,65.97951413899425,"{""type"":""MultiPoint"",""coordinates"":[]}"
20200621T173551_20200623T101154_1,CENTENARIO,2020-06-21,68.18533419862528,"{""type"":""MultiPoint"",""coordinates"":[]}"
20200621T173551_20200623T101154_2,LA_BOCA,2020-06-21,61.00361628505255,"{""type"":""MultiPoint"",""coordinates"":[]}"
20200622T171648_20200624T094936_0,CORDOBA,2020-06-22,41.41434665474201,"{""type"":""MultiPoint"",""coordinates"":[]}"
20200622T171648_20200624T094936_1,CENTENARIO,2020-06-22,69.94042512786223,"{""type"":""MultiPoint"",""coordinates"":[]}"
20200622T171648_20200624T094936_2,LA_BOCA,2020-06-22,36.63102373682629,"{""type"":""MultiPoint"",""coordinates"":[]}"
20200625T161939_20200627T084203_0,CORDOBA,2020-06-25,84.32010327556289,"{""type"":""MultiPoint"",""coordinates"":[]}"
20200625T161939_20200627T084203_1,CENTENARIO,2020-06-25,74.66305809019575,"{""type"":""MultiPoint"",""coordinates"":[]}"
20200625T161939_20200627T084203_2,LA_BOCA,2020-06-25,91.22146695310552,"{""type"":""MultiPoint"",""coordinates"":[]}"
20200625T180109_20200627T104613_0,CORDOBA,2020-06-25,79.10077911070269,"{""type"":""MultiPoint"",""coordinates"":[]}"
20200625T180109_20200627T104613_1,CENTENARIO,2020-06-25,79.15067532776284,"{""type"":""MultiPoint"",""coordinates"":[]}"
20200625T180109_20200627T104613_2,LA_BOCA,2020-06-25,77.38627304777444,"{""type"":""MultiPoint"",""coordinates"":[]}"
20200626T174206_20200628T101942_0,CORDOBA,2020-06-26,161.43658128378055,"{""type"":""MultiPoint"",""coordinates"":[]}"
20200626T174206_20200628T101942_1,CENTENARIO,2020-06-26,138.77611754795169,"{""type"":""MultiPoint"",""coordinates"":[]}"
20200626T174206_20200628T101942_2,LA_BOCA,2020-06-26,162.09923851550056,"{""type"":""MultiPoint"",""coordinates"":[]}"
20200627T172303_20200629T100827_0,CORDOBA,2020-06-27,82.76583206184834,"{""type"":""MultiPoint"",""coordinates"":[]}"
20200627T172303_20200629T100827_1,CENTENARIO,2020-06-27,90.37650915721056,"{""type"":""MultiPoint"",""coordinates"":[]}"
20200627T172303_20200629T100827_2,LA_BOCA,2020-06-27,121.81517166973978,"{""type"":""MultiPoint"",""coordinates"":[]}"
20200628T170400_20200630T095159_0,CORDOBA,2020-06-28,328.98598553412063,"{""type"":""MultiPoint"",""coordinates"":[]}"
20200628T170400_20200630T095159_1,CENTENARIO,2020-06-28,446.18401188394034,"{""type"":""MultiPoint"",""coordinates"":[]}"
20200628T170400_20200630T095159_2,LA_BOCA,2020-06-28,252.75181957521775,"{""type"":""MultiPoint"",""coordinates"":[]}"
20200629T164456_20200701T092654_0,CORDOBA,2020-06-29,27.965753447519912,"{""type"":""MultiPoint"",""coordinates"":[]}"
20200629T164456_20200701T092654_1,CENTENARIO,2020-06-29,42.90268902515131,"{""type"":""MultiPoint"",""coordinates"":[]}"
20200629T164456_20200701T092654_2,LA_BOCA,2020-06-29,27.304059204458657,"{""type"":""MultiPoint"",""coordinates"":[]}"
20200703T171011_20200714T074503_0,CORDOBA,2020-07-03,29.86980461973774,"{""type"":""MultiPoint"",""coordinates"":[]}"
20200703T171011_20200714T074503_1,CENTENARIO,2020-07-03,83.49413762732932,"{""type"":""MultiPoint"",""coordinates"":[]}"
20200703T171011_20200714T074503_2,LA_BOCA,2020-07-03,111.66147591197107,"{""type"":""MultiPoint"",""coordinates"":[]}"
20200704T165107_20200706T094334_0,CORDOBA,2020-07-04,181.15028254666544,"{""type"":""MultiPoint"",""coordinates"":[]}"
20200704T165107_20200706T094334_1,CENTENARIO,2020-07-04,191.95968300965959,"{""type"":""MultiPoint"",""coordinates"":[]}"
20200704T165107_20200706T094334_2,LA_BOCA,2020-07-04,180.35491806476236,"{""type"":""MultiPoint"",""coordinates"":[]}"
20200705T163203_20200707T090401_0,CORDOBA,2020-07-05,94.94608484934633,"{""type"":""MultiPoint"",""coordinates"":[]}"
20200705T163203_20200707T090401_1,CENTENARIO,2020-07-05,94.35668938212146,"{""type"":""MultiPoint"",""coordinates"":[]}"
20200705T163203_20200707T090401_2,LA_BOCA,2020-07-05,79.28327277266564,"{""type"":""MultiPoint"",""coordinates"":[]}"
20200705T181333_20200707T105304_0,CORDOBA,2020-07-05,98.8105261489888,"{""type"":""MultiPoint"",""coordinates"":[]}"
20200705T181333_20200707T105304_1,CENTENARIO,2020-07-05,94.0020104511407,"{""type"":""MultiPoint"",""coordinates"":[]}"
20200705T181333_20200707T105304_2,LA_BOCA,2020-07-05,82.89538449953673,"{""type"":""MultiPoint"",""coordinates"":[]}"
20200706T175429_20200708T103721_0,CORDOBA,2020-07-06,198.57626123811372,"{""type"":""MultiPoint"",""coordinates"":[]}"
20200706T175429_20200708T103721_1,CENTENARIO,2020-07-06,203.5509692484651,"{""type"":""MultiPoint"",""coordinates"":[]}"
20200706T175429_20200708T103721_2,LA_BOCA,2020-07-06,168.81875754722768,"{""type"":""MultiPoint"",""coordinates"":[]}"
20200707T173525_20200709T101123_0,CORDOBA,2020-07-07,83.81028561880183,"{""type"":""MultiPoint"",""coordinates"":[]}"
20200707T173525_20200709T101123_2,LA_BOCA,2020-07-07,83.81028560374206,"{""type"":""MultiPoint"",""coordinates"":[]}"
20200708T171620_20200710T094923_0,CORDOBA,2020-07-08,593.7170841292174,"{""type"":""MultiPoint"",""coordinates"":[]}"
20200708T171620_20200710T094923_1,CENTENARIO,2020-07-08,571.9355070978665,"{""type"":""MultiPoint"",""coordinates"":[]}"
20200708T171620_20200710T094923_2,LA_BOCA,2020-07-08,486.26570143182767,"{""type"":""MultiPoint"",""coordinates"":[]}"
20200709T165716_20200711T092737_0,CORDOBA,2020-07-09,128.21735725010998,"{""type"":""MultiPoint"",""coordinates"":[]}"
20200709T165716_20200711T092737_1,CENTENARIO,2020-07-09,138.51779175194042,"{""type"":""MultiPoint"",""coordinates"":[]}"
20200709T165716_20200711T092737_2,LA_BOCA,2020-07-09,114.00256654767077,"{""type"":""MultiPoint"",""coordinates"":[]}"
20200711T161907_20200713T084420_2,LA_BOCA,2020-07-11,143.8684817317601,"{""type"":""MultiPoint"",""coordinates"":[]}"
20200713T172227_20200721T113428_0,CORDOBA,2020-07-13,77.95571789308867,"{""type"":""MultiPoint"",""coordinates"":[]}"
20200713T172227_20200721T113428_1,CENTENARIO,2020-07-13,64.4753399039382,"{""type"":""MultiPoint"",""coordinates"":[]}"
20200713T172227_20200721T113428_2,LA_BOCA,2020-07-13,86.3990900275461,"{""type"":""MultiPoint"",""coordinates"":[]}"
20200714T170322_20200722T083000_0,CORDOBA,2020-07-14,185.81222291955444,"{""type"":""MultiPoint"",""coordinates"":[]}"
20200714T170322_20200722T083000_1,CENTENARIO,2020-07-14,147.98066044007228,"{""type"":""MultiPoint"",""coordinates"":[]}"
20200714T170322_20200722T083000_2,LA_BOCA,2020-07-14,185.5777494047884,"{""type"":""MultiPoint"",""coordinates"":[]}"
20200715T164417_20200723T014431_0,CORDOBA,2020-07-15,117.04727364522174,"{""type"":""MultiPoint"",""coordinates"":[]}"
20200715T164417_20200723T014431_1,CENTENARIO,2020-07-15,124.70596935206409,"{""type"":""MultiPoint"",""coordinates"":[]}"
20200715T164417_20200723T014431_2,LA_BOCA,2020-07-15,88.85456723931581,"{""type"":""MultiPoint"",""coordinates"":[]}"
20200716T180641_20200918T101006_0,CORDOBA,2020-07-16,68.58670659016012,"{""type"":""MultiPoint"",""coordinates"":[]}"
20200716T180641_20200918T101006_1,CENTENARIO,2020-07-16,98.33242497809083,"{""type"":""MultiPoint"",""coordinates"":[]}"
20200716T180641_20200918T101006_2,LA_BOCA,2020-07-16,128.68025002381938,"{""type"":""MultiPoint"",""coordinates"":[]}"
20200717T174736_20200724T131659_0,CORDOBA,2020-07-17,91.94609324631283,"{""type"":""MultiPoint"",""coordinates"":[]}"
20200717T174736_20200724T131659_1,CENTENARIO,2020-07-17,192.72659422298426,"{""type"":""MultiPoint"",""coordinates"":[]}"
20200717T174736_20200724T131659_2,LA_BOCA,2020-07-17,42.182450628650805,"{""type"":""MultiPoint"",""coordinates"":[]}"
20200719T170925_20200726T112709_0,CORDOBA,2020-07-19,42.693253329789655,"{""type"":""MultiPoint"",""coordinates"":[]}"
20200719T170925_20200726T112709_1,CENTENARIO,2020-07-19,110.1373089758045,"{""type"":""MultiPoint"",""coordinates"":[]}"
20200724T171527_20200730T233435_0,CORDOBA,2020-07-24,83.34234101657947,"{""type"":""MultiPoint"",""coordinates"":[]}"
20200724T171527_20200730T233435_1,CENTENARIO,2020-07-24,70.20749447903512,"{""type"":""MultiPoint"",""coordinates"":[]}"
20200724T171527_20200730T233435_2,LA_BOCA,2020-07-24,85.67126586356565,"{""type"":""MultiPoint"",""coordinates"":[]}"
20200725T165621_20200731T154252_0,CORDOBA,2020-07-25,88.52878111336815,"{""type"":""MultiPoint"",""coordinates"":[]}"
20200725T165621_20200731T154252_1,CENTENARIO,2020-07-25,71.82514734845903,"{""type"":""MultiPoint"",""coordinates"":[]}"
20200725T165621_20200731T154252_2,LA_BOCA,2020-07-25,97.54091777853591,"{""type"":""MultiPoint"",""coordinates"":[]}"
20200728T174032_20200803T001833_0,CORDOBA,2020-07-28,136.3486100529352,"{""type"":""MultiPoint"",""coordinates"":[]}"
20200728T174032_20200803T001833_1,CENTENARIO,2020-07-28,97.26406951185666,"{""type"":""MultiPoint"",""coordinates"":[]}"
20200728T174032_20200803T001833_2,LA_BOCA,2020-07-28,122.91884231720934,"{""type"":""MultiPoint"",""coordinates"":[]}"
20200729T172126_20200803T171259_0,CORDOBA,2020-07-29,363.1126350779459,"{""type"":""MultiPoint"",""coordinates"":[]}"
20200729T172126_20200803T171259_1,CENTENARIO,2020-07-29,327.69969357687825,"{""type"":""MultiPoint"",""coordinates"":[]}"
20200729T172126_20200803T171259_2,LA_BOCA,2020-07-29,483.54710293562295,"{""type"":""MultiPoint"",""coordinates"":[]}"
20200730T170219_20200804T092918_0,CORDOBA,2020-07-30,71.67766551851163,"{""type"":""MultiPoint"",""coordinates"":[]}"
20200730T170219_20200804T092918_1,CENTENARIO,2020-07-30,77.60769904567817,"{""type"":""MultiPoint"",""coordinates"":[]}"
20200730T170219_20200804T092918_2,LA_BOCA,2020-07-30,61.302519286705014,"{""type"":""MultiPoint"",""coordinates"":[]}"
20200801T162407_20200806T214319_0,CORDOBA,2020-08-01,93.09349852494285,"{""type"":""MultiPoint"",""coordinates"":[]}"
20200801T162407_20200806T214319_1,CENTENARIO,2020-08-01,92.65382915894678,"{""type"":""MultiPoint"",""coordinates"":[]}"
20200801T162407_20200806T214319_2,LA_BOCA,2020-08-01,93.0934973266624,"{""type"":""MultiPoint"",""coordinates"":[]}"
20200801T180536_20200806T215025_0,CORDOBA,2020-08-01,40.25042186747605,"{""type"":""MultiPoint"",""coordinates"":[]}"
20200801T180536_20200806T215025_1,CENTENARIO,2020-08-01,36.671975765935926,"{""type"":""MultiPoint"",""coordinates"":[]}"
20200801T180536_20200806T215025_2,LA_BOCA,2020-08-01,42.10494197173435,"{""type"":""MultiPoint"",""coordinates"":[]}"
20200803T172723_20200808T120026_0,CORDOBA,2020-08-03,50.985322254427864,"{""type"":""MultiPoint"",""coordinates"":[]}"
20200803T172723_20200808T120026_1,CENTENARIO,2020-08-03,56.01657601673269,"{""type"":""MultiPoint"",""coordinates"":[]}"
20200803T172723_20200808T120026_2,LA_BOCA,2020-08-03,43.378031458460924,"{""type"":""MultiPoint"",""coordinates"":[]}"
20200804T170816_20200809T072300_0,CORDOBA,2020-08-04,41.29118989643967,"{""type"":""MultiPoint"",""coordinates"":[]}"
20200804T170816_20200809T072300_1,CENTENARIO,2020-08-04,58.60814181116506,"{""type"":""MultiPoint"",""coordinates"":[]}"
20200804T170816_20200809T072300_2,LA_BOCA,2020-08-04,40.33014702932105,"{""type"":""MultiPoint"",""coordinates"":[]}"
20200810T165504_20200813T184628_0,CORDOBA,2020-08-10,102.3590392810531,"{""type"":""MultiPoint"",""coordinates"":[]}"
20200810T165504_20200813T184628_1,CENTENARIO,2020-08-10,89.92360903918751,"{""type"":""MultiPoint"",""coordinates"":[]}"
20200810T165504_20200813T184628_2,LA_BOCA,2020-08-10,107.65297469592424,"{""type"":""MultiPoint"",""coordinates"":[]}"
20200811T163557_20200814T110421_0,CORDOBA,2020-08-11,166.02260685538246,"{""type"":""MultiPoint"",""coordinates"":[]}"
20200811T163557_20200814T110421_1,CENTENARIO,2020-08-11,132.30430452834574,"{""type"":""MultiPoint"",""coordinates"":[]}"
20200811T163557_20200814T110421_2,LA_BOCA,2020-08-11,166.18835735314772,"{""type"":""MultiPoint"",""coordinates"":[]}"
20200812T161650_20200815T113716_0,CORDOBA,2020-08-12,78.0015803686546,"{""type"":""MultiPoint"",""coordinates"":[]}"
20200812T161650_20200815T113716_1,CENTENARIO,2020-08-12,92.83932558623083,"{""type"":""MultiPoint"",""coordinates"":[]}"
20200812T161650_20200815T113716_2,LA_BOCA,2020-08-12,99.91329097050001,"{""type"":""MultiPoint"",""coordinates"":[]}"
20200812T175819_20200815T120340_0,CORDOBA,2020-08-12,129.62796071548232,"{""type"":""MultiPoint"",""coordinates"":[]}"
20200812T175819_20200815T120340_1,CENTENARIO,2020-08-12,129.71444162996315,"{""type"":""MultiPoint"",""coordinates"":[]}"
20200812T175819_20200815T120340_2,LA_BOCA,2020-08-12,160.6212807846742,"{""type"":""MultiPoint"",""coordinates"":[]}"
20200813T173912_20200816T121041_0,CORDOBA,2020-08-13,196.78590536813994,"{""type"":""MultiPoint"",""coordinates"":[]}"
20200813T173912_20200816T121041_1,CENTENARIO,2020-08-13,173.5444658468614,"{""type"":""MultiPoint"",""coordinates"":[]}"
20200813T173912_20200816T121041_2,LA_BOCA,2020-08-13,220.88577085122708,"{""type"":""MultiPoint"",""coordinates"":[]}"
20200814T172004_20200817T083447_0,CORDOBA,2020-08-14,101.07170731192815,"{""type"":""MultiPoint"",""coordinates"":[]}"
20200814T172004_20200817T083447_1,CENTENARIO,2020-08-14,109.06760885579847,"{""type"":""MultiPoint"",""coordinates"":[]}"
20200814T172004_20200817T083447_2,LA_BOCA,2020-08-14,71.28497805267416,"{""type"":""MultiPoint"",""coordinates"":[]}"
20200815T170057_20200818T105134_0,CORDOBA,2020-08-15,58.06087831192559,"{""type"":""MultiPoint"",""coordinates"":[]}"
20200815T170057_20200818T105134_1,CENTENARIO,2020-08-15,55.63290921405797,"{""type"":""MultiPoint"",""coordinates"":[]}"
20200815T170057_20200818T105134_2,LA_BOCA,2020-08-15,57.96701705874697,"{""type"":""MultiPoint"",""coordinates"":[]}"
20200816T164149_20200819T083651_0,CORDOBA,2020-08-16,68.71641023304653,"{""type"":""MultiPoint"",""coordinates"":[]}"
20200816T164149_20200819T083651_1,CENTENARIO,2020-08-16,59.42932879132525,"{""type"":""MultiPoint"",""coordinates"":[]}"
20200816T164149_20200819T083651_2,LA_BOCA,2020-08-16,78.11488598752678,"{""type"":""MultiPoint"",""coordinates"":[]}"
20200817T162242_20200820T074923_0,CORDOBA,2020-08-17,36.29022131004686,"{""type"":""MultiPoint"",""coordinates"":[]}"
20200817T162242_20200820T074923_1,CENTENARIO,2020-08-17,34.90141801916826,"{""type"":""MultiPoint"",""coordinates"":[]}"
20200817T162242_20200820T074923_2,LA_BOCA,2020-08-17,37.29287686868831,"{""type"":""MultiPoint"",""coordinates"":[]}"
20200817T180411_20200820T082848_0,CORDOBA,2020-08-17,64.97674197105451,"{""type"":""MultiPoint"",""coordinates"":[]}"
20200817T180411_20200820T082848_1,CENTENARIO,2020-08-17,64.95461040047341,"{""type"":""MultiPoint"",""coordinates"":[]}"
20200817T180411_20200820T082848_2,LA_BOCA,2020-08-17,73.65080031679868,"{""type"":""MultiPoint"",""coordinates"":[]}"
20200818T174504_20200821T105305_0,CORDOBA,2020-08-18,117.15236722214688,"{""type"":""MultiPoint"",""coordinates"":[]}"
20200818T174504_20200821T105305_1,CENTENARIO,2020-08-18,107.58891053227471,"{""type"":""MultiPoint"",""coordinates"":[]}"
20200818T174504_20200821T105305_2,LA_BOCA,2020-08-18,139.7728348114568,"{""type"":""MultiPoint"",""coordinates"":[]}"
20200819T172556_20200822T082258_0,CORDOBA,2020-08-19,50.144870007657815,"{""type"":""MultiPoint"",""coordinates"":[]}"
20200819T172556_20200822T082258_1,CENTENARIO,2020-08-19,53.79961156916495,"{""type"":""MultiPoint"",""coordinates"":[]}"
20200819T172556_20200822T082258_2,LA_BOCA,2020-08-19,44.768943158095915,"{""type"":""MultiPoint"",""coordinates"":[]}"
20200820T170648_20200823T015624_0,CORDOBA,2020-08-20,99.72499114570287,"{""type"":""MultiPoint"",""coordinates"":[]}"
20200820T170648_20200823T015624_1,CENTENARIO,2020-08-20,79.08652906486216,"{""type"":""MultiPoint"",""coordinates"":[]}"
20200820T170648_20200823T015624_2,LA_BOCA,2020-08-20,118.12742447065015,"{""type"":""MultiPoint"",""coordinates"":[]}"
20200821T164741_20200823T202418_0,CORDOBA,2020-08-21,182.35006845391496,"{""type"":""MultiPoint"",""coordinates"":[]}"
20200821T164741_20200823T202418_1,CENTENARIO,2020-08-21,157.05745754998495,"{""type"":""MultiPoint"",""coordinates"":[]}"
20200821T164741_20200823T202418_2,LA_BOCA,2020-08-21,227.55860718120766,"{""type"":""MultiPoint"",""coordinates"":[]}"
20200822T162833_20200824T124005_0,CORDOBA,2020-08-22,28.52976493412127,"{""type"":""MultiPoint"",""coordinates"":[]}"
20200822T162833_20200824T124005_1,CENTENARIO,2020-08-22,33.19696886053663,"{""type"":""MultiPoint"",""coordinates"":[]}"
20200822T162833_20200824T124005_2,LA_BOCA,2020-08-22,45.54503188453731,"{""type"":""MultiPoint"",""coordinates"":[]}"
20200822T181002_20200824T125748_0,CORDOBA,2020-08-22,34.13944426510986,"{""type"":""MultiPoint"",""coordinates"":[]}"
20200822T181002_20200824T125748_1,CENTENARIO,2020-08-22,39.30103263686393,"{""type"":""MultiPoint"",""coordinates"":[]}"
20200822T181002_20200824T125748_2,LA_BOCA,2020-08-22,28.448203978546285,"{""type"":""MultiPoint"",""coordinates"":[]}"
20200823T175054_20200825T111752_0,CORDOBA,2020-08-23,35.030864873489065,"{""type"":""MultiPoint"",""coordinates"":[]}"
20200823T175054_20200825T111752_1,CENTENARIO,2020-08-23,35.10832447955168,"{""type"":""MultiPoint"",""coordinates"":[]}"
20200823T175054_20200825T111752_2,LA_BOCA,2020-08-23,35.35234021390932,"{""type"":""MultiPoint"",""coordinates"":[]}"
20200824T173146_20200826T103750_0,CORDOBA,2020-08-24,46.816658517563134,"{""type"":""MultiPoint"",""coordinates"":[]}"
20200824T173146_20200826T103750_1,CENTENARIO,2020-08-24,56.39941024093967,"{""type"":""MultiPoint"",""coordinates"":[]}"
20200824T173146_20200826T103750_2,LA_BOCA,2020-08-24,51.35017218289301,"{""type"":""MultiPoint"",""coordinates"":[]}"
20200827T163423_20200829T093305_0,CORDOBA,2020-08-27,80.33600233647269,"{""type"":""MultiPoint"",""coordinates"":[]}"
20200827T163423_20200829T093305_1,CENTENARIO,2020-08-27,85.90890569231627,"{""type"":""MultiPoint"",""coordinates"":[]}"
20200827T163423_20200829T093305_2,LA_BOCA,2020-08-27,62.5833734988153,"{""type"":""MultiPoint"",""coordinates"":[]}"
20200830T171830_20200901T102048_0,CORDOBA,2020-08-30,129.05103037543407,"{""type"":""MultiPoint"",""coordinates"":[]}"
20200830T171830_20200901T102048_1,CENTENARIO,2020-08-30,99.88553509798014,"{""type"":""MultiPoint"",""coordinates"":[]}"
20200830T171830_20200901T102048_2,LA_BOCA,2020-08-30,132.2322647509703,"{""type"":""MultiPoint"",""coordinates"":[]}"
20200904T172422_20200906T104527_0,CORDOBA,2020-09-04,249.42156296765043,"{""type"":""MultiPoint"",""coordinates"":[]}"
20200904T172422_20200906T104527_1,CENTENARIO,2020-09-04,239.59083909868838,"{""type"":""MultiPoint"",""coordinates"":[]}"
20200904T172422_20200906T104527_2,LA_BOCA,2020-09-04,329.2097943768105,"{""type"":""MultiPoint"",""coordinates"":[]}"
20200905T170514_20200907T101256_0,CORDOBA,2020-09-05,48.87104255142384,"{""type"":""MultiPoint"",""coordinates"":[]}"
20200905T170514_20200907T101256_1,CENTENARIO,2020-09-05,62.99641317546696,"{""type"":""MultiPoint"",""coordinates"":[]}"
20200905T170514_20200907T101256_2,LA_BOCA,2020-09-05,31.320627644687992,"{""type"":""MultiPoint"",""coordinates"":[]}"
20200906T164606_20200908T094441_0,CORDOBA,2020-09-06,105.73992860751319,"{""type"":""MultiPoint"",""coordinates"":[]}"
20200906T164606_20200908T094441_1,CENTENARIO,2020-09-06,109.12612487392644,"{""type"":""MultiPoint"",""coordinates"":[]}"
20200906T164606_20200908T094441_2,LA_BOCA,2020-09-06,60.17434328574835,"{""type"":""MultiPoint"",""coordinates"":[]}"
20200907T162659_20200909T092057_0,CORDOBA,2020-09-07,33.71811534006823,"{""type"":""MultiPoint"",""coordinates"":[]}"
20200907T162659_20200909T092057_1,CENTENARIO,2020-09-07,109.66422124242898,"{""type"":""MultiPoint"",""coordinates"":[]}"
20200907T162659_20200909T092057_2,LA_BOCA,2020-09-07,55.03947245054197,"{""type"":""MultiPoint"",""coordinates"":[]}"
20200907T180828_20200909T110552_0,CORDOBA,2020-09-07,137.3954202879217,"{""type"":""MultiPoint"",""coordinates"":[]}"
20200907T180828_20200909T110552_1,CENTENARIO,2020-09-07,139.19292402997152,"{""type"":""MultiPoint"",""coordinates"":[]}"
20200907T180828_20200909T110552_2,LA_BOCA,2020-09-07,37.940640680952065,"{""type"":""MultiPoint"",""coordinates"":[]}"
20200908T174920_20200910T135734_0,CORDOBA,2020-09-08,89.77633430501884,"{""type"":""MultiPoint"",""coordinates"":[]}"
20200908T174920_20200910T135734_1,CENTENARIO,2020-09-08,89.15061109750246,"{""type"":""MultiPoint"",""coordinates"":[]}"
20200908T174920_20200910T135734_2,LA_BOCA,2020-09-08,73.36027633443553,"{""type"":""MultiPoint"",""coordinates"":[]}"
20200910T171105_20200912T095815_0,CORDOBA,2020-09-10,67.96790295133,"{""type"":""MultiPoint"",""coordinates"":[]}"
20200910T171105_20200912T095815_1,CENTENARIO,2020-09-10,94.16551632555723,"{""type"":""MultiPoint"",""coordinates"":[]}"
20200910T171105_20200912T095815_2,LA_BOCA,2020-09-10,68.66532983083314,"{""type"":""MultiPoint"",""coordinates"":[]}"
20200911T165157_20200913T095835_0,CORDOBA,2020-09-11,101.44343831068237,"{""type"":""MultiPoint"",""coordinates"":[]}"
20200911T165157_20200913T095835_1,CENTENARIO,2020-09-11,139.95176640651994,"{""type"":""MultiPoint"",""coordinates"":[]}"
20200911T165157_20200913T095835_2,LA_BOCA,2020-09-11,96.95457980508446,"{""type"":""MultiPoint"",""coordinates"":[]}"
20200912T163249_20200914T091231_0,CORDOBA,2020-09-12,45.06232131529924,"{""type"":""MultiPoint"",""coordinates"":[]}"
20200912T163249_20200914T091231_1,CENTENARIO,2020-09-12,58.197890258877216,"{""type"":""MultiPoint"",""coordinates"":[]}"
20200912T163249_20200914T091231_2,LA_BOCA,2020-09-12,32.277577804221245,"{""type"":""MultiPoint"",""coordinates"":[]}"
20200913T161341_20200915T085440_0,CORDOBA,2020-09-13,96.27627565253418,"{""type"":""MultiPoint"",""coordinates"":[]}"
20200913T161341_20200915T085440_1,CENTENARIO,2020-09-13,113.0838944069397,"{""type"":""MultiPoint"",""coordinates"":[]}"
20200913T161341_20200915T085440_2,LA_BOCA,2020-09-13,78.13335094039485,"{""type"":""MultiPoint"",""coordinates"":[]}"
20200913T175510_20200915T110857_0,CORDOBA,2020-09-13,74.55867527628165,"{""type"":""MultiPoint"",""coordinates"":[]}"
20200913T175510_20200915T110857_1,CENTENARIO,2020-09-13,95.2648551069559,"{""type"":""MultiPoint"",""coordinates"":[]}"
20200913T175510_20200915T110857_2,LA_BOCA,2020-09-13,86.97007251172018,"{""type"":""MultiPoint"",""coordinates"":[]}"
20200914T173602_20200916T101344_0,CORDOBA,2020-09-14,264.10407251057717,"{""type"":""MultiPoint"",""coordinates"":[]}"
20200914T173602_20200916T101344_1,CENTENARIO,2020-09-14,287.0486131036209,"{""type"":""MultiPoint"",""coordinates"":[]}"
20200914T173602_20200916T101344_2,LA_BOCA,2020-09-14,255.39716397907256,"{""type"":""MultiPoint"",""coordinates"":[]}"
20200916T165746_20200918T095352_0,CORDOBA,2020-09-16,273.8372544737053,"{""type"":""MultiPoint"",""coordinates"":[]}"
20200916T165746_20200918T095352_1,CENTENARIO,2020-09-16,608.0630846632218,"{""type"":""MultiPoint"",""coordinates"":[]}"
20200916T165746_20200918T095352_2,LA_BOCA,2020-09-16,165.8735734176081,"{""type"":""MultiPoint"",""coordinates"":[]}"
20200917T163838_20200919T092049_0,CORDOBA,2020-09-17,261.95836015518904,"{""type"":""MultiPoint"",""coordinates"":[]}"
20200917T163838_20200919T092049_1,CENTENARIO,2020-09-17,340.7845068529529,"{""type"":""MultiPoint"",""coordinates"":[]}"
20200917T163838_20200919T092049_2,LA_BOCA,2020-09-17,280.19879132325246,"{""type"":""MultiPoint"",""coordinates"":[]}"
20200918T161929_20200920T091437_0,CORDOBA,2020-09-18,171.08246583463622,"{""type"":""MultiPoint"",""coordinates"":[]}"
20200918T161929_20200920T091437_1,CENTENARIO,2020-09-18,172.2757633933057,"{""type"":""MultiPoint"",""coordinates"":[]}"
20200918T161929_20200920T091437_2,LA_BOCA,2020-09-18,149.1379090102072,"{""type"":""MultiPoint"",""coordinates"":[]}"
20200918T180059_20200920T112840_0,CORDOBA,2020-09-18,126.66343091343037,"{""type"":""MultiPoint"",""coordinates"":[]}"
20200918T180059_20200920T112840_1,CENTENARIO,2020-09-18,125.60516179631524,"{""type"":""MultiPoint"",""coordinates"":[]}"
20200918T180059_20200920T112840_2,LA_BOCA,2020-09-18,125.33812782930141,"{""type"":""MultiPoint"",""coordinates"":[]}"
20200919T174151_20200921T104647_0,CORDOBA,2020-09-19,36.48647633017964,"{""type"":""MultiPoint"",""coordinates"":[]}"
20200919T174151_20200921T104647_1,CENTENARIO,2020-09-19,37.08743515557033,"{""type"":""MultiPoint"",""coordinates"":[]}"
20200919T174151_20200921T104647_2,LA_BOCA,2020-09-19,36.81474870154669,"{""type"":""MultiPoint"",""coordinates"":[]}"
20200920T172242_20200922T104251_0,CORDOBA,2020-09-20,62.548974334364694,"{""type"":""MultiPoint"",""coordinates"":[]}"
20200920T172242_20200922T104251_1,CENTENARIO,2020-09-20,38.288791484376176,"{""type"":""MultiPoint"",""coordinates"":[]}"
20200920T172242_20200922T104251_2,LA_BOCA,2020-09-20,43.078569959366746,"{""type"":""MultiPoint"",""coordinates"":[]}"
20200921T170334_20200923T100957_0,CORDOBA,2020-09-21,362.3092345567609,"{""type"":""MultiPoint"",""coordinates"":[]}"
20200921T170334_20200923T100957_1,CENTENARIO,2020-09-21,430.98395711365725,"{""type"":""MultiPoint"",""coordinates"":[]}"
20200921T170334_20200923T100957_2,LA_BOCA,2020-09-21,196.43645375259857,"{""type"":""MultiPoint"",""coordinates"":[]}"
20200922T164426_20200924T094354_0,CORDOBA,2020-09-22,71.55258111439213,"{""type"":""MultiPoint"",""coordinates"":[]}"
20200922T164426_20200924T094354_1,CENTENARIO,2020-09-22,70.7708859183991,"{""type"":""MultiPoint"",""coordinates"":[]}"
20200922T164426_20200924T094354_2,LA_BOCA,2020-09-22,48.72990886003913,"{""type"":""MultiPoint"",""coordinates"":[]}"
20200923T162518_20200925T093320_0,CORDOBA,2020-09-23,63.20482073722988,"{""type"":""MultiPoint"",""coordinates"":[]}"
20200923T162518_20200925T093320_1,CENTENARIO,2020-09-23,63.17210762088161,"{""type"":""MultiPoint"",""coordinates"":[]}"
20200923T162518_20200925T093320_2,LA_BOCA,2020-09-23,91.43395926593973,"{""type"":""MultiPoint"",""coordinates"":[]}"
20200923T180647_20200925T111838_0,CORDOBA,2020-09-23,95.17986889287,"{""type"":""MultiPoint"",""coordinates"":[]}"
20200923T180647_20200925T111838_1,CENTENARIO,2020-09-23,116.64105264933758,"{""type"":""MultiPoint"",""coordinates"":[]}"
20200923T180647_20200925T111838_2,LA_BOCA,2020-09-23,66.25617250395882,"{""type"":""MultiPoint"",""coordinates"":[]}"
20200924T174739_20200926T104125_0,CORDOBA,2020-09-24,84.24206677200075,"{""type"":""MultiPoint"",""coordinates"":[]}"
20200924T174739_20200926T104125_1,CENTENARIO,2020-09-24,86.17595653780506,"{""type"":""MultiPoint"",""coordinates"":[]}"
20200924T174739_20200926T104125_2,LA_BOCA,2020-09-24,88.62476537952956,"{""type"":""MultiPoint"",""coordinates"":[]}"
20200926T170922_20200928T100806_0,CORDOBA,2020-09-26,45.28309493577825,"{""type"":""MultiPoint"",""coordinates"":[]}"
20200926T170922_20200928T100806_1,CENTENARIO,2020-09-26,59.36922584014205,"{""type"":""MultiPoint"",""coordinates"":[]}"
20200926T170922_20200928T100806_2,LA_BOCA,2020-09-26,45.62211996697008,"{""type"":""MultiPoint"",""coordinates"":[]}"
20200928T163105_20200930T091521_0,CORDOBA,2020-09-28,73.83337994909374,"{""type"":""MultiPoint"",""coordinates"":[]}"
20200928T163105_20200930T091521_1,CENTENARIO,2020-09-28,71.37961997956292,"{""type"":""MultiPoint"",""coordinates"":[]}"
20200928T163105_20200930T091521_2,LA_BOCA,2020-09-28,79.18897116645326,"{""type"":""MultiPoint"",""coordinates"":[]}"
20200929T161157_20201001T085939_0,CORDOBA,2020-09-29,31.09560176804046,"{""type"":""MultiPoint"",""coordinates"":[]}"
20200929T161157_20201001T085939_1,CENTENARIO,2020-09-29,32.292617974415975,"{""type"":""MultiPoint"",""coordinates"":[]}"
20200929T161157_20201001T085939_2,LA_BOCA,2020-09-29,31.960669648815486,"{""type"":""MultiPoint"",""coordinates"":[]}"
20200929T175326_20201001T110155_0,CORDOBA,2020-09-29,33.11955726056358,"{""type"":""MultiPoint"",""coordinates"":[]}"
20200929T175326_20201001T110155_1,CENTENARIO,2020-09-29,48.02258309178365,"{""type"":""MultiPoint"",""coordinates"":[]}"
20200929T175326_20201001T110155_2,LA_BOCA,2020-09-29,48.78826132465548,"{""type"":""MultiPoint"",""coordinates"":[]}"
20200930T173418_20201002T110032_0,CORDOBA,2020-09-30,52.54802210841159,"{""type"":""MultiPoint"",""coordinates"":[]}"
20200930T173418_20201002T110032_1,CENTENARIO,2020-09-30,59.11595465634058,"{""type"":""MultiPoint"",""coordinates"":[]}"
20200930T173418_20201002T110032_2,LA_BOCA,2020-09-30,43.96636825797588,"{""type"":""MultiPoint"",""coordinates"":[]}"
20201002T165601_20201004T102619_0,CORDOBA,2020-10-02,73.26054302694608,"{""type"":""MultiPoint"",""coordinates"":[]}"
20201002T165601_20201004T102619_1,CENTENARIO,2020-10-02,75.36878571335819,"{""type"":""MultiPoint"",""coordinates"":[]}"
20201002T165601_20201004T102619_2,LA_BOCA,2020-10-02,57.40954407039133,"{""type"":""MultiPoint"",""coordinates"":[]}"
20201003T163652_20201005T094613_0,CORDOBA,2020-10-03,55.16945687676447,"{""type"":""MultiPoint"",""coordinates"":[]}"
20201003T163652_20201005T094613_1,CENTENARIO,2020-10-03,61.91768933863753,"{""type"":""MultiPoint"",""coordinates"":[]}"
20201003T163652_20201005T094613_2,LA_BOCA,2020-10-03,51.00081682774499,"{""type"":""MultiPoint"",""coordinates"":[]}"
20201005T174005_20201007T104310_0,CORDOBA,2020-10-05,86.78428389841844,"{""type"":""MultiPoint"",""coordinates"":[]}"
20201005T174005_20201007T104310_1,CENTENARIO,2020-10-05,62.852719645465584,"{""type"":""MultiPoint"",""coordinates"":[]}"
20201005T174005_20201007T104310_2,LA_BOCA,2020-10-05,95.03979322101375,"{""type"":""MultiPoint"",""coordinates"":[]}"
20201006T172057_20201008T101606_0,CORDOBA,2020-10-06,177.01694153153105,"{""type"":""MultiPoint"",""coordinates"":[]}"
20201006T172057_20201008T101606_1,CENTENARIO,2020-10-06,189.2899901187162,"{""type"":""MultiPoint"",""coordinates"":[]}"
20201006T172057_20201008T101606_2,LA_BOCA,2020-10-06,194.4016880338258,"{""type"":""MultiPoint"",""coordinates"":[]}"
20201007T170148_20201009T100541_0,CORDOBA,2020-10-07,141.24730265819161,"{""type"":""MultiPoint"",""coordinates"":[]}"
20201007T170148_20201009T100541_1,CENTENARIO,2020-10-07,115.57057263419722,"{""type"":""MultiPoint"",""coordinates"":[]}"
20201007T170148_20201009T100541_2,LA_BOCA,2020-10-07,138.27199489568312,"{""type"":""MultiPoint"",""coordinates"":[]}"
20201008T164240_20201010T095715_0,CORDOBA,2020-10-08,178.6395468133885,"{""type"":""MultiPoint"",""coordinates"":[]}"
20201008T164240_20201010T095715_1,CENTENARIO,2020-10-08,184.4684192892736,"{""type"":""MultiPoint"",""coordinates"":[]}"
20201008T164240_20201010T095715_2,LA_BOCA,2020-10-08,184.66510218914027,"{""type"":""MultiPoint"",""coordinates"":[]}"
20201009T162332_20201011T093612_0,CORDOBA,2020-10-09,62.975371549935666,"{""type"":""MultiPoint"",""coordinates"":[]}"
20201009T162332_20201011T093612_1,CENTENARIO,2020-10-09,63.085156131835795,"{""type"":""MultiPoint"",""coordinates"":[]}"
20201009T162332_20201011T093612_2,LA_BOCA,2020-10-09,63.85937896427775,"{""type"":""MultiPoint"",""coordinates"":[]}"
20201009T180501_20201011T112813_0,CORDOBA,2020-10-09,53.90739534049776,"{""type"":""MultiPoint"",""coordinates"":[]}"
20201009T180501_20201011T112813_1,CENTENARIO,2020-10-09,55.20350553664072,"{""type"":""MultiPoint"",""coordinates"":[]}"
20201009T180501_20201011T112813_2,LA_BOCA,2020-10-09,54.04815637377583,"{""type"":""MultiPoint"",""coordinates"":[]}"
20201010T174553_20201012T110327_0,CORDOBA,2020-10-10,46.65350563134674,"{""type"":""MultiPoint"",""coordinates"":[]}"
20201010T174553_20201012T110327_1,CENTENARIO,2020-10-10,50.46201557697341,"{""type"":""MultiPoint"",""coordinates"":[]}"
20201010T174553_20201012T110327_2,LA_BOCA,2020-10-10,46.743004846369196,"{""type"":""MultiPoint"",""coordinates"":[]}"
20201011T172644_20201013T103320_0,CORDOBA,2020-10-11,26.34116976047315,"{""type"":""MultiPoint"",""coordinates"":[]}"
20201011T172644_20201013T103320_1,CENTENARIO,2020-10-11,25.28078195959987,"{""type"":""MultiPoint"",""coordinates"":[]}"
20201011T172644_20201013T103320_2,LA_BOCA,2020-10-11,36.34156443626693,"{""type"":""MultiPoint"",""coordinates"":[]}"
20201012T170736_20201014T101255_0,CORDOBA,2020-10-12,65.25252961258217,"{""type"":""MultiPoint"",""coordinates"":[]}"
20201012T170736_20201014T101255_1,CENTENARIO,2020-10-12,57.20134086269415,"{""type"":""MultiPoint"",""coordinates"":[]}"
20201012T170736_20201014T101255_2,LA_BOCA,2020-10-12,63.13693136458459,"{""type"":""MultiPoint"",""coordinates"":[]}"
20201013T164828_20201015T093816_0,CORDOBA,2020-10-13,246.84189499967846,"{""type"":""MultiPoint"",""coordinates"":[]}"
20201013T164828_20201015T093816_1,CENTENARIO,2020-10-13,296.4007388504341,"{""type"":""MultiPoint"",""coordinates"":[]}"
20201013T164828_20201015T093816_2,LA_BOCA,2020-10-13,302.09480030176223,"{""type"":""MultiPoint"",""coordinates"":[]}"
20201014T162920_20201016T091536_0,CORDOBA,2020-10-14,196.35996635173345,"{""type"":""MultiPoint"",""coordinates"":[]}"
20201014T162920_20201016T091536_1,CENTENARIO,2020-10-14,191.77488600758838,"{""type"":""MultiPoint"",""coordinates"":[]}"
20201014T162920_20201016T091536_2,LA_BOCA,2020-10-14,163.75147995623024,"{""type"":""MultiPoint"",""coordinates"":[]}"
20201015T161011_20201017T084809_0,CORDOBA,2020-10-15,78.2679015986075,"{""type"":""MultiPoint"",""coordinates"":[]}"
20201015T161011_20201017T084809_1,CENTENARIO,2020-10-15,80.4443943512342,"{""type"":""MultiPoint"",""coordinates"":[]}"
20201015T161011_20201017T084809_2,LA_BOCA,2020-10-15,54.76383670910529,"{""type"":""MultiPoint"",""coordinates"":[]}"
20201015T175141_20201017T111018_0,CORDOBA,2020-10-15,124.64980159657797,"{""type"":""MultiPoint"",""coordinates"":[]}"
20201015T175141_20201017T111018_1,CENTENARIO,2020-10-15,139.86944797456192,"{""type"":""MultiPoint"",""coordinates"":[]}"
20201015T175141_20201017T111018_2,LA_BOCA,2020-10-15,104.36576719850964,"{""type"":""MultiPoint"",""coordinates"":[]}"
20201016T173233_20201018T104353_0,CORDOBA,2020-10-16,50.932301004989604,"{""type"":""MultiPoint"",""coordinates"":[]}"
20201016T173233_20201018T104353_1,CENTENARIO,2020-10-16,70.31659189344069,"{""type"":""MultiPoint"",""coordinates"":[]}"
20201016T173233_20201018T104353_2,LA_BOCA,2020-10-16,38.704385784551896,"{""type"":""MultiPoint"",""coordinates"":[]}"
20201017T171324_20201019T102506_0,CORDOBA,2020-10-17,93.81701348935852,"{""type"":""MultiPoint"",""coordinates"":[]}"
20201017T171324_20201019T102506_1,CENTENARIO,2020-10-17,88.47320012422794,"{""type"":""MultiPoint"",""coordinates"":[]}"
20201017T171324_20201019T102506_2,LA_BOCA,2020-10-17,89.48614717696634,"{""type"":""MultiPoint"",""coordinates"":[]}"
20201018T165416_20201020T094455_0,CORDOBA,2020-10-18,48.00780704369514,"{""type"":""MultiPoint"",""coordinates"":[]}"
20201018T165416_20201020T094455_1,CENTENARIO,2020-10-18,48.530487015900604,"{""type"":""MultiPoint"",""coordinates"":[]}"
20201018T165416_20201020T094455_2,LA_BOCA,2020-10-18,44.96931140428139,"{""type"":""MultiPoint"",""coordinates"":[]}"
20201023T170005_20201025T101351_0,CORDOBA,2020-10-23,77.72220815546882,"{""type"":""MultiPoint"",""coordinates"":[]}"
20201023T170005_20201025T101351_2,LA_BOCA,2020-10-23,67.7938927876239,"{""type"":""MultiPoint"",""coordinates"":[]}"
20201024T164057_20201026T095503_0,CORDOBA,2020-10-24,57.44940325830066,"{""type"":""MultiPoint"",""coordinates"":[]}"
20201024T164057_20201026T095503_1,CENTENARIO,2020-10-24,90.57108163120668,"{""type"":""MultiPoint"",""coordinates"":[]}"
20201024T164057_20201026T095503_2,LA_BOCA,2020-10-24,53.92883208375166,"{""type"":""MultiPoint"",""coordinates"":[]}"
20201026T174411_20201028T110114_0,CORDOBA,2020-10-26,71.83829420428724,"{""type"":""MultiPoint"",""coordinates"":[]}"
20201026T174411_20201028T110114_1,CENTENARIO,2020-10-26,72.18586000747143,"{""type"":""MultiPoint"",""coordinates"":[]}"
20201026T174411_20201028T110114_2,LA_BOCA,2020-10-26,60.79003869212363,"{""type"":""MultiPoint"",""coordinates"":[]}"
20201027T172503_20201029T101938_0,CORDOBA,2020-10-27,82.77237536125314,"{""type"":""MultiPoint"",""coordinates"":[]}"
20201027T172503_20201029T101938_1,CENTENARIO,2020-10-27,111.84770195175196,"{""type"":""MultiPoint"",""coordinates"":[]}"
20201027T172503_20201029T101938_2,LA_BOCA,2020-10-27,73.35347634023474,"{""type"":""MultiPoint"",""coordinates"":[]}"
20201030T162740_20201101T094648_0,CORDOBA,2020-10-30,122.00806399864786,"{""type"":""MultiPoint"",""coordinates"":[]}"
20201030T162740_20201101T094648_1,CENTENARIO,2020-10-30,284.38643206642257,"{""type"":""MultiPoint"",""coordinates"":[]}"
20201030T162740_20201101T094648_2,LA_BOCA,2020-10-30,120.77202388163327,"{""type"":""MultiPoint"",""coordinates"":[]}"
20201031T160832_20201102T092328_0,CORDOBA,2020-10-31,73.80651638947424,"{""type"":""MultiPoint"",""coordinates"":[]}"
20201031T160832_20201102T092328_1,CENTENARIO,2020-10-31,109.23382708404296,"{""type"":""MultiPoint"",""coordinates"":[]}"
20201031T160832_20201102T092328_2,LA_BOCA,2020-10-31,74.02690975331723,"{""type"":""MultiPoint"",""coordinates"":[]}"
20201031T175002_20201102T111030_0,CORDOBA,2020-10-31,76.36278736220012,"{""type"":""MultiPoint"",""coordinates"":[]}"
20201031T175002_20201102T111030_1,CENTENARIO,2020-10-31,129.12975096694072,"{""type"":""MultiPoint"",""coordinates"":[]}"
20201031T175002_20201102T111030_2,LA_BOCA,2020-10-31,69.29369807190753,"{""type"":""MultiPoint"",""coordinates"":[]}"
20201101T173054_20201103T103514_0,CORDOBA,2020-11-01,48.16006476640408,"{""type"":""MultiPoint"",""coordinates"":[]}"
20201101T173054_20201103T103514_1,CENTENARIO,2020-11-01,56.4404660135941,"{""type"":""MultiPoint"",""coordinates"":[]}"
20201101T173054_20201103T103514_2,LA_BOCA,2020-11-01,39.84538712247896,"{""type"":""MultiPoint"",""coordinates"":[]}"
20201102T171147_20201104T101046_0,CORDOBA,2020-11-02,90.72892337058286,"{""type"":""MultiPoint"",""coordinates"":[]}"
20201102T171147_20201104T101046_1,CENTENARIO,2020-11-02,133.9024793368143,"{""type"":""MultiPoint"",""coordinates"":[]}"
20201102T171147_20201104T101046_2,LA_BOCA,2020-11-02,79.1506748758768,"{""type"":""MultiPoint"",""coordinates"":[]}"
20201103T165239_20201105T100501_0,CORDOBA,2020-11-03,48.37476870913799,"{""type"":""MultiPoint"",""coordinates"":[]}"
20201103T165239_20201105T100501_1,CENTENARIO,2020-11-03,73.21374491317843,"{""type"":""MultiPoint"",""coordinates"":[]}"
20201103T165239_20201105T100501_2,LA_BOCA,2020-11-03,36.790202352239966,"{""type"":""MultiPoint"",""coordinates"":[]}"
20201104T163332_20201106T093452_0,CORDOBA,2020-11-04,50.57216876860484,"{""type"":""MultiPoint"",""coordinates"":[]}"
20201104T163332_20201106T093452_1,CENTENARIO,2020-11-04,63.85216240116795,"{""type"":""MultiPoint"",""coordinates"":[]}"
20201104T163332_20201106T093452_2,LA_BOCA,2020-11-04,36.01253030318475,"{""type"":""MultiPoint"",""coordinates"":[]}"
20201105T161425_20201107T092642_0,CORDOBA,2020-11-05,60.2864311076651,"{""type"":""MultiPoint"",""coordinates"":[]}"
20201105T161425_20201107T092642_1,CENTENARIO,2020-11-05,60.21484592667055,"{""type"":""MultiPoint"",""coordinates"":[]}"
20201105T161425_20201107T092642_2,LA_BOCA,2020-11-05,61.555857512648686,"{""type"":""MultiPoint"",""coordinates"":[]}"
20201105T175554_20201107T110929_0,CORDOBA,2020-11-05,64.80520382753673,"{""type"":""MultiPoint"",""coordinates"":[]}"
20201105T175554_20201107T110929_1,CENTENARIO,2020-11-05,63.92885414374501,"{""type"":""MultiPoint"",""coordinates"":[]}"
20201105T175554_20201107T110929_2,LA_BOCA,2020-11-05,73.6831822020709,"{""type"":""MultiPoint"",""coordinates"":[]}"
20201106T173647_20201108T104704_0,CORDOBA,2020-11-06,66.45761428642561,"{""type"":""MultiPoint"",""coordinates"":[]}"
20201106T173647_20201108T104704_1,CENTENARIO,2020-11-06,80.2247401398181,"{""type"":""MultiPoint"",""coordinates"":[]}"
20201106T173647_20201108T104704_2,LA_BOCA,2020-11-06,65.92279325858681,"{""type"":""MultiPoint"",""coordinates"":[]}"
20201107T171740_20201109T102259_0,CORDOBA,2020-11-07,46.297772713069286,"{""type"":""MultiPoint"",""coordinates"":[]}"
20201107T171740_20201109T102259_1,CENTENARIO,2020-11-07,59.39836210838043,"{""type"":""MultiPoint"",""coordinates"":[]}"
20201107T171740_20201109T102259_2,LA_BOCA,2020-11-07,46.5462252236329,"{""type"":""MultiPoint"",""coordinates"":[]}"
20201108T165833_20201110T094741_0,CORDOBA,2020-11-08,40.35906806843331,"{""type"":""MultiPoint"",""coordinates"":[]}"
20201108T165833_20201110T094741_1,CENTENARIO,2020-11-08,47.44228795482175,"{""type"":""MultiPoint"",""coordinates"":[]}"
20201108T165833_20201110T094741_2,LA_BOCA,2020-11-08,33.77900579403893,"{""type"":""MultiPoint"",""coordinates"":[]}"
20201110T162019_20201112T092240_0,CORDOBA,2020-11-10,63.60957109767834,"{""type"":""MultiPoint"",""coordinates"":[]}"
20201110T162019_20201112T092240_1,CENTENARIO,2020-11-10,64.44513331385774,"{""type"":""MultiPoint"",""coordinates"":[]}"
20201110T162019_20201112T092240_2,LA_BOCA,2020-11-10,58.28655804463736,"{""type"":""MultiPoint"",""coordinates"":[]}"
20201110T180149_20201112T113702_0,CORDOBA,2020-11-10,57.52630506124446,"{""type"":""MultiPoint"",""coordinates"":[]}"
20201110T180149_20201112T113702_1,CENTENARIO,2020-11-10,67.23022757503267,"{""type"":""MultiPoint"",""coordinates"":[]}"
20201110T180149_20201112T113702_2,LA_BOCA,2020-11-10,61.71740939727525,"{""type"":""MultiPoint"",""coordinates"":[]}"
20201111T174242_20201113T110617_0,CORDOBA,2020-11-11,66.1248056031649,"{""type"":""MultiPoint"",""coordinates"":[]}"
20201111T174242_20201113T110617_1,CENTENARIO,2020-11-11,131.3329795892209,"{""type"":""MultiPoint"",""coordinates"":[]}"
20201111T174242_20201113T110617_2,LA_BOCA,2020-11-11,55.28226572138603,"{""type"":""MultiPoint"",""coordinates"":[]}"
20201112T172335_20201114T102714_0,CORDOBA,2020-11-12,78.65495438109224,"{""type"":""MultiPoint"",""coordinates"":[]}"
20201112T172335_20201114T102714_1,CENTENARIO,2020-11-12,129.54405202581074,"{""type"":""MultiPoint"",""coordinates"":[]}"
20201112T172335_20201114T102714_2,LA_BOCA,2020-11-12,79.79659550656895,"{""type"":""MultiPoint"",""coordinates"":[]}"
20201113T170429_20201115T101119_0,CORDOBA,2020-11-13,116.74936696609076,"{""type"":""MultiPoint"",""coordinates"":[]}"
20201113T170429_20201115T101119_1,CENTENARIO,2020-11-13,153.99677649433943,"{""type"":""MultiPoint"",""coordinates"":[]}"
20201113T170429_20201115T101119_2,LA_BOCA,2020-11-13,120.79635339174911,"{""type"":""MultiPoint"",""coordinates"":[]}"
20201115T162616_20201117T091118_0,CORDOBA,2020-11-15,32.272281159171506,"{""type"":""MultiPoint"",""coordinates"":[]}"
20201115T162616_20201117T091118_1,CENTENARIO,2020-11-15,33.29863699652961,"{""type"":""MultiPoint"",""coordinates"":[]}"
20201115T162616_20201117T091118_2,LA_BOCA,2020-11-15,36.161562569400594,"{""type"":""MultiPoint"",""coordinates"":[]}"
20201116T160710_20201118T123904_0,CORDOBA,2020-11-16,217.08268908792965,"{""type"":""MultiPoint"",""coordinates"":[]}"
20201116T160710_20201118T123904_1,CENTENARIO,2020-11-16,228.67069300942688,"{""type"":""MultiPoint"",""coordinates"":[]}"
20201116T160710_20201118T123904_2,LA_BOCA,2020-11-16,165.5259973667499,"{""type"":""MultiPoint"",""coordinates"":[]}"
20201116T174839_20201118T124421_0,CORDOBA,2020-11-16,174.54460440107619,"{""type"":""MultiPoint"",""coordinates"":[]}"
20201116T174839_20201118T124421_1,CENTENARIO,2020-11-16,174.89795731591866,"{""type"":""MultiPoint"",""coordinates"":[]}"
20201116T174839_20201118T124421_2,LA_BOCA,2020-11-16,150.67203240145142,"{""type"":""MultiPoint"",""coordinates"":[]}"
20201117T172933_20201120T100100_0,CORDOBA,2020-11-17,74.91020911489494,"{""type"":""MultiPoint"",""coordinates"":[]}"
20201117T172933_20201120T100100_1,CENTENARIO,2020-11-17,107.55417471075893,"{""type"":""MultiPoint"",""coordinates"":[]}"
20201117T172933_20201120T100100_2,LA_BOCA,2020-11-17,102.3383822183206,"{""type"":""MultiPoint"",""coordinates"":[]}"
20201118T171027_20201120T102104_0,CORDOBA,2020-11-18,123.94216911063789,"{""type"":""MultiPoint"",""coordinates"":[]}"
20201118T171027_20201120T102104_1,CENTENARIO,2020-11-18,126.80377004277545,"{""type"":""MultiPoint"",""coordinates"":[]}"
20201119T165121_20201121T100407_0,CORDOBA,2020-11-19,46.573338500036776,"{""type"":""MultiPoint"",""coordinates"":[]}"
20201119T165121_20201121T100407_2,LA_BOCA,2020-11-19,45.57939326461364,"{""type"":""MultiPoint"",""coordinates"":[]}"
20201120T163215_20201122T092342_0,CORDOBA,2020-11-20,54.09686392083463,"{""type"":""MultiPoint"",""coordinates"":[]}"
20201120T163215_20201122T092342_1,CENTENARIO,2020-11-20,78.40205848951061,"{""type"":""MultiPoint"",""coordinates"":[]}"
20201120T163215_20201122T092342_2,LA_BOCA,2020-11-20,41.75581031384353,"{""type"":""MultiPoint"",""coordinates"":[]}"
20201121T175439_20201123T110834_0,CORDOBA,2020-11-21,60.963659616398076,"{""type"":""MultiPoint"",""coordinates"":[]}"
20201121T175439_20201123T110834_1,CENTENARIO,2020-11-21,60.949837720459946,"{""type"":""MultiPoint"",""coordinates"":[]}"
20201121T175439_20201123T110834_2,LA_BOCA,2020-11-21,70.89826417830929,"{""type"":""MultiPoint"",""coordinates"":[]}"
20201122T173534_20201124T104356_0,CORDOBA,2020-11-22,56.68992839564831,"{""type"":""MultiPoint"",""coordinates"":[]}"
20201122T173534_20201124T104356_1,CENTENARIO,2020-11-22,63.63115072163012,"{""type"":""MultiPoint"",""coordinates"":[]}"
20201122T173534_20201124T104356_2,LA_BOCA,2020-11-22,45.45862590413701,"{""type"":""MultiPoint"",""coordinates"":[]}"
20201123T171628_20201125T102207_0,CORDOBA,2020-11-23,67.64279144713163,"{""type"":""MultiPoint"",""coordinates"":[]}"
20201123T171628_20201125T102207_1,CENTENARIO,2020-11-23,94.09341440391445,"{""type"":""MultiPoint"",""coordinates"":[]}"
20201123T171628_20201125T102207_2,LA_BOCA,2020-11-23,65.53915870864746,"{""type"":""MultiPoint"",""coordinates"":[]}"
20201125T163817_20201127T092915_1,CENTENARIO,2020-11-25,106.62685327504376,"{""type"":""MultiPoint"",""coordinates"":[]}"
20201126T161912_20201128T090350_0,CORDOBA,2020-11-26,77.81748806307293,"{""type"":""MultiPoint"",""coordinates"":[]}"
20201126T161912_20201128T090350_1,CENTENARIO,2020-11-26,80.5032350004562,"{""type"":""MultiPoint"",""coordinates"":[]}"
20201126T161912_20201128T090350_2,LA_BOCA,2020-11-26,56.87778155923437,"{""type"":""MultiPoint"",""coordinates"":[]}"
20201126T180042_20201128T113643_0,CORDOBA,2020-11-26,89.85229435184304,"{""type"":""MultiPoint"",""coordinates"":[]}"
20201126T180042_20201128T113643_1,CENTENARIO,2020-11-26,90.50150106411493,"{""type"":""MultiPoint"",""coordinates"":[]}"
20201126T180042_20201128T113643_2,LA_BOCA,2020-11-26,80.53802908772036,"{""type"":""MultiPoint"",""coordinates"":[]}"
20201127T174137_20201129T110259_0,CORDOBA,2020-11-27,71.3062945742003,"{""type"":""MultiPoint"",""coordinates"":[]}"
20201127T174137_20201129T110259_1,CENTENARIO,2020-11-27,71.8834136854494,"{""type"":""MultiPoint"",""coordinates"":[]}"
20201127T174137_20201129T110259_2,LA_BOCA,2020-11-27,87.3344317840877,"{""type"":""MultiPoint"",""coordinates"":[]}"
20201129T170328_20201202T194925_0,CORDOBA,2020-11-29,82.79788169881152,"{""type"":""MultiPoint"",""coordinates"":[]}"
20201129T170328_20201202T194925_1,CENTENARIO,2020-11-29,60.133267736285205,"{""type"":""MultiPoint"",""coordinates"":[]}"
20201129T170328_20201202T194925_2,LA_BOCA,2020-11-29,68.08160426427526,"{""type"":""MultiPoint"",""coordinates"":[]}"
20201130T164423_20201203T092928_0,CORDOBA,2020-11-30,91.81335630073791,"{""type"":""MultiPoint"",""coordinates"":[]}"
20201130T164423_20201203T092928_1,CENTENARIO,2020-11-30,162.37604499854743,"{""type"":""MultiPoint"",""coordinates"":[]}"
20201130T164423_20201203T092928_2,LA_BOCA,2020-11-30,74.09491320112186,"{""type"":""MultiPoint"",""coordinates"":[]}"
20201201T162518_20201203T195856_0,CORDOBA,2020-12-01,65.25486892606044,"{""type"":""MultiPoint"",""coordinates"":[]}"
20201201T162518_20201203T195856_1,CENTENARIO,2020-12-01,65.25486926863803,"{""type"":""MultiPoint"",""coordinates"":[]}"
20201203T172840_20201205T110618_0,CORDOBA,2020-12-03,339.32058767945136,"{""type"":""MultiPoint"",""coordinates"":[]}"
20201203T172840_20201205T110618_1,CENTENARIO,2020-12-03,352.81475636924785,"{""type"":""MultiPoint"",""coordinates"":[]}"
20201203T172840_20201205T110618_2,LA_BOCA,2020-12-03,294.23494331324434,"{""type"":""MultiPoint"",""coordinates"":[]}"
20201205T165032_20201207T101916_0,CORDOBA,2020-12-05,118.67313137705574,"{""type"":""MultiPoint"",""coordinates"":[]}"
20201205T165032_20201207T101916_1,CENTENARIO,2020-12-05,173.02501120330658,"{""type"":""MultiPoint"",""coordinates"":[]}"
20201205T165032_20201207T101916_2,LA_BOCA,2020-12-05,105.58597568737794,"{""type"":""MultiPoint"",""coordinates"":[]}"
20201206T163128_20201208T094737_0,CORDOBA,2020-12-06,39.419088144373625,"{""type"":""MultiPoint"",""coordinates"":[]}"
20201206T163128_20201208T094737_1,CENTENARIO,2020-12-06,62.96258351906854,"{""type"":""MultiPoint"",""coordinates"":[]}"
20201206T163128_20201208T094737_2,LA_BOCA,2020-12-06,30.216976235592384,"{""type"":""MultiPoint"",""coordinates"":[]}"
20201207T161224_20201209T092235_0,CORDOBA,2020-12-07,39.389241394023315,"{""type"":""MultiPoint"",""coordinates"":[]}"
20201207T161224_20201209T092235_1,CENTENARIO,2020-12-07,61.864260933637524,"{""type"":""MultiPoint"",""coordinates"":[]}"
20201207T161224_20201209T092235_2,LA_BOCA,2020-12-07,26.602327850214717,"{""type"":""MultiPoint"",""coordinates"":[]}"
20201207T175354_20201209T112028_0,CORDOBA,2020-12-07,56.425039159207394,"{""type"":""MultiPoint"",""coordinates"":[]}"
20201207T175354_20201209T112028_1,CENTENARIO,2020-12-07,56.51853031626116,"{""type"":""MultiPoint"",""coordinates"":[]}"
20201207T175354_20201209T112028_2,LA_BOCA,2020-12-07,52.30880435626342,"{""type"":""MultiPoint"",""coordinates"":[]}"
20201208T173450_20201210T105253_0,CORDOBA,2020-12-08,38.27513481637126,"{""type"":""MultiPoint"",""coordinates"":[]}"
20201208T173450_20201210T105253_1,CENTENARIO,2020-12-08,66.06204591948593,"{""type"":""MultiPoint"",""coordinates"":[]}"
20201208T173450_20201210T105253_2,LA_BOCA,2020-12-08,42.416649905583306,"{""type"":""MultiPoint"",""coordinates"":[]}"
20201209T171547_20201211T103926_0,CORDOBA,2020-12-09,107.99120843687709,"{""type"":""MultiPoint"",""coordinates"":[]}"
20201209T171547_20201211T103926_1,CENTENARIO,2020-12-09,113.01564155503617,"{""type"":""MultiPoint"",""coordinates"":[]}"
20201209T171547_20201211T103926_2,LA_BOCA,2020-12-09,119.58675481428112,"{""type"":""MultiPoint"",""coordinates"":[]}"
20201210T165643_20201212T102040_0,CORDOBA,2020-12-10,99.68021917334681,"{""type"":""MultiPoint"",""coordinates"":[]}"
20201210T165643_20201212T102040_1,CENTENARIO,2020-12-10,72.82431829737715,"{""type"":""MultiPoint"",""coordinates"":[]}"
20201210T165643_20201212T102040_2,LA_BOCA,2020-12-10,132.07116006193573,"{""type"":""MultiPoint"",""coordinates"":[]}"
20201211T163740_20201213T094638_0,CORDOBA,2020-12-11,150.01692118234348,"{""type"":""MultiPoint"",""coordinates"":[]}"
20201211T163740_20201213T094638_1,CENTENARIO,2020-12-11,129.98863431894637,"{""type"":""MultiPoint"",""coordinates"":[]}"
20201211T163740_20201213T094638_2,LA_BOCA,2020-12-11,146.0353582736376,"{""type"":""MultiPoint"",""coordinates"":[]}"
20201213T174104_20201215T111448_0,CORDOBA,2020-12-13,43.86099896352683,"{""type"":""MultiPoint"",""coordinates"":[]}"
20201213T174104_20201215T111448_1,CENTENARIO,2020-12-13,43.58521609341194,"{""type"":""MultiPoint"",""coordinates"":[]}"
20201213T174104_20201215T111448_2,LA_BOCA,2020-12-13,65.29061913978525,"{""type"":""MultiPoint"",""coordinates"":[]}"
20201214T172202_20201216T105144_0,CORDOBA,2020-12-14,109.01443485034719,"{""type"":""MultiPoint"",""coordinates"":[]}"
20201214T172202_20201216T105144_1,CENTENARIO,2020-12-14,86.72290571374742,"{""type"":""MultiPoint"",""coordinates"":[]}"
20201214T172202_20201216T105144_2,LA_BOCA,2020-12-14,99.90492993162813,"{""type"":""MultiPoint"",""coordinates"":[]}"
20201216T164356_20201218T101915_0,CORDOBA,2020-12-16,300.30931786571733,"{""type"":""MultiPoint"",""coordinates"":[]}"
20201216T164356_20201218T101915_1,CENTENARIO,2020-12-16,246.86592422443556,"{""type"":""MultiPoint"",""coordinates"":[]}"
20201216T164356_20201218T101915_2,LA_BOCA,2020-12-16,231.76454841823787,"{""type"":""MultiPoint"",""coordinates"":[]}"
20201217T162454_20201219T095718_0,CORDOBA,2020-12-17,72.5861190500785,"{""type"":""MultiPoint"",""coordinates"":[]}"
20201217T162454_20201219T095718_1,CENTENARIO,2020-12-17,91.81944352815923,"{""type"":""MultiPoint"",""coordinates"":[]}"
20201217T162454_20201219T095718_2,LA_BOCA,2020-12-17,136.27885966844087,"{""type"":""MultiPoint"",""coordinates"":[]}"
20201218T174722_20201220T112740_0,CORDOBA,2020-12-18,76.41355560204927,"{""type"":""MultiPoint"",""coordinates"":[]}"
20201218T174722_20201220T112740_1,CENTENARIO,2020-12-18,76.4135548195574,"{""type"":""MultiPoint"",""coordinates"":[]}"
20201218T174722_20201220T112740_2,LA_BOCA,2020-12-18,58.94154466857733,"{""type"":""MultiPoint"",""coordinates"":[]}"
20201220T170918_20201222T104945_0,CORDOBA,2020-12-20,42.14498605008146,"{""type"":""MultiPoint"",""coordinates"":[]}"
20201220T170918_20201222T104945_1,CENTENARIO,2020-12-20,41.9388779882029,"{""type"":""MultiPoint"",""coordinates"":[]}"
20201220T170918_20201222T104945_2,LA_BOCA,2020-12-20,23.84293620924732,"{""type"":""MultiPoint"",""coordinates"":[]}"
20201221T165016_20201225T062647_0,CORDOBA,2020-12-21,208.3934245649553,"{""type"":""MultiPoint"",""coordinates"":[]}"
20201221T165016_20201225T062647_1,CENTENARIO,2020-12-21,285.8906373121422,"{""type"":""MultiPoint"",""coordinates"":[]}"
20201221T165016_20201225T062647_2,LA_BOCA,2020-12-21,174.53805645623143,"{""type"":""MultiPoint"",""coordinates"":[]}"
20201222T163114_20201224T095743_0,CORDOBA,2020-12-22,99.97089394657989,"{""type"":""MultiPoint"",""coordinates"":[]}"
20201222T163114_20201224T095743_1,CENTENARIO,2020-12-22,151.1067477213786,"{""type"":""MultiPoint"",""coordinates"":[]}"
20201222T163114_20201224T095743_2,LA_BOCA,2020-12-22,131.2756957442187,"{""type"":""MultiPoint"",""coordinates"":[]}"
20201223T161213_20201225T094223_0,CORDOBA,2020-12-23,47.87373872347851,"{""type"":""MultiPoint"",""coordinates"":[]}"
20201223T161213_20201225T094223_1,CENTENARIO,2020-12-23,51.75720908980467,"{""type"":""MultiPoint"",""coordinates"":[]}"
20201223T161213_20201225T094223_2,LA_BOCA,2020-12-23,65.04431128883046,"{""type"":""MultiPoint"",""coordinates"":[]}"
20201223T175343_20201225T114100_0,CORDOBA,2020-12-23,64.8172557704237,"{""type"":""MultiPoint"",""coordinates"":[]}"
20201223T175343_20201225T114100_1,CENTENARIO,2020-12-23,70.29416376669539,"{""type"":""MultiPoint"",""coordinates"":[]}"
20201223T175343_20201225T114100_2,LA_BOCA,2020-12-23,62.82687069758038,"{""type"":""MultiPoint"",""coordinates"":[]}"
20201224T173442_20201226T110001_0,CORDOBA,2020-12-24,58.6720774422409,"{""type"":""MultiPoint"",""coordinates"":[]}"
20201224T173442_20201226T110001_1,CENTENARIO,2020-12-24,75.93017648116528,"{""type"":""MultiPoint"",""coordinates"":[]}"
20201224T173442_20201226T110001_2,LA_BOCA,2020-12-24,50.380488459819624,"{""type"":""MultiPoint"",""coordinates"":[]}"
20201226T165639_20201228T103236_0,CORDOBA,2020-12-26,45.279884881660436,"{""type"":""MultiPoint"",""coordinates"":[]}"
20201226T165639_20201228T103236_1,CENTENARIO,2020-12-26,55.51590417618835,"{""type"":""MultiPoint"",""coordinates"":[]}"
20201226T165639_20201228T103236_2,LA_BOCA,2020-12-26,42.53483531204697,"{""type"":""MultiPoint"",""coordinates"":[]}"
20201227T163738_20201229T101430_0,CORDOBA,2020-12-27,46.44893948893388,"{""type"":""MultiPoint"",""coordinates"":[]}"
20201227T163738_20201229T101430_1,CENTENARIO,2020-12-27,51.92489941855444,"{""type"":""MultiPoint"",""coordinates"":[]}"
20201227T163738_20201229T101430_2,LA_BOCA,2020-12-27,39.83134887813263,"{""type"":""MultiPoint"",""coordinates"":[]}"
20201228T161838_20201230T094709_0,CORDOBA,2020-12-28,78.25385662750321,"{""type"":""MultiPoint"",""coordinates"":[]}"
20201228T161838_20201230T094709_1,CENTENARIO,2020-12-28,99.76592129375511,"{""type"":""MultiPoint"",""coordinates"":[]}"
20201228T161838_20201230T094709_2,LA_BOCA,2020-12-28,83.87596790347688,"{""type"":""MultiPoint"",""coordinates"":[]}"
20201228T180007_20201230T114231_0,CORDOBA,2020-12-28,57.72399274770805,"{""type"":""MultiPoint"",""coordinates"":[]}"
20201228T180007_20201230T114231_1,CENTENARIO,2020-12-28,69.46735765773138,"{""type"":""MultiPoint"",""coordinates"":[]}"
20201228T180007_20201230T114231_2,LA_BOCA,2020-12-28,60.60740239914616,"{""type"":""MultiPoint"",""coordinates"":[]}"
20201229T155937_20201231T092845_2,LA_BOCA,2020-12-29,44.88406441691595,"{""type"":""MultiPoint"",""coordinates"":[]}"
20201229T174107_20201231T124026_0,CORDOBA,2020-12-29,90.5839173774944,"{""type"":""MultiPoint"",""coordinates"":[]}"
20201229T174107_20201231T124026_1,CENTENARIO,2020-12-29,176.02338298362716,"{""type"":""MultiPoint"",""coordinates"":[]}"
20201229T174107_20201231T124026_2,LA_BOCA,2020-12-29,86.21181527390067,"{""type"":""MultiPoint"",""coordinates"":[]}"
20201230T172206_20210101T110759_0,CORDOBA,2020-12-30,75.40664842162137,"{""type"":""MultiPoint"",""coordinates"":[]}"
20201230T172206_20210101T110759_1,CENTENARIO,2020-12-30,69.45523371781195,"{""type"":""MultiPoint"",""coordinates"":[]}"
20201230T172206_20210101T110759_2,LA_BOCA,2020-12-30,72.90082444854986,"{""type"":""MultiPoint"",""coordinates"":[]}"
20201231T170306_20210102T105011_0,CORDOBA,2020-12-31,61.9784468737297,"{""type"":""MultiPoint"",""coordinates"":[]}"
20201231T170306_20210102T105011_1,CENTENARIO,2020-12-31,73.08864911465864,"{""type"":""MultiPoint"",""coordinates"":[]}"
20201231T170306_20210102T105011_2,LA_BOCA,2020-12-31,62.384611022179534,"{""type"":""MultiPoint"",""coordinates"":[]}"
20210101T164406_20210103T101749_0,CORDOBA,2021-01-01,93.97490765128487,"{""type"":""MultiPoint"",""coordinates"":[]}"
20210101T164406_20210103T101749_1,CENTENARIO,2021-01-01,74.9885991576168,"{""type"":""MultiPoint"",""coordinates"":[]}"
20210101T164406_20210103T101749_2,LA_BOCA,2021-01-01,132.92983808214953,"{""type"":""MultiPoint"",""coordinates"":[]}"
20210102T162505_20210104T094841_0,CORDOBA,2021-01-02,63.42291410975134,"{""type"":""MultiPoint"",""coordinates"":[]}"
20210102T162505_20210104T094841_1,CENTENARIO,2021-01-02,62.350511418551946,"{""type"":""MultiPoint"",""coordinates"":[]}"
20210102T162505_20210104T094841_2,LA_BOCA,2021-01-02,81.47221385803043,"{""type"":""MultiPoint"",""coordinates"":[]}"
20210103T174735_20210105T113552_0,CORDOBA,2021-01-03,40.740553930882704,"{""type"":""MultiPoint"",""coordinates"":[]}"
20210103T174735_20210105T113552_1,CENTENARIO,2021-01-03,70.59286894784681,"{""type"":""MultiPoint"",""coordinates"":[]}"
20210103T174735_20210105T113552_2,LA_BOCA,2021-01-03,34.92050610204471,"{""type"":""MultiPoint"",""coordinates"":[]}"
20210104T172836_20210106T110645_0,CORDOBA,2021-01-04,68.33504867724642,"{""type"":""MultiPoint"",""coordinates"":[]}"
20210104T172836_20210106T110645_1,CENTENARIO,2021-01-04,106.10219590900014,"{""type"":""MultiPoint"",""coordinates"":[]}"
20210104T172836_20210106T110645_2,LA_BOCA,2021-01-04,69.00757997250146,"{""type"":""MultiPoint"",""coordinates"":[]}"
20210107T163137_20210109T100325_0,CORDOBA,2021-01-07,98.92197697548025,"{""type"":""MultiPoint"",""coordinates"":[]}"
20210107T163137_20210109T100325_1,CENTENARIO,2021-01-07,89.8564854996366,"{""type"":""MultiPoint"",""coordinates"":[]}"
20210107T163137_20210109T100325_2,LA_BOCA,2021-01-07,101.60850211694283,"{""type"":""MultiPoint"",""coordinates"":[]}"
20210108T161237_20210110T092307_0,CORDOBA,2021-01-08,151.5978905345035,"{""type"":""MultiPoint"",""coordinates"":[]}"
20210108T161237_20210110T092307_1,CENTENARIO,2021-01-08,149.85541657106282,"{""type"":""MultiPoint"",""coordinates"":[]}"
20210108T161237_20210110T092307_2,LA_BOCA,2021-01-08,150.43734854028867,"{""type"":""MultiPoint"",""coordinates"":[]}"
20210109T173508_20210111T112958_0,CORDOBA,2021-01-09,97.8554751042014,"{""type"":""MultiPoint"",""coordinates"":[]}"
20210109T173508_20210111T112958_1,CENTENARIO,2021-01-09,122.2750928309474,"{""type"":""MultiPoint"",""coordinates"":[]}"
20210109T173508_20210111T112958_2,LA_BOCA,2021-01-09,118.64179044190011,"{""type"":""MultiPoint"",""coordinates"":[]}"
20210110T171609_20210112T110406_0,CORDOBA,2021-01-10,54.11117257806469,"{""type"":""MultiPoint"",""coordinates"":[]}"
20210110T171609_20210112T110406_1,CENTENARIO,2021-01-10,98.26085505541728,"{""type"":""MultiPoint"",""coordinates"":[]}"
20210110T171609_20210112T110406_2,LA_BOCA,2021-01-10,37.31019578060898,"{""type"":""MultiPoint"",""coordinates"":[]}"
20210112T163811_20210114T095050_0,CORDOBA,2021-01-12,205.11567232012356,"{""type"":""MultiPoint"",""coordinates"":[]}"
20210112T163811_20210114T095050_1,CENTENARIO,2021-01-12,300.461787461651,"{""type"":""MultiPoint"",""coordinates"":[]}"
20210112T163811_20210114T095050_2,LA_BOCA,2021-01-12,163.1985993242273,"{""type"":""MultiPoint"",""coordinates"":[]}"
20210113T161912_20210115T092214_0,CORDOBA,2021-01-13,57.272982641284386,"{""type"":""MultiPoint"",""coordinates"":[]}"
20210113T161912_20210115T092214_1,CENTENARIO,2021-01-13,60.39669274982043,"{""type"":""MultiPoint"",""coordinates"":[]}"
20210113T161912_20210115T092214_2,LA_BOCA,2021-01-13,70.90500918815704,"{""type"":""MultiPoint"",""coordinates"":[]}"
20210113T180042_20210115T113534_0,CORDOBA,2021-01-13,63.63032383010394,"{""type"":""MultiPoint"",""coordinates"":[]}"
20210113T180042_20210115T113534_1,CENTENARIO,2021-01-13,81.3713389505325,"{""type"":""MultiPoint"",""coordinates"":[]}"
20210113T180042_20210115T113534_2,LA_BOCA,2021-01-13,60.34517210467416,"{""type"":""MultiPoint"",""coordinates"":[]}"
20210114T160014_20210116T085617_0,CORDOBA,2021-01-14,24.208514286066464,"{""type"":""MultiPoint"",""coordinates"":[]}"
20210114T160014_20210116T085617_2,LA_BOCA,2021-01-14,28.679365904550604,"{""type"":""MultiPoint"",""coordinates"":[]}"
20210114T174144_20210116T110604_0,CORDOBA,2021-01-14,43.11915303812494,"{""type"":""MultiPoint"",""coordinates"":[]}"
20210114T174144_20210116T110604_1,CENTENARIO,2021-01-14,81.83797979266215,"{""type"":""MultiPoint"",""coordinates"":[]}"
20210114T174144_20210116T110604_2,LA_BOCA,2021-01-14,20.534785040609744,"{""type"":""MultiPoint"",""coordinates"":[]}"
20210116T170347_20210118T101633_1,CENTENARIO,2021-01-16,97.54073285869546,"{""type"":""MultiPoint"",""coordinates"":[]}"
20210117T164448_20210119T100456_0,CORDOBA,2021-01-17,34.86500866970034,"{""type"":""MultiPoint"",""coordinates"":[]}"
20210117T164448_20210119T100456_1,CENTENARIO,2021-01-17,24.44519882739532,"{""type"":""MultiPoint"",""coordinates"":[]}"
20210117T164448_20210119T100456_2,LA_BOCA,2021-01-17,32.03789828048094,"{""type"":""MultiPoint"",""coordinates"":[]}"
20210119T160652_20210121T091852_0,CORDOBA,2021-01-19,72.48890146172624,"{""type"":""MultiPoint"",""coordinates"":[]}"
20210119T160652_20210121T091852_1,CENTENARIO,2021-01-19,87.39415585873975,"{""type"":""MultiPoint"",""coordinates"":[]}"
20210119T160652_20210121T091852_2,LA_BOCA,2021-01-19,62.78660620127524,"{""type"":""MultiPoint"",""coordinates"":[]}"
20210119T174822_20210121T112440_0,CORDOBA,2021-01-19,101.1695397638026,"{""type"":""MultiPoint"",""coordinates"":[]}"
20210119T174822_20210121T112440_1,CENTENARIO,2021-01-19,126.10697777572577,"{""type"":""MultiPoint"",""coordinates"":[]}"
20210119T174822_20210121T112440_2,LA_BOCA,2021-01-19,107.92549007274128,"{""type"":""MultiPoint"",""coordinates"":[]}"
20210120T172924_20210122T111029_0,CORDOBA,2021-01-20,102.75818238468912,"{""type"":""MultiPoint"",""coordinates"":[]}"
20210120T172924_20210122T111029_1,CENTENARIO,2021-01-20,122.00511879492997,"{""type"":""MultiPoint"",""coordinates"":[]}"
20210120T172924_20210122T111029_2,LA_BOCA,2021-01-20,100.70433279635358,"{""type"":""MultiPoint"",""coordinates"":[]}"
20210121T171026_20210123T104540_0,CORDOBA,2021-01-21,71.72201871048082,"{""type"":""MultiPoint"",""coordinates"":[]}"
20210121T171026_20210123T104540_1,CENTENARIO,2021-01-21,99.88285840126944,"{""type"":""MultiPoint"",""coordinates"":[]}"
20210121T171026_20210123T104540_2,LA_BOCA,2021-01-21,67.5615431401899,"{""type"":""MultiPoint"",""coordinates"":[]}"
20210122T165128_20210124T100900_0,CORDOBA,2021-01-22,117.92181841676387,"{""type"":""MultiPoint"",""coordinates"":[]}"
20210122T165128_20210124T100900_1,CENTENARIO,2021-01-22,182.1543802567799,"{""type"":""MultiPoint"",""coordinates"":[]}"
20210122T165128_20210124T100900_2,LA_BOCA,2021-01-22,99.79818333220395,"{""type"":""MultiPoint"",""coordinates"":[]}"
20210123T163231_20210125T100544_0,CORDOBA,2021-01-23,103.02370568802915,"{""type"":""MultiPoint"",""coordinates"":[]}"
20210123T163231_20210125T100544_1,CENTENARIO,2021-01-23,94.69283183915407,"{""type"":""MultiPoint"",""coordinates"":[]}"
20210123T163231_20210125T100544_2,LA_BOCA,2021-01-23,72.7793734931192,"{""type"":""MultiPoint"",""coordinates"":[]}"
20210124T161333_20210126T093230_0,CORDOBA,2021-01-24,67.1220408553624,"{""type"":""MultiPoint"",""coordinates"":[]}"
20210124T161333_20210126T093230_1,CENTENARIO,2021-01-24,67.09113064888079,"{""type"":""MultiPoint"",""coordinates"":[]}"
20210124T161333_20210126T093230_2,LA_BOCA,2021-01-24,71.64384070817763,"{""type"":""MultiPoint"",""coordinates"":[]}"
20210124T175503_20210126T114540_0,CORDOBA,2021-01-24,58.7572229058506,"{""type"":""MultiPoint"",""coordinates"":[]}"
20210124T175503_20210126T114540_1,CENTENARIO,2021-01-24,137.91879191162317,"{""type"":""MultiPoint"",""coordinates"":[]}"
20210124T175503_20210126T114540_2,LA_BOCA,2021-01-24,51.92127531924593,"{""type"":""MultiPoint"",""coordinates"":[]}"
20210125T173606_20210127T110831_0,CORDOBA,2021-01-25,102.82000715873184,"{""type"":""MultiPoint"",""coordinates"":[]}"
20210125T173606_20210127T110831_1,CENTENARIO,2021-01-25,107.10935105880048,"{""type"":""MultiPoint"",""coordinates"":[]}"
20210125T173606_20210127T110831_2,LA_BOCA,2021-01-25,108.3377473867571,"{""type"":""MultiPoint"",""coordinates"":[]}"
20210127T165811_20210129T101613_0,CORDOBA,2021-01-27,99.33398305867088,"{""type"":""MultiPoint"",""coordinates"":[]}"
20210127T165811_20210129T101613_1,CENTENARIO,2021-01-27,133.23245775825123,"{""type"":""MultiPoint"",""coordinates"":[]}"
20210127T165811_20210129T101613_2,LA_BOCA,2021-01-27,91.74127182977958,"{""type"":""MultiPoint"",""coordinates"":[]}"
20210129T162017_20210131T095102_0,CORDOBA,2021-01-29,160.15869477344785,"{""type"":""MultiPoint"",""coordinates"":[]}"
20210129T162017_20210131T095102_1,CENTENARIO,2021-01-29,150.98463122715845,"{""type"":""MultiPoint"",""coordinates"":[]}"
20210129T162017_20210131T095102_2,LA_BOCA,2021-01-29,221.49049485912997,"{""type"":""MultiPoint"",""coordinates"":[]}"
20210129T180147_20210131T114141_2,LA_BOCA,2021-01-29,72.47154389262377,"{""type"":""MultiPoint"",""coordinates"":[]}"
20210204T160806_20210206T093049_0,CORDOBA,2021-02-04,61.0938315009565,"{""type"":""MultiPoint"",""coordinates"":[]}"
20210204T160806_20210206T093049_1,CENTENARIO,2021-02-04,75.9855084327574,"{""type"":""MultiPoint"",""coordinates"":[]}"
20210204T160806_20210206T093049_2,LA_BOCA,2021-02-04,48.358637968450424,"{""type"":""MultiPoint"",""coordinates"":[]}"
20210204T174937_20210206T110606_0,CORDOBA,2021-02-04,79.84050175522303,"{""type"":""MultiPoint"",""coordinates"":[]}"
20210204T174937_20210206T110606_1,CENTENARIO,2021-02-04,87.19987292407303,"{""type"":""MultiPoint"",""coordinates"":[]}"
20210204T174937_20210206T110606_2,LA_BOCA,2021-02-04,70.7948359597999,"{""type"":""MultiPoint"",""coordinates"":[]}"
20210205T173040_20210207T111408_0,CORDOBA,2021-02-05,196.42680999040974,"{""type"":""MultiPoint"",""coordinates"":[]}"
20210205T173040_20210207T111408_1,CENTENARIO,2021-02-05,169.87595008870065,"{""type"":""MultiPoint"",""coordinates"":[]}"
20210205T173040_20210207T111408_2,LA_BOCA,2021-02-05,160.30507975694525,"{""type"":""MultiPoint"",""coordinates"":[]}"
20210206T171144_20210208T103350_0,CORDOBA,2021-02-06,187.3719309600648,"{""type"":""MultiPoint"",""coordinates"":[]}"
20210206T171144_20210208T103350_1,CENTENARIO,2021-02-06,168.76949083536263,"{""type"":""MultiPoint"",""coordinates"":[]}"
20210206T171144_20210208T103350_2,LA_BOCA,2021-02-06,168.6490864809453,"{""type"":""MultiPoint"",""coordinates"":[]}"
20210207T165247_20210209T103119_0,CORDOBA,2021-02-07,81.62856710588768,"{""type"":""MultiPoint"",""coordinates"":[]}"
20210207T165247_20210209T103119_1,CENTENARIO,2021-02-07,68.47878531631264,"{""type"":""MultiPoint"",""coordinates"":[]}"
20210207T165247_20210209T103119_2,LA_BOCA,2021-02-07,97.09225514080988,"{""type"":""MultiPoint"",""coordinates"":[]}"
20210210T173729_20210212T105529_0,CORDOBA,2021-02-10,52.095140690957685,"{""type"":""MultiPoint"",""coordinates"":[]}"
20210210T173729_20210212T105529_1,CENTENARIO,2021-02-10,56.79557938579494,"{""type"":""MultiPoint"",""coordinates"":[]}"
20210210T173729_20210212T105529_2,LA_BOCA,2021-02-10,38.30935399156096,"{""type"":""MultiPoint"",""coordinates"":[]}"
20210212T165937_20210214T100911_1,CENTENARIO,2021-02-12,161.2392519570687,"{""type"":""MultiPoint"",""coordinates"":[]}"
20210213T164041_20210215T095951_0,CORDOBA,2021-02-13,56.86235067686912,"{""type"":""MultiPoint"",""coordinates"":[]}"
20210213T164041_20210215T095951_1,CENTENARIO,2021-02-13,94.82230533947198,"{""type"":""MultiPoint"",""coordinates"":[]}"
20210213T164041_20210215T095951_2,LA_BOCA,2021-02-13,58.8523536302721,"{""type"":""MultiPoint"",""coordinates"":[]}"
20210214T162145_20210216T092549_0,CORDOBA,2021-02-14,117.93008160653262,"{""type"":""MultiPoint"",""coordinates"":[]}"
20210214T162145_20210216T092549_1,CENTENARIO,2021-02-14,117.9300816285746,"{""type"":""MultiPoint"",""coordinates"":[]}"
20210214T162145_20210216T092549_2,LA_BOCA,2021-02-14,113.84726145710947,"{""type"":""MultiPoint"",""coordinates"":[]}"
20210215T174419_20210217T110810_0,CORDOBA,2021-02-15,45.27819828771301,"{""type"":""MultiPoint"",""coordinates"":[]}"
20210215T174419_20210217T110810_2,LA_BOCA,2021-02-15,43.05330728158899,"{""type"":""MultiPoint"",""coordinates"":[]}"
20210218T164732_20210220T104229_0,CORDOBA,2021-02-18,262.51655728474736,"{""type"":""MultiPoint"",""coordinates"":[]}"
20210218T164732_20210220T104229_1,CENTENARIO,2021-02-18,282.3303624123846,"{""type"":""MultiPoint"",""coordinates"":[]}"
20210218T164732_20210220T104229_2,LA_BOCA,2021-02-18,335.68624222013864,"{""type"":""MultiPoint"",""coordinates"":[]}"
20210219T162837_20210221T100146_0,CORDOBA,2021-02-19,148.43098052865338,"{""type"":""MultiPoint"",""coordinates"":[]}"
20210219T162837_20210221T100146_1,CENTENARIO,2021-02-19,146.64914704830767,"{""type"":""MultiPoint"",""coordinates"":[]}"
20210219T162837_20210221T100146_2,LA_BOCA,2021-02-19,147.73704052184556,"{""type"":""MultiPoint"",""coordinates"":[]}"
20210220T160941_20210222T094225_0,CORDOBA,2021-02-20,258.1305776526508,"{""type"":""MultiPoint"",""coordinates"":[]}"
20210220T160941_20210222T094225_1,CENTENARIO,2021-02-20,281.0432011721082,"{""type"":""MultiPoint"",""coordinates"":[]}"
20210220T160941_20210222T094225_2,LA_BOCA,2021-02-20,235.41390507708022,"{""type"":""MultiPoint"",""coordinates"":[]}"
20210220T175111_20210222T111956_0,CORDOBA,2021-02-20,291.10591515865036,"{""type"":""MultiPoint"",""coordinates"":[]}"
20210220T175111_20210222T111956_1,CENTENARIO,2021-02-20,307.37588872038526,"{""type"":""MultiPoint"",""coordinates"":[]}"
20210220T175111_20210222T111956_2,LA_BOCA,2021-02-20,297.5346591777236,"{""type"":""MultiPoint"",""coordinates"":[]}"
20210221T173216_20210223T111912_0,CORDOBA,2021-02-21,51.60560903817417,"{""type"":""MultiPoint"",""coordinates"":[]}"
20210221T173216_20210223T111912_1,CENTENARIO,2021-02-21,52.00971798999107,"{""type"":""MultiPoint"",""coordinates"":[]}"
20210221T173216_20210223T111912_2,LA_BOCA,2021-02-21,53.90205074866646,"{""type"":""MultiPoint"",""coordinates"":[]}"
20210222T171321_20210224T110132_2,LA_BOCA,2021-02-22,62.84624242085344,"{""type"":""MultiPoint"",""coordinates"":[]}"
20210223T165425_20210225T103441_0,CORDOBA,2021-02-23,440.97966069022567,"{""type"":""MultiPoint"",""coordinates"":[]}"
20210223T165425_20210225T103441_1,CENTENARIO,2021-02-23,447.8656980629524,"{""type"":""MultiPoint"",""coordinates"":[]}"
20210223T165425_20210225T103441_2,LA_BOCA,2021-02-23,318.97488898016167,"{""type"":""MultiPoint"",""coordinates"":[]}"
20210224T163530_20210226T094848_0,CORDOBA,2021-02-24,208.7072516117679,"{""type"":""MultiPoint"",""coordinates"":[]}"
20210224T163530_20210226T094848_1,CENTENARIO,2021-02-24,188.61267489409627,"{""type"":""MultiPoint"",""coordinates"":[]}"
20210224T163530_20210226T094848_2,LA_BOCA,2021-02-24,257.8708907577936,"{""type"":""MultiPoint"",""coordinates"":[]}"
20210225T161634_20210227T092545_0,CORDOBA,2021-02-25,301.885338354739,"{""type"":""MultiPoint"",""coordinates"":[]}"
20210225T161634_20210227T092545_1,CENTENARIO,2021-02-25,293.31186947530415,"{""type"":""MultiPoint"",""coordinates"":[]}"
20210225T161634_20210227T092545_2,LA_BOCA,2021-02-25,406.62857260995975,"{""type"":""MultiPoint"",""coordinates"":[]}"
20210225T175805_20210227T114649_0,CORDOBA,2021-02-25,100.52397865907314,"{""type"":""MultiPoint"",""coordinates"":[]}"
20210225T175805_20210227T114649_1,CENTENARIO,2021-02-25,123.74939622370876,"{""type"":""MultiPoint"",""coordinates"":[]}"
20210225T175805_20210227T114649_2,LA_BOCA,2021-02-25,104.34621382113298,"{""type"":""MultiPoint"",""coordinates"":[]}"
20210226T173909_20210228T104953_0,CORDOBA,2021-02-26,84.59124529657308,"{""type"":""MultiPoint"",""coordinates"":[]}"
20210226T173909_20210228T104953_1,CENTENARIO,2021-02-26,89.18215863743279,"{""type"":""MultiPoint"",""coordinates"":[]}"
20210226T173909_20210228T104953_2,LA_BOCA,2021-02-26,86.2297927132328,"{""type"":""MultiPoint"",""coordinates"":[]}"
20210227T172014_20210301T104757_0,CORDOBA,2021-02-27,55.30236261259659,"{""type"":""MultiPoint"",""coordinates"":[]}"
20210227T172014_20210301T104757_1,CENTENARIO,2021-02-27,60.34179885525292,"{""type"":""MultiPoint"",""coordinates"":[]}"
20210227T172014_20210301T104757_2,LA_BOCA,2021-02-27,29.63472896667187,"{""type"":""MultiPoint"",""coordinates"":[]}"
20210228T170119_20210302T101325_0,CORDOBA,2021-02-28,52.24698728336135,"{""type"":""MultiPoint"",""coordinates"":[]}"
20210228T170119_20210302T101325_1,CENTENARIO,2021-02-28,86.87534901063314,"{""type"":""MultiPoint"",""coordinates"":[]}"
20210228T170119_20210302T101325_2,LA_BOCA,2021-02-28,39.494815527745025,"{""type"":""MultiPoint"",""coordinates"":[]}"
20210301T164224_20210303T095910_0,CORDOBA,2021-03-01,86.14635568848946,"{""type"":""MultiPoint"",""coordinates"":[]}"
20210301T164224_20210303T095910_1,CENTENARIO,2021-03-01,132.51920141882283,"{""type"":""MultiPoint"",""coordinates"":[]}"
20210301T164224_20210303T095910_2,LA_BOCA,2021-03-01,95.42312228130004,"{""type"":""MultiPoint"",""coordinates"":[]}"
20210302T162329_20210304T093343_0,CORDOBA,2021-03-02,73.81707115610503,"{""type"":""MultiPoint"",""coordinates"":[]}"
20210302T162329_20210304T093343_1,CENTENARIO,2021-03-02,75.0910372717756,"{""type"":""MultiPoint"",""coordinates"":[]}"
20210302T162329_20210304T093343_2,LA_BOCA,2021-03-02,77.45772113028814,"{""type"":""MultiPoint"",""coordinates"":[]}"
20210302T180459_20210304T112600_0,CORDOBA,2021-03-02,64.04929061570112,"{""type"":""MultiPoint"",""coordinates"":[]}"
20210302T180459_20210304T112600_1,CENTENARIO,2021-03-02,82.69660561274661,"{""type"":""MultiPoint"",""coordinates"":[]}"
20210302T180459_20210304T112600_2,LA_BOCA,2021-03-02,59.83679455539176,"{""type"":""MultiPoint"",""coordinates"":[]}"
20210303T160434_20210305T090539_0,CORDOBA,2021-03-03,34.48991169233586,"{""type"":""MultiPoint"",""coordinates"":[]}"
20210303T160434_20210305T090539_2,LA_BOCA,2021-03-03,36.96797232082924,"{""type"":""MultiPoint"",""coordinates"":[]}"
20210303T174604_20210305T111827_0,CORDOBA,2021-03-03,62.470595863994326,"{""type"":""MultiPoint"",""coordinates"":[]}"
20210303T174604_20210305T111827_1,CENTENARIO,2021-03-03,98.08324202301728,"{""type"":""MultiPoint"",""coordinates"":[]}"
20210303T174604_20210305T111827_2,LA_BOCA,2021-03-03,43.146382492964875,"{""type"":""MultiPoint"",""coordinates"":[]}"
20210304T172709_20210306T110316_0,CORDOBA,2021-03-04,110.61288324922008,"{""type"":""MultiPoint"",""coordinates"":[]}"
20210304T172709_20210306T110316_1,CENTENARIO,2021-03-04,146.477686485996,"{""type"":""MultiPoint"",""coordinates"":[]}"
20210304T172709_20210306T110316_2,LA_BOCA,2021-03-04,70.30144359896175,"{""type"":""MultiPoint"",""coordinates"":[]}"
20210305T170814_20210307T101751_0,CORDOBA,2021-03-05,125.2163499898075,"{""type"":""MultiPoint"",""coordinates"":[]}"
20210305T170814_20210307T101751_1,CENTENARIO,2021-03-05,108.10139411679891,"{""type"":""MultiPoint"",""coordinates"":[]}"
20210305T170814_20210307T101751_2,LA_BOCA,2021-03-05,88.24944394030364,"{""type"":""MultiPoint"",""coordinates"":[]}"
20210306T164919_20210308T101340_0,CORDOBA,2021-03-06,185.2591867555823,"{""type"":""MultiPoint"",""coordinates"":[]}"
20210306T164919_20210308T101340_1,CENTENARIO,2021-03-06,231.84785738045977,"{""type"":""MultiPoint"",""coordinates"":[]}"
20210306T164919_20210308T101340_2,LA_BOCA,2021-03-06,184.53981985738844,"{""type"":""MultiPoint"",""coordinates"":[]}"
20210307T163024_20210309T094235_0,CORDOBA,2021-03-07,74.66175360423006,"{""type"":""MultiPoint"",""coordinates"":[]}"
20210307T163024_20210309T094235_1,CENTENARIO,2021-03-07,72.3337403473109,"{""type"":""MultiPoint"",""coordinates"":[]}"
20210307T163024_20210309T094235_2,LA_BOCA,2021-03-07,64.82408931132792,"{""type"":""MultiPoint"",""coordinates"":[]}"
20210308T175259_20210310T110118_1,CENTENARIO,2021-03-08,149.33731355932755,"{""type"":""MultiPoint"",""coordinates"":[]}"
20210309T173404_20210311T103639_0,CORDOBA,2021-03-09,131.52247138505356,"{""type"":""MultiPoint"",""coordinates"":[]}"
20210309T173404_20210311T103639_1,CENTENARIO,2021-03-09,182.69569507136504,"{""type"":""MultiPoint"",""coordinates"":[]}"
20210309T173404_20210311T103639_2,LA_BOCA,2021-03-09,120.27327497612525,"{""type"":""MultiPoint"",""coordinates"":[]}"
20210310T171509_20210312T102512_0,CORDOBA,2021-03-10,101.61497238740353,"{""type"":""MultiPoint"",""coordinates"":[]}"
20210310T171509_20210312T102512_1,CENTENARIO,2021-03-10,131.46156012488353,"{""type"":""MultiPoint"",""coordinates"":[]}"
20210310T171509_20210312T102512_2,LA_BOCA,2021-03-10,72.91397480420252,"{""type"":""MultiPoint"",""coordinates"":[]}"
20210311T165614_20210313T100824_0,CORDOBA,2021-03-11,170.37714142705215,"{""type"":""MultiPoint"",""coordinates"":[]}"
20210311T165614_20210313T100824_1,CENTENARIO,2021-03-11,140.87382685714093,"{""type"":""MultiPoint"",""coordinates"":[]}"
20210311T165614_20210313T100824_2,LA_BOCA,2021-03-11,233.0904190424017,"{""type"":""MultiPoint"",""coordinates"":[]}"
20210312T163719_20210314T095649_0,CORDOBA,2021-03-12,500.4242403587048,"{""type"":""MultiPoint"",""coordinates"":[]}"
20210312T163719_20210314T095649_1,CENTENARIO,2021-03-12,582.9017890049952,"{""type"":""MultiPoint"",""coordinates"":[]}"
20210312T163719_20210314T095649_2,LA_BOCA,2021-03-12,518.3244171930351,"{""type"":""MultiPoint"",""coordinates"":[]}"
20210313T161824_20210315T092139_0,CORDOBA,2021-03-13,51.2866950974314,"{""type"":""MultiPoint"",""coordinates"":[]}"
20210313T161824_20210315T092139_1,CENTENARIO,2021-03-13,54.828007870485116,"{""type"":""MultiPoint"",""coordinates"":[]}"
20210313T161824_20210315T092139_2,LA_BOCA,2021-03-13,68.35333878091483,"{""type"":""MultiPoint"",""coordinates"":[]}"
20210313T175955_20210315T113802_0,CORDOBA,2021-03-13,133.56642070350074,"{""type"":""MultiPoint"",""coordinates"":[]}"
20210313T175955_20210315T113802_1,CENTENARIO,2021-03-13,209.25348824311422,"{""type"":""MultiPoint"",""coordinates"":[]}"
20210313T175955_20210315T113802_2,LA_BOCA,2021-03-13,75.2380592943148,"{""type"":""MultiPoint"",""coordinates"":[]}"
20210314T174100_20210316T110339_0,CORDOBA,2021-03-14,51.32580403220524,"{""type"":""MultiPoint"",""coordinates"":[]}"
20210314T174100_20210316T110339_1,CENTENARIO,2021-03-14,50.66334891756796,"{""type"":""MultiPoint"",""coordinates"":[]}"
20210314T174100_20210316T110339_2,LA_BOCA,2021-03-14,65.78004185049357,"{""type"":""MultiPoint"",""coordinates"":[]}"
20210318T180651_20210320T110759_0,CORDOBA,2021-03-18,230.49532011074328,"{""type"":""MultiPoint"",""coordinates"":[]}"
20210318T180651_20210320T110759_1,CENTENARIO,2021-03-18,227.68057884282027,"{""type"":""MultiPoint"",""coordinates"":[]}"
20210318T180651_20210320T110759_2,LA_BOCA,2021-03-18,200.74805074335427,"{""type"":""MultiPoint"",""coordinates"":[]}"
20210319T174756_20210321T111107_0,CORDOBA,2021-03-19,102.1514974745441,"{""type"":""MultiPoint"",""coordinates"":[]}"
20210319T174756_20210321T111107_1,CENTENARIO,2021-03-19,102.15149787577728,"{""type"":""MultiPoint"",""coordinates"":[]}"
20210319T174756_20210321T111107_2,LA_BOCA,2021-03-19,102.15149615359097,"{""type"":""MultiPoint"",""coordinates"":[]}"
20210323T163216_20210325T094338_0,CORDOBA,2021-03-23,330.97663774056264,"{""type"":""MultiPoint"",""coordinates"":[]}"
20210323T163216_20210325T094338_1,CENTENARIO,2021-03-23,404.5492468512015,"{""type"":""MultiPoint"",""coordinates"":[]}"
20210323T163216_20210325T094338_2,LA_BOCA,2021-03-23,404.9647970282856,"{""type"":""MultiPoint"",""coordinates"":[]}"
20210324T161321_20210326T092243_0,CORDOBA,2021-03-24,32.19184840327951,"{""type"":""MultiPoint"",""coordinates"":[]}"
20210324T161321_20210326T092243_1,CENTENARIO,2021-03-24,33.83963282319661,"{""type"":""MultiPoint"",""coordinates"":[]}"
20210324T161321_20210326T092243_2,LA_BOCA,2021-03-24,32.1696179226631,"{""type"":""MultiPoint"",""coordinates"":[]}"
20210327T165806_20210329T100000_1,CENTENARIO,2021-03-27,85.31515561012293,"{""type"":""MultiPoint"",""coordinates"":[]}"
20210328T163911_20210330T095806_0,CORDOBA,2021-03-28,153.45696915330814,"{""type"":""MultiPoint"",""coordinates"":[]}"
20210328T163911_20210330T095806_1,CENTENARIO,2021-03-28,157.40075912923902,"{""type"":""MultiPoint"",""coordinates"":[]}"
20210328T163911_20210330T095806_2,LA_BOCA,2021-03-28,184.32463629495874,"{""type"":""MultiPoint"",""coordinates"":[]}"
20210329T180147_20210331T112711_0,CORDOBA,2021-03-29,99.90941364182804,"{""type"":""MultiPoint"",""coordinates"":[]}"
20210329T180147_20210331T112711_1,CENTENARIO,2021-03-29,101.25242806414118,"{""type"":""MultiPoint"",""coordinates"":[]}"
20210329T180147_20210331T112711_2,LA_BOCA,2021-03-29,68.32351647316882,"{""type"":""MultiPoint"",""coordinates"":[]}"
20210330T174252_20210401T105448_0,CORDOBA,2021-03-30,87.14101019860202,"{""type"":""MultiPoint"",""coordinates"":[]}"
20210330T174252_20210401T105448_1,CENTENARIO,2021-03-30,190.23245196136142,"{""type"":""MultiPoint"",""coordinates"":[]}"
20210330T174252_20210401T105448_2,LA_BOCA,2021-03-30,91.8765215859608,"{""type"":""MultiPoint"",""coordinates"":[]}"
20210331T172357_20210402T104202_0,CORDOBA,2021-03-31,66.05381598501495,"{""type"":""MultiPoint"",""coordinates"":[]}"
20210331T172357_20210402T104202_1,CENTENARIO,2021-03-31,91.42967556077936,"{""type"":""MultiPoint"",""coordinates"":[]}"
20210331T172357_20210402T104202_2,LA_BOCA,2021-03-31,70.16197230522737,"{""type"":""MultiPoint"",""coordinates"":[]}"
20210401T170501_20210403T104625_0,CORDOBA,2021-04-01,64.33285838796444,"{""type"":""MultiPoint"",""coordinates"":[]}"
20210401T170501_20210403T104625_1,CENTENARIO,2021-04-01,89.16234159655568,"{""type"":""MultiPoint"",""coordinates"":[]}"
20210401T170501_20210403T104625_2,LA_BOCA,2021-04-01,44.28022284218885,"{""type"":""MultiPoint"",""coordinates"":[]}"
20210402T164606_20210404T103347_0,CORDOBA,2021-04-02,27.235087601878103,"{""type"":""MultiPoint"",""coordinates"":[]}"
20210402T164606_20210404T103347_1,CENTENARIO,2021-04-02,39.85905739688297,"{""type"":""MultiPoint"",""coordinates"":[]}"
20210402T164606_20210404T103347_2,LA_BOCA,2021-04-02,38.88528388966005,"{""type"":""MultiPoint"",""coordinates"":[]}"
20210403T162711_20210405T100624_0,CORDOBA,2021-04-03,15.568173079302653,"{""type"":""MultiPoint"",""coordinates"":[]}"
20210403T162711_20210405T100624_1,CENTENARIO,2021-04-03,33.77767367847125,"{""type"":""MultiPoint"",""coordinates"":[]}"
20210403T162711_20210405T100624_2,LA_BOCA,2021-04-03,26.84912604535961,"{""type"":""MultiPoint"",""coordinates"":[]}"
20210403T180841_20210405T113901_0,CORDOBA,2021-04-03,19.99710638821092,"{""type"":""MultiPoint"",""coordinates"":[]}"
20210403T180841_20210405T113901_1,CENTENARIO,2021-04-03,64.71782726538736,"{""type"":""MultiPoint"",""coordinates"":[]}"
20210403T180841_20210405T113901_2,LA_BOCA,2021-04-03,34.15823554627911,"{""type"":""MultiPoint"",""coordinates"":[]}"
20210404T160816_20210406T091810_2,LA_BOCA,2021-04-04,15.791208159868367,"{""type"":""MultiPoint"",""coordinates"":[]}"
20210404T174946_20210406T110017_0,CORDOBA,2021-04-04,69.20610115449651,"{""type"":""MultiPoint"",""coordinates"":[]}"
20210404T174946_20210406T110017_1,CENTENARIO,2021-04-04,68.99139952861991,"{""type"":""MultiPoint"",""coordinates"":[]}"
20210404T174946_20210406T110017_2,LA_BOCA,2021-04-04,75.76849070388513,"{""type"":""MultiPoint"",""coordinates"":[]}"
20210405T173051_20210407T103515_0,CORDOBA,2021-04-05,87.86190656908948,"{""type"":""MultiPoint"",""coordinates"":[]}"
20210405T173051_20210407T103515_1,CENTENARIO,2021-04-05,134.85365580189114,"{""type"":""MultiPoint"",""coordinates"":[]}"
20210405T173051_20210407T103515_2,LA_BOCA,2021-04-05,90.02271536130223,"{""type"":""MultiPoint"",""coordinates"":[]}"
20210406T171156_20210408T103907_0,CORDOBA,2021-04-06,75.38393480094422,"{""type"":""MultiPoint"",""coordinates"":[]}"
20210406T171156_20210408T103907_1,CENTENARIO,2021-04-06,107.23102338141958,"{""type"":""MultiPoint"",""coordinates"":[]}"
20210406T171156_20210408T103907_2,LA_BOCA,2021-04-06,64.75956571786205,"{""type"":""MultiPoint"",""coordinates"":[]}"
20210407T165300_20210409T100644_0,CORDOBA,2021-04-07,67.52347808032951,"{""type"":""MultiPoint"",""coordinates"":[]}"
20210407T165300_20210409T100644_1,CENTENARIO,2021-04-07,66.56212270398775,"{""type"":""MultiPoint"",""coordinates"":[]}"
20210407T165300_20210409T100644_2,LA_BOCA,2021-04-07,85.63435916791369,"{""type"":""MultiPoint"",""coordinates"":[]}"
20210412T165953_20210414T101105_0,CORDOBA,2021-04-12,220.1645622830416,"{""type"":""MultiPoint"",""coordinates"":[]}"
20210412T165953_20210414T101105_1,CENTENARIO,2021-04-12,208.68601696489154,"{""type"":""MultiPoint"",""coordinates"":[]}"
20210412T165953_20210414T101105_2,LA_BOCA,2021-04-12,236.29621381604508,"{""type"":""MultiPoint"",""coordinates"":[]}"
20210413T164058_20210415T094636_0,CORDOBA,2021-04-13,70.71220499588351,"{""type"":""MultiPoint"",""coordinates"":[]}"
20210413T164058_20210415T094636_1,CENTENARIO,2021-04-13,229.83456322307774,"{""type"":""MultiPoint"",""coordinates"":[]}"
20210413T164058_20210415T094636_2,LA_BOCA,2021-04-13,158.47788239012772,"{""type"":""MultiPoint"",""coordinates"":[]}"
20210414T162202_20210416T094010_0,CORDOBA,2021-04-14,18.314126370474543,"{""type"":""MultiPoint"",""coordinates"":[]}"
20210414T162202_20210416T094010_1,CENTENARIO,2021-04-14,43.05540772584774,"{""type"":""MultiPoint"",""coordinates"":[]}"
20210414T162202_20210416T094010_2,LA_BOCA,2021-04-14,36.39274866943881,"{""type"":""MultiPoint"",""coordinates"":[]}"
20210414T180332_20210416T113025_0,CORDOBA,2021-04-14,82.87949547229019,"{""type"":""MultiPoint"",""coordinates"":[]}"
20210414T180332_20210416T113025_1,CENTENARIO,2021-04-14,81.24527905257636,"{""type"":""MultiPoint"",""coordinates"":[]}"
20210414T180332_20210416T113025_2,LA_BOCA,2021-04-14,95.07718393307916,"{""type"":""MultiPoint"",""coordinates"":[]}"
20210415T174437_20210417T105029_0,CORDOBA,2021-04-15,411.5108472150093,"{""type"":""MultiPoint"",""coordinates"":[]}"
20210415T174437_20210417T105029_1,CENTENARIO,2021-04-15,650.3182588174475,"{""type"":""MultiPoint"",""coordinates"":[]}"
20210415T174437_20210417T105029_2,LA_BOCA,2021-04-15,384.65943755814885,"{""type"":""MultiPoint"",""coordinates"":[]}"
20210416T172541_20210418T104551_0,CORDOBA,2021-04-16,163.2298839223666,"{""type"":""MultiPoint"",""coordinates"":[]}"
20210416T172541_20210418T104551_1,CENTENARIO,2021-04-16,256.68973726798407,"{""type"":""MultiPoint"",""coordinates"":[]}"
20210416T172541_20210418T104551_2,LA_BOCA,2021-04-16,142.87729410410233,"{""type"":""MultiPoint"",""coordinates"":[]}"
20210417T170645_20210419T103053_0,CORDOBA,2021-04-17,57.622769259937584,"{""type"":""MultiPoint"",""coordinates"":[]}"
20210417T170645_20210419T103053_1,CENTENARIO,2021-04-17,80.60652527958888,"{""type"":""MultiPoint"",""coordinates"":[]}"
20210417T170645_20210419T103053_2,LA_BOCA,2021-04-17,80.0785280182115,"{""type"":""MultiPoint"",""coordinates"":[]}"
20210419T162853_20210421T094507_0,CORDOBA,2021-04-19,24.834156440282147,"{""type"":""MultiPoint"",""coordinates"":[]}"
20210419T162853_20210421T094507_1,CENTENARIO,2021-04-19,62.0970086593879,"{""type"":""MultiPoint"",""coordinates"":[]}"
20210419T162853_20210421T094507_2,LA_BOCA,2021-04-19,16.87318209320627,"{""type"":""MultiPoint"",""coordinates"":[]}"
20210419T181023_20210421T114433_0,CORDOBA,2021-04-19,53.67386161494725,"{""type"":""MultiPoint"",""coordinates"":[]}"
20210419T181023_20210421T114433_1,CENTENARIO,2021-04-19,64.44213152474714,"{""type"":""MultiPoint"",""coordinates"":[]}"
20210419T181023_20210421T114433_2,LA_BOCA,2021-04-19,46.9875843868223,"{""type"":""MultiPoint"",""coordinates"":[]}"
20210420T175127_20210422T111741_0,CORDOBA,2021-04-20,41.42249636146554,"{""type"":""MultiPoint"",""coordinates"":[]}"
20210420T175127_20210422T111741_1,CENTENARIO,2021-04-20,59.67676964692211,"{""type"":""MultiPoint"",""coordinates"":[]}"
20210420T175127_20210422T111741_2,LA_BOCA,2021-04-20,41.832276047990526,"{""type"":""MultiPoint"",""coordinates"":[]}"
20210421T173231_20210423T105921_0,CORDOBA,2021-04-21,63.9777240814441,"{""type"":""MultiPoint"",""coordinates"":[]}"
20210421T173231_20210423T105921_1,CENTENARIO,2021-04-21,86.07837671866318,"{""type"":""MultiPoint"",""coordinates"":[]}"
20210421T173231_20210423T105921_2,LA_BOCA,2021-04-21,40.72498749829284,"{""type"":""MultiPoint"",""coordinates"":[]}"
20210422T171335_20210424T104405_0,CORDOBA,2021-04-22,56.42787186491546,"{""type"":""MultiPoint"",""coordinates"":[]}"
20210422T171335_20210424T104405_1,CENTENARIO,2021-04-22,65.26864512315404,"{""type"":""MultiPoint"",""coordinates"":[]}"
20210422T171335_20210424T104405_2,LA_BOCA,2021-04-22,48.98617795275406,"{""type"":""MultiPoint"",""coordinates"":[]}"
20210423T165439_20210425T103259_0,CORDOBA,2021-04-23,103.1491489118064,"{""type"":""MultiPoint"",""coordinates"":[]}"
20210423T165439_20210425T103259_1,CENTENARIO,2021-04-23,106.07542981848539,"{""type"":""MultiPoint"",""coordinates"":[]}"
20210423T165439_20210425T103259_2,LA_BOCA,2021-04-23,74.65266928609523,"{""type"":""MultiPoint"",""coordinates"":[]}"
20210424T163542_20210426T100131_0,CORDOBA,2021-04-24,77.2550305567725,"{""type"":""MultiPoint"",""coordinates"":[]}"
20210424T163542_20210426T100131_1,CENTENARIO,2021-04-24,75.72304546419674,"{""type"":""MultiPoint"",""coordinates"":[]}"
20210424T163542_20210426T100131_2,LA_BOCA,2021-04-24,46.46030128564695,"{""type"":""MultiPoint"",""coordinates"":[]}"
20210427T172023_20210429T103531_0,CORDOBA,2021-04-27,275.169956098959,"{""type"":""MultiPoint"",""coordinates"":[]}"
20210427T172023_20210429T103531_1,CENTENARIO,2021-04-27,285.47125323710094,"{""type"":""MultiPoint"",""coordinates"":[]}"
20210427T172023_20210429T103531_2,LA_BOCA,2021-04-27,265.39204329662243,"{""type"":""MultiPoint"",""coordinates"":[]}"
20210428T170126_20210430T101349_0,CORDOBA,2021-04-28,292.42370184911215,"{""type"":""MultiPoint"",""coordinates"":[]}"
20210428T170126_20210430T101349_1,CENTENARIO,2021-04-28,218.67640955613945,"{""type"":""MultiPoint"",""coordinates"":[]}"
20210428T170126_20210430T101349_2,LA_BOCA,2021-04-28,379.21850089994473,"{""type"":""MultiPoint"",""coordinates"":[]}"
20210429T164229_20210501T093929_0,CORDOBA,2021-04-29,80.62870155002223,"{""type"":""MultiPoint"",""coordinates"":[]}"
20210429T164229_20210501T093929_1,CENTENARIO,2021-04-29,114.84783900541404,"{""type"":""MultiPoint"",""coordinates"":[]}"
20210429T164229_20210501T093929_2,LA_BOCA,2021-04-29,129.59406657218076,"{""type"":""MultiPoint"",""coordinates"":[]}"
20210430T162333_20210502T092717_0,CORDOBA,2021-04-30,86.26061953519311,"{""type"":""MultiPoint"",""coordinates"":[]}"
20210430T162333_20210502T092717_1,CENTENARIO,2021-04-30,95.06054702901376,"{""type"":""MultiPoint"",""coordinates"":[]}"
20210430T162333_20210502T092717_2,LA_BOCA,2021-04-30,66.56141333301026,"{""type"":""MultiPoint"",""coordinates"":[]}"
20210430T180503_20210502T112327_0,CORDOBA,2021-04-30,100.72958684758389,"{""type"":""MultiPoint"",""coordinates"":[]}"
20210430T180503_20210502T112327_1,CENTENARIO,2021-04-30,100.55131587163014,"{""type"":""MultiPoint"",""coordinates"":[]}"
20210430T180503_20210502T112327_2,LA_BOCA,2021-04-30,113.12560674753978,"{""type"":""MultiPoint"",""coordinates"":[]}"
20210501T174606_20210503T105718_0,CORDOBA,2021-05-01,67.0457123182882,"{""type"":""MultiPoint"",""coordinates"":[]}"
20210501T174606_20210503T105718_1,CENTENARIO,2021-05-01,69.23898612430678,"{""type"":""MultiPoint"",""coordinates"":[]}"
20210501T174606_20210503T105718_2,LA_BOCA,2021-05-01,62.865215431023394,"{""type"":""MultiPoint"",""coordinates"":[]}"
20210502T172709_20210504T103124_0,CORDOBA,2021-05-02,42.46696646053385,"{""type"":""MultiPoint"",""coordinates"":[]}"
20210502T172709_20210504T103124_1,CENTENARIO,2021-05-02,49.65326343586487,"{""type"":""MultiPoint"",""coordinates"":[]}"
20210502T172709_20210504T103124_2,LA_BOCA,2021-05-02,58.937485211239114,"{""type"":""MultiPoint"",""coordinates"":[]}"
20210504T164914_20210506T100415_0,CORDOBA,2021-05-04,100.54234042746035,"{""type"":""MultiPoint"",""coordinates"":[]}"
20210504T164914_20210506T100415_1,CENTENARIO,2021-05-04,90.00157663247408,"{""type"":""MultiPoint"",""coordinates"":[]}"
20210504T164914_20210506T100415_2,LA_BOCA,2021-05-04,87.66216731883519,"{""type"":""MultiPoint"",""coordinates"":[]}"
20210505T163017_20210507T094806_0,CORDOBA,2021-05-05,137.91079276738384,"{""type"":""MultiPoint"",""coordinates"":[]}"
20210505T163017_20210507T094806_1,CENTENARIO,2021-05-05,138.01441170045155,"{""type"":""MultiPoint"",""coordinates"":[]}"
20210505T163017_20210507T094806_2,LA_BOCA,2021-05-05,116.88610057450333,"{""type"":""MultiPoint"",""coordinates"":[]}"
20210505T181147_20210507T114340_0,CORDOBA,2021-05-05,140.8897660439719,"{""type"":""MultiPoint"",""coordinates"":[]}"
20210505T181147_20210507T114340_1,CENTENARIO,2021-05-05,139.45149757271852,"{""type"":""MultiPoint"",""coordinates"":[]}"
20210505T181147_20210507T114340_2,LA_BOCA,2021-05-05,115.49414044043667,"{""type"":""MultiPoint"",""coordinates"":[]}"
20210506T175250_20210508T112401_0,CORDOBA,2021-05-06,207.38454854010388,"{""type"":""MultiPoint"",""coordinates"":[]}"
20210506T175250_20210508T112401_1,CENTENARIO,2021-05-06,142.4086557979996,"{""type"":""MultiPoint"",""coordinates"":[]}"
20210506T175250_20210508T112401_2,LA_BOCA,2021-05-06,207.80314438919578,"{""type"":""MultiPoint"",""coordinates"":[]}"
20210507T173353_20210509T111250_0,CORDOBA,2021-05-07,134.9976267552319,"{""type"":""MultiPoint"",""coordinates"":[]}"
20210507T173353_20210509T111250_1,CENTENARIO,2021-05-07,238.44415760308559,"{""type"":""MultiPoint"",""coordinates"":[]}"
20210507T173353_20210509T111250_2,LA_BOCA,2021-05-07,146.32698988792998,"{""type"":""MultiPoint"",""coordinates"":[]}"
20210508T171455_20210510T104733_0,CORDOBA,2021-05-08,56.83715304120065,"{""type"":""MultiPoint"",""coordinates"":[]}"
20210508T171455_20210510T104733_1,CENTENARIO,2021-05-08,65.77822770117666,"{""type"":""MultiPoint"",""coordinates"":[]}"
20210508T171455_20210510T104733_2,LA_BOCA,2021-05-08,56.42734061894332,"{""type"":""MultiPoint"",""coordinates"":[]}"
20210509T165557_20210511T103309_0,CORDOBA,2021-05-09,132.5727363018675,"{""type"":""MultiPoint"",""coordinates"":[]}"
20210510T163659_20210512T101841_0,CORDOBA,2021-05-10,114.55385240522037,"{""type"":""MultiPoint"",""coordinates"":[]}"
20210510T163659_20210512T101841_1,CENTENARIO,2021-05-10,110.37114746767905,"{""type"":""MultiPoint"",""coordinates"":[]}"
20210510T163659_20210512T101841_2,LA_BOCA,2021-05-10,106.38233827405404,"{""type"":""MultiPoint"",""coordinates"":[]}"
20210511T161801_20210513T093815_0,CORDOBA,2021-05-11,171.603837870971,"{""type"":""MultiPoint"",""coordinates"":[]}"
20210511T161801_20210513T093815_1,CENTENARIO,2021-05-11,167.00428803062897,"{""type"":""MultiPoint"",""coordinates"":[]}"
20210511T161801_20210513T093815_2,LA_BOCA,2021-05-11,124.84478996617392,"{""type"":""MultiPoint"",""coordinates"":[]}"
20210511T175932_20210513T112238_0,CORDOBA,2021-05-11,264.80909344277416,"{""type"":""MultiPoint"",""coordinates"":[]}"
20210511T175932_20210513T112238_1,CENTENARIO,2021-05-11,257.0223129722789,"{""type"":""MultiPoint"",""coordinates"":[]}"
20210511T175932_20210513T112238_2,LA_BOCA,2021-05-11,222.81526979226618,"{""type"":""MultiPoint"",""coordinates"":[]}"
20210512T174034_20210514T105602_0,CORDOBA,2021-05-12,298.6708372891949,"{""type"":""MultiPoint"",""coordinates"":[]}"
20210512T174034_20210514T105602_1,CENTENARIO,2021-05-12,296.2607050734171,"{""type"":""MultiPoint"",""coordinates"":[]}"
20210512T174034_20210514T105602_2,LA_BOCA,2021-05-12,320.13780895238517,"{""type"":""MultiPoint"",""coordinates"":[]}"
20210513T172136_20210515T110455_0,CORDOBA,2021-05-13,344.40692669928217,"{""type"":""MultiPoint"",""coordinates"":[]}"
20210513T172136_20210515T110455_1,CENTENARIO,2021-05-13,364.7612727661035,"{""type"":""MultiPoint"",""coordinates"":[]}"
20210513T172136_20210515T110455_2,LA_BOCA,2021-05-13,463.2245381676113,"{""type"":""MultiPoint"",""coordinates"":[]}"
20210514T170237_20210516T104311_0,CORDOBA,2021-05-14,572.4205465329369,"{""type"":""MultiPoint"",""coordinates"":[]}"
20210514T170237_20210516T104311_1,CENTENARIO,2021-05-14,692.4162602417318,"{""type"":""MultiPoint"",""coordinates"":[]}"
20210514T170237_20210516T104311_2,LA_BOCA,2021-05-14,702.4744164385853,"{""type"":""MultiPoint"",""coordinates"":[]}"
20210515T164339_20210517T100628_0,CORDOBA,2021-05-15,285.47019431907364,"{""type"":""MultiPoint"",""coordinates"":[]}"
20210515T164339_20210517T100628_1,CENTENARIO,2021-05-15,329.86639320602757,"{""type"":""MultiPoint"",""coordinates"":[]}"
20210515T164339_20210517T100628_2,LA_BOCA,2021-05-15,279.7557162685987,"{""type"":""MultiPoint"",""coordinates"":[]}"
20210517T174712_20210519T112247_0,CORDOBA,2021-05-17,264.54109473823496,"{""type"":""MultiPoint"",""coordinates"":[]}"
20210517T174712_20210519T112247_1,CENTENARIO,2021-05-17,269.2006355908745,"{""type"":""MultiPoint"",""coordinates"":[]}"
20210517T174712_20210519T112247_2,LA_BOCA,2021-05-17,208.32671245341584,"{""type"":""MultiPoint"",""coordinates"":[]}"
20210518T172814_20210520T111008_0,CORDOBA,2021-05-18,160.5436154644912,"{""type"":""MultiPoint"",""coordinates"":[]}"
20210518T172814_20210520T111008_1,CENTENARIO,2021-05-18,268.3128538311529,"{""type"":""MultiPoint"",""coordinates"":[]}"
20210518T172814_20210520T111008_2,LA_BOCA,2021-05-18,142.32673813777234,"{""type"":""MultiPoint"",""coordinates"":[]}"
20210519T170915_20210521T104456_0,CORDOBA,2021-05-19,67.68781438234207,"{""type"":""MultiPoint"",""coordinates"":[]}"
20210519T170915_20210521T104456_1,CENTENARIO,2021-05-19,104.78283184716818,"{""type"":""MultiPoint"",""coordinates"":[]}"
20210519T170915_20210521T104456_2,LA_BOCA,2021-05-19,61.72281792088631,"{""type"":""MultiPoint"",""coordinates"":[]}"
20210520T165016_20210522T101911_0,CORDOBA,2021-05-20,88.31495917375521,"{""type"":""MultiPoint"",""coordinates"":[]}"
20210520T165016_20210522T101911_1,CENTENARIO,2021-05-20,102.05345000780326,"{""type"":""MultiPoint"",""coordinates"":[]}"
20210520T165016_20210522T101911_2,LA_BOCA,2021-05-20,62.47563051130315,"{""type"":""MultiPoint"",""coordinates"":[]}"
20210524T171549_20210526T101425_0,CORDOBA,2021-05-24,74.50801100443097,"{""type"":""MultiPoint"",""coordinates"":[]}"
20210524T171549_20210526T101425_1,CENTENARIO,2021-05-24,65.13834919579256,"{""type"":""MultiPoint"",""coordinates"":[]}"
20210524T171549_20210526T101425_2,LA_BOCA,2021-05-24,103.79117526762779,"{""type"":""MultiPoint"",""coordinates"":[]}"
20210525T165650_20210527T100635_0,CORDOBA,2021-05-25,85.2914631849552,"{""type"":""MultiPoint"",""coordinates"":[]}"
20210525T165650_20210527T100635_1,CENTENARIO,2021-05-25,95.95026282420878,"{""type"":""MultiPoint"",""coordinates"":[]}"
20210525T165650_20210527T100635_2,LA_BOCA,2021-05-25,72.33497478525499,"{""type"":""MultiPoint"",""coordinates"":[]}"
20210526T163750_20210528T100711_0,CORDOBA,2021-05-26,65.42523233834368,"{""type"":""MultiPoint"",""coordinates"":[]}"
20210526T163750_20210528T100711_1,CENTENARIO,2021-05-26,94.17938945583708,"{""type"":""MultiPoint"",""coordinates"":[]}"
20210526T163750_20210528T100711_2,LA_BOCA,2021-05-26,83.93582499327411,"{""type"":""MultiPoint"",""coordinates"":[]}"
20210527T161851_20210529T092751_0,CORDOBA,2021-05-27,185.169871254218,"{""type"":""MultiPoint"",""coordinates"":[]}"
20210527T161851_20210529T092751_1,CENTENARIO,2021-05-27,206.55291093362837,"{""type"":""MultiPoint"",""coordinates"":[]}"
20210527T161851_20210529T092751_2,LA_BOCA,2021-05-27,195.48065395447333,"{""type"":""MultiPoint"",""coordinates"":[]}"
20210527T180021_20210529T111205_0,CORDOBA,2021-05-27,86.33501410117849,"{""type"":""MultiPoint"",""coordinates"":[]}"
20210527T180021_20210529T111205_1,CENTENARIO,2021-05-27,180.09344313461062,"{""type"":""MultiPoint"",""coordinates"":[]}"
20210527T180021_20210529T111205_2,LA_BOCA,2021-05-27,114.69583878225288,"{""type"":""MultiPoint"",""coordinates"":[]}"
20210528T174121_20210530T094344_0,CORDOBA,2021-05-28,104.05230228404126,"{""type"":""MultiPoint"",""coordinates"":[]}"
20210528T174121_20210530T094344_1,CENTENARIO,2021-05-28,89.49686213448953,"{""type"":""MultiPoint"",""coordinates"":[]}"
20210528T174121_20210530T094344_2,LA_BOCA,2021-05-28,107.3932530134611,"{""type"":""MultiPoint"",""coordinates"":[]}"
20210529T172221_20210531T104024_0,CORDOBA,2021-05-29,66.66305756093756,"{""type"":""MultiPoint"",""coordinates"":[]}"
20210529T172221_20210531T104024_1,CENTENARIO,2021-05-29,62.84591606733835,"{""type"":""MultiPoint"",""coordinates"":[]}"
20210529T172221_20210531T104024_2,LA_BOCA,2021-05-29,46.7146061628618,"{""type"":""MultiPoint"",""coordinates"":[]}"
20210530T170321_20210601T101502_0,CORDOBA,2021-05-30,123.27751962878997,"{""type"":""MultiPoint"",""coordinates"":[]}"
20210530T170321_20210601T101502_1,CENTENARIO,2021-05-30,103.2671506881933,"{""type"":""MultiPoint"",""coordinates"":[]}"
20210530T170321_20210601T101502_2,LA_BOCA,2021-05-30,138.14480880098228,"{""type"":""MultiPoint"",""coordinates"":[]}"
20210531T164421_20210602T101041_0,CORDOBA,2021-05-31,118.26728268701781,"{""type"":""MultiPoint"",""coordinates"":[]}"
20210531T164421_20210602T101041_1,CENTENARIO,2021-05-31,119.24074494465516,"{""type"":""MultiPoint"",""coordinates"":[]}"
20210602T174750_20210604T113135_0,CORDOBA,2021-06-02,156.35212080222706,"{""type"":""MultiPoint"",""coordinates"":[]}"
20210602T174750_20210604T113135_1,CENTENARIO,2021-06-02,153.4624866633769,"{""type"":""MultiPoint"",""coordinates"":[]}"
20210602T174750_20210604T113135_2,LA_BOCA,2021-06-02,144.18970360763046,"{""type"":""MultiPoint"",""coordinates"":[]}"
20210603T172849_20210605T104349_0,CORDOBA,2021-06-03,95.1654681570253,"{""type"":""MultiPoint"",""coordinates"":[]}"
20210603T172849_20210605T104349_1,CENTENARIO,2021-06-03,120.83627925344389,"{""type"":""MultiPoint"",""coordinates"":[]}"
20210603T172849_20210605T104349_2,LA_BOCA,2021-06-03,87.49546664938221,"{""type"":""MultiPoint"",""coordinates"":[]}"
20210606T163147_20210608T093018_0,CORDOBA,2021-06-06,73.29448540346999,"{""type"":""MultiPoint"",""coordinates"":[]}"
20210606T163147_20210608T093018_1,CENTENARIO,2021-06-06,83.18870809925217,"{""type"":""MultiPoint"",""coordinates"":[]}"
20210606T163147_20210608T093018_2,LA_BOCA,2021-06-06,72.41238326038783,"{""type"":""MultiPoint"",""coordinates"":[]}"
20210608T173515_20210610T103303_0,CORDOBA,2021-06-08,135.79799775710168,"{""type"":""MultiPoint"",""coordinates"":[]}"
20210608T173515_20210610T103303_1,CENTENARIO,2021-06-08,128.85774625949324,"{""type"":""MultiPoint"",""coordinates"":[]}"
20210608T173515_20210610T103303_2,LA_BOCA,2021-06-08,97.49865297300694,"{""type"":""MultiPoint"",""coordinates"":[]}"
20210610T165712_20210612T095425_0,CORDOBA,2021-06-10,140.49328443110824,"{""type"":""MultiPoint"",""coordinates"":[]}"
20210610T165712_20210612T095425_1,CENTENARIO,2021-06-10,125.40245270692809,"{""type"":""MultiPoint"",""coordinates"":[]}"
20210610T165712_20210612T095425_2,LA_BOCA,2021-06-10,138.06612432453642,"{""type"":""MultiPoint"",""coordinates"":[]}"
20210611T163811_20210613T092300_0,CORDOBA,2021-06-11,275.0205077683921,"{""type"":""MultiPoint"",""coordinates"":[]}"
20210611T163811_20210613T092300_1,CENTENARIO,2021-06-11,244.0986973689656,"{""type"":""MultiPoint"",""coordinates"":[]}"
20210611T163811_20210613T092300_2,LA_BOCA,2021-06-11,374.20382796082544,"{""type"":""MultiPoint"",""coordinates"":[]}"
20210612T161909_20210614T091027_0,CORDOBA,2021-06-12,161.67979837162318,"{""type"":""MultiPoint"",""coordinates"":[]}"
20210612T161909_20210614T091027_1,CENTENARIO,2021-06-12,175.17409577503696,"{""type"":""MultiPoint"",""coordinates"":[]}"
20210612T161909_20210614T091027_2,LA_BOCA,2021-06-12,188.55205006003968,"{""type"":""MultiPoint"",""coordinates"":[]}"
20210612T180039_20210614T110902_0,CORDOBA,2021-06-12,175.34100412953936,"{""type"":""MultiPoint"",""coordinates"":[]}"
20210612T180039_20210614T110902_1,CENTENARIO,2021-06-12,174.13039909925254,"{""type"":""MultiPoint"",""coordinates"":[]}"
20210612T180039_20210614T110902_2,LA_BOCA,2021-06-12,190.8720073039615,"{""type"":""MultiPoint"",""coordinates"":[]}"
20210613T174137_20210615T122233_0,CORDOBA,2021-06-13,45.877339094475,"{""type"":""MultiPoint"",""coordinates"":[]}"
20210613T174137_20210615T122233_1,CENTENARIO,2021-06-13,53.62716974974819,"{""type"":""MultiPoint"",""coordinates"":[]}"
20210613T174137_20210615T122233_2,LA_BOCA,2021-06-13,58.67956240797367,"{""type"":""MultiPoint"",""coordinates"":[]}"
20210615T170334_20210617T101507_0,CORDOBA,2021-06-15,146.91482731421198,"{""type"":""MultiPoint"",""coordinates"":[]}"
20210615T170334_20210617T101507_1,CENTENARIO,2021-06-15,130.832946801318,"{""type"":""MultiPoint"",""coordinates"":[]}"
20210615T170334_20210617T101507_2,LA_BOCA,2021-06-15,93.62090197454302,"{""type"":""MultiPoint"",""coordinates"":[]}"
20210617T162529_20210619T094729_0,CORDOBA,2021-06-17,133.25837250526843,"{""type"":""MultiPoint"",""coordinates"":[]}"
20210617T162529_20210619T094729_2,LA_BOCA,2021-06-17,104.0986210845391,"{""type"":""MultiPoint"",""coordinates"":[]}"
20210619T172854_20210621T103652_0,CORDOBA,2021-06-19,193.17855993829053,"{""type"":""MultiPoint"",""coordinates"":[]}"
20210619T172854_20210621T103652_1,CENTENARIO,2021-06-19,210.02071763292264,"{""type"":""MultiPoint"",""coordinates"":[]}"
20210619T172854_20210621T103652_2,LA_BOCA,2021-06-19,144.38129869185457,"{""type"":""MultiPoint"",""coordinates"":[]}"
20210620T170952_20210622T101636_0,CORDOBA,2021-06-20,112.03271078820654,"{""type"":""MultiPoint"",""coordinates"":[]}"
20210620T170952_20210622T101636_1,CENTENARIO,2021-06-20,134.64831000952734,"{""type"":""MultiPoint"",""coordinates"":[]}"
20210620T170952_20210622T101636_2,LA_BOCA,2021-06-20,93.92902631356588,"{""type"":""MultiPoint"",""coordinates"":[]}"
20210622T163146_20210624T094920_0,CORDOBA,2021-06-22,69.0385473275901,"{""type"":""MultiPoint"",""coordinates"":[]}"
20210622T163146_20210624T094920_1,CENTENARIO,2021-06-22,87.20308139689654,"{""type"":""MultiPoint"",""coordinates"":[]}"
20210622T163146_20210624T094920_2,LA_BOCA,2021-06-22,75.42638217276355,"{""type"":""MultiPoint"",""coordinates"":[]}"
20210622T181316_20210624T111007_0,CORDOBA,2021-06-22,87.45039489761835,"{""type"":""MultiPoint"",""coordinates"":[]}"
20210622T181316_20210624T111007_1,CENTENARIO,2021-06-22,133.75225399426074,"{""type"":""MultiPoint"",""coordinates"":[]}"
20210622T181316_20210624T111007_2,LA_BOCA,2021-06-22,68.86630517874958,"{""type"":""MultiPoint"",""coordinates"":[]}"
20210624T173511_20210626T104433_0,CORDOBA,2021-06-24,123.9228488182125,"{""type"":""MultiPoint"",""coordinates"":[]}"
20210624T173511_20210626T104433_1,CENTENARIO,2021-06-24,121.16588887881028,"{""type"":""MultiPoint"",""coordinates"":[]}"
20210624T173511_20210626T104433_2,LA_BOCA,2021-06-24,90.92726556380194,"{""type"":""MultiPoint"",""coordinates"":[]}"
20210625T171609_20210627T101523_0,CORDOBA,2021-06-25,115.98696173929606,"{""type"":""MultiPoint"",""coordinates"":[]}"
20210625T171609_20210627T101523_1,CENTENARIO,2021-06-25,133.4837207363803,"{""type"":""MultiPoint"",""coordinates"":[]}"
20210625T171609_20210627T101523_2,LA_BOCA,2021-06-25,123.5566003332556,"{""type"":""MultiPoint"",""coordinates"":[]}"
20210701T170324_20210703T102341_0,CORDOBA,2021-07-01,151.81733148625182,"{""type"":""MultiPoint"",""coordinates"":[]}"
20210701T170324_20210703T102341_1,CENTENARIO,2021-07-01,98.85909664556105,"{""type"":""MultiPoint"",""coordinates"":[]}"
20210701T170324_20210703T102341_2,LA_BOCA,2021-07-01,108.82059333936509,"{""type"":""MultiPoint"",""coordinates"":[]}"
20210702T164421_20210707T050503_0,CORDOBA,2021-07-02,245.01302113785198,"{""type"":""MultiPoint"",""coordinates"":[]}"
20210702T164421_20210707T050503_1,CENTENARIO,2021-07-02,183.1744890774808,"{""type"":""MultiPoint"",""coordinates"":[]}"
20210702T164421_20210707T050503_2,LA_BOCA,2021-07-02,198.92700649538415,"{""type"":""MultiPoint"",""coordinates"":[]}"
20210703T162517_20210707T211704_0,CORDOBA,2021-07-03,173.93641884854483,"{""type"":""MultiPoint"",""coordinates"":[]}"
20210703T162517_20210707T211704_1,CENTENARIO,2021-07-03,171.46568213414173,"{""type"":""MultiPoint"",""coordinates"":[]}"
20210703T162517_20210707T211704_2,LA_BOCA,2021-07-03,166.46198292967222,"{""type"":""MultiPoint"",""coordinates"":[]}"
20210703T180647_20210707T225028_0,CORDOBA,2021-07-03,189.31632086555865,"{""type"":""MultiPoint"",""coordinates"":[]}"
20210703T180647_20210707T225028_1,CENTENARIO,2021-07-03,189.1098393392708,"{""type"":""MultiPoint"",""coordinates"":[]}"
20210703T180647_20210707T225028_2,LA_BOCA,2021-07-03,191.0906290187237,"{""type"":""MultiPoint"",""coordinates"":[]}"
20210704T174744_20210708T155131_0,CORDOBA,2021-07-04,144.50453511160654,"{""type"":""MultiPoint"",""coordinates"":[]}"
20210704T174744_20210708T155131_1,CENTENARIO,2021-07-04,169.6119203106233,"{""type"":""MultiPoint"",""coordinates"":[]}"
20210704T174744_20210708T155131_2,LA_BOCA,2021-07-04,124.44570715192023,"{""type"":""MultiPoint"",""coordinates"":[]}"
20210705T172841_20210710T222238_0,CORDOBA,2021-07-05,187.2066133780581,"{""type"":""MultiPoint"",""coordinates"":[]}"
20210705T172841_20210710T222238_1,CENTENARIO,2021-07-05,292.63777595979576,"{""type"":""MultiPoint"",""coordinates"":[]}"
20210705T172841_20210710T222238_2,LA_BOCA,2021-07-05,155.4065294900586,"{""type"":""MultiPoint"",""coordinates"":[]}"
20210706T170937_20210708T191630_0,CORDOBA,2021-07-06,87.54223489661945,"{""type"":""MultiPoint"",""coordinates"":[]}"
20210706T170937_20210708T191630_1,CENTENARIO,2021-07-06,140.55965546155554,"{""type"":""MultiPoint"",""coordinates"":[]}"
20210706T170937_20210708T191630_2,LA_BOCA,2021-07-06,75.08864848768675,"{""type"":""MultiPoint"",""coordinates"":[]}"
20210708T163130_20210710T102552_0,CORDOBA,2021-07-08,76.9359483494838,"{""type"":""MultiPoint"",""coordinates"":[]}"
20210708T163130_20210710T102552_1,CENTENARIO,2021-07-08,87.75404579554241,"{""type"":""MultiPoint"",""coordinates"":[]}"
20210708T163130_20210710T102552_2,LA_BOCA,2021-07-08,87.1775829816039,"{""type"":""MultiPoint"",""coordinates"":[]}"
20210708T181300_20210710T113153_0,CORDOBA,2021-07-08,57.838705992897125,"{""type"":""MultiPoint"",""coordinates"":[]}"
20210708T181300_20210710T113153_1,CENTENARIO,2021-07-08,130.13948644039718,"{""type"":""MultiPoint"",""coordinates"":[]}"
20210708T181300_20210710T113153_2,LA_BOCA,2021-07-08,66.65156659872603,"{""type"":""MultiPoint"",""coordinates"":[]}"
20210709T175356_20210711T131524_0,CORDOBA,2021-07-09,84.6132306713465,"{""type"":""MultiPoint"",""coordinates"":[]}"
20210709T175356_20210711T131524_1,CENTENARIO,2021-07-09,85.75231155420863,"{""type"":""MultiPoint"",""coordinates"":[]}"
20210709T175356_20210711T131524_2,LA_BOCA,2021-07-09,71.40169507448041,"{""type"":""MultiPoint"",""coordinates"":[]}"
20210710T173453_20210713T121213_0,CORDOBA,2021-07-10,174.00751097949586,"{""type"":""MultiPoint"",""coordinates"":[]}"
20210710T173453_20210713T121213_1,CENTENARIO,2021-07-10,165.9647468925102,"{""type"":""MultiPoint"",""coordinates"":[]}"
20210710T173453_20210713T121213_2,LA_BOCA,2021-07-10,145.2525201196549,"{""type"":""MultiPoint"",""coordinates"":[]}"
20210711T171549_20210713T134039_0,CORDOBA,2021-07-11,83.76432764602478,"{""type"":""MultiPoint"",""coordinates"":[]}"
20210711T171549_20210713T134039_1,CENTENARIO,2021-07-11,101.41210700862324,"{""type"":""MultiPoint"",""coordinates"":[]}"
20210711T171549_20210713T134039_2,LA_BOCA,2021-07-11,61.69254153221459,"{""type"":""MultiPoint"",""coordinates"":[]}"
20210715T174102_20210717T110926_0,CORDOBA,2021-07-15,368.5549791707594,"{""type"":""MultiPoint"",""coordinates"":[]}"
20210715T174102_20210717T110926_1,CENTENARIO,2021-07-15,303.8272178828603,"{""type"":""MultiPoint"",""coordinates"":[]}"
20210715T174102_20210717T110926_2,LA_BOCA,2021-07-15,365.90400567917726,"{""type"":""MultiPoint"",""coordinates"":[]}"
20210716T172157_20210718T104256_0,CORDOBA,2021-07-16,154.68345208161998,"{""type"":""MultiPoint"",""coordinates"":[]}"
20210716T172157_20210718T104256_1,CENTENARIO,2021-07-16,161.3667771159494,"{""type"":""MultiPoint"",""coordinates"":[]}"
20210716T172157_20210718T104256_2,LA_BOCA,2021-07-16,141.3873663295636,"{""type"":""MultiPoint"",""coordinates"":[]}"
20210717T170253_20210719T102300_0,CORDOBA,2021-07-17,82.25337361139071,"{""type"":""MultiPoint"",""coordinates"":[]}"
20210717T170253_20210719T102300_1,CENTENARIO,2021-07-17,82.43970092549755,"{""type"":""MultiPoint"",""coordinates"":[]}"
20210717T170253_20210719T102300_2,LA_BOCA,2021-07-17,69.46780298279691,"{""type"":""MultiPoint"",""coordinates"":[]}"
20210718T164348_20210720T100245_0,CORDOBA,2021-07-18,65.6816560024351,"{""type"":""MultiPoint"",""coordinates"":[]}"
20210718T164348_20210720T100245_1,CENTENARIO,2021-07-18,70.58239335695427,"{""type"":""MultiPoint"",""coordinates"":[]}"
20210718T164348_20210720T100245_2,LA_BOCA,2021-07-18,63.975395978402666,"{""type"":""MultiPoint"",""coordinates"":[]}"
20210719T162444_20210721T092609_0,CORDOBA,2021-07-19,450.7112948562672,"{""type"":""MultiPoint"",""coordinates"":[]}"
20210719T162444_20210721T092609_1,CENTENARIO,2021-07-19,450.2139047031608,"{""type"":""MultiPoint"",""coordinates"":[]}"
20210719T162444_20210721T092609_2,LA_BOCA,2021-07-19,471.0539762174528,"{""type"":""MultiPoint"",""coordinates"":[]}"
20210719T180613_20210721T111810_0,CORDOBA,2021-07-19,587.7690634347243,"{""type"":""MultiPoint"",""coordinates"":[]}"
20210719T180613_20210721T111810_1,CENTENARIO,2021-07-19,583.5800955019603,"{""type"":""MultiPoint"",""coordinates"":[]}"
20210719T180613_20210721T111810_2,LA_BOCA,2021-07-19,693.9012234146062,"{""type"":""MultiPoint"",""coordinates"":[]}"
20210720T174709_20210722T110814_0,CORDOBA,2021-07-20,246.89046353744314,"{""type"":""MultiPoint"",""coordinates"":[]}"
20210720T174709_20210722T110814_1,CENTENARIO,2021-07-20,248.53318641266418,"{""type"":""MultiPoint"",""coordinates"":[]}"
20210720T174709_20210722T110814_2,LA_BOCA,2021-07-20,312.7563134275147,"{""type"":""MultiPoint"",""coordinates"":[]}"
20210721T172804_20210723T104822_0,CORDOBA,2021-07-21,227.95823994360492,"{""type"":""MultiPoint"",""coordinates"":[]}"
20210721T172804_20210723T104822_1,CENTENARIO,2021-07-21,293.4387779595417,"{""type"":""MultiPoint"",""coordinates"":[]}"
20210721T172804_20210723T104822_2,LA_BOCA,2021-07-21,222.19853874636527,"{""type"":""MultiPoint"",""coordinates"":[]}"
20210722T170859_20210724T103125_1,CENTENARIO,2021-07-22,230.31648628013002,"{""type"":""MultiPoint"",""coordinates"":[]}"
20210723T164954_20210725T095032_0,CORDOBA,2021-07-23,256.33977033626127,"{""type"":""MultiPoint"",""coordinates"":[]}"
20210723T164954_20210725T095032_1,CENTENARIO,2021-07-23,338.1872249463145,"{""type"":""MultiPoint"",""coordinates"":[]}"
20210723T164954_20210725T095032_2,LA_BOCA,2021-07-23,289.8631100174971,"{""type"":""MultiPoint"",""coordinates"":[]}"
20210726T173408_20210728T104915_0,CORDOBA,2021-07-26,216.0232627868812,"{""type"":""MultiPoint"",""coordinates"":[]}"
20210726T173408_20210728T104915_1,CENTENARIO,2021-07-26,186.3524857516624,"{""type"":""MultiPoint"",""coordinates"":[]}"
20210726T173408_20210728T104915_2,LA_BOCA,2021-07-26,196.72635292481243,"{""type"":""MultiPoint"",""coordinates"":[]}"
20210727T171503_20210729T105606_0,CORDOBA,2021-07-27,124.44068996444271,"{""type"":""MultiPoint"",""coordinates"":[]}"
20210727T171503_20210729T105606_1,CENTENARIO,2021-07-27,104.75824197886232,"{""type"":""MultiPoint"",""coordinates"":[]}"
20210727T171503_20210729T105606_2,LA_BOCA,2021-07-27,106.63355666015566,"{""type"":""MultiPoint"",""coordinates"":[]}"
20210728T165557_20210730T102653_0,CORDOBA,2021-07-28,83.80271070999663,"{""type"":""MultiPoint"",""coordinates"":[]}"
20210728T165557_20210730T102653_1,CENTENARIO,2021-07-28,83.80271090482896,"{""type"":""MultiPoint"",""coordinates"":[]}"
20210728T165557_20210730T102653_2,LA_BOCA,2021-07-28,80.59633120700255,"{""type"":""MultiPoint"",""coordinates"":[]}"
20210729T163652_20210731T094442_0,CORDOBA,2021-07-29,252.29913701618352,"{""type"":""MultiPoint"",""coordinates"":[]}"
20210729T163652_20210731T094442_1,CENTENARIO,2021-07-29,204.95874213043913,"{""type"":""MultiPoint"",""coordinates"":[]}"
20210729T163652_20210731T094442_2,LA_BOCA,2021-07-29,290.5328119079459,"{""type"":""MultiPoint"",""coordinates"":[]}"
20210730T161746_20210801T091650_0,CORDOBA,2021-07-30,60.39522957429156,"{""type"":""MultiPoint"",""coordinates"":[]}"
20210730T161746_20210801T091650_1,CENTENARIO,2021-07-30,101.4083621319165,"{""type"":""MultiPoint"",""coordinates"":[]}"
20210730T161746_20210801T091650_2,LA_BOCA,2021-07-30,72.82520513368021,"{""type"":""MultiPoint"",""coordinates"":[]}"
20210730T175916_20210801T113721_0,CORDOBA,2021-07-30,90.88300198188439,"{""type"":""MultiPoint"",""coordinates"":[]}"
20210730T175916_20210801T113721_1,CENTENARIO,2021-07-30,94.13000061962762,"{""type"":""MultiPoint"",""coordinates"":[]}"
20210730T175916_20210801T113721_2,LA_BOCA,2021-07-30,121.72195936564813,"{""type"":""MultiPoint"",""coordinates"":[]}"
20210731T174010_20210802T105947_0,CORDOBA,2021-07-31,315.0472964209808,"{""type"":""MultiPoint"",""coordinates"":[]}"
20210731T174010_20210802T105947_1,CENTENARIO,2021-07-31,378.1570141557346,"{""type"":""MultiPoint"",""coordinates"":[]}"
20210731T174010_20210802T105947_2,LA_BOCA,2021-07-31,398.1230765453611,"{""type"":""MultiPoint"",""coordinates"":[]}"
20210801T172104_20210803T104901_0,CORDOBA,2021-08-01,345.6841707989281,"{""type"":""MultiPoint"",""coordinates"":[]}"
20210801T172104_20210803T104901_1,CENTENARIO,2021-08-01,227.13007466871488,"{""type"":""MultiPoint"",""coordinates"":[]}"
20210801T172104_20210803T104901_2,LA_BOCA,2021-08-01,328.5139630090141,"{""type"":""MultiPoint"",""coordinates"":[]}"
20210802T170158_20210804T100145_0,CORDOBA,2021-08-02,140.01811710684404,"{""type"":""MultiPoint"",""coordinates"":[]}"
20210802T170158_20210804T100145_1,CENTENARIO,2021-08-02,140.62849991951032,"{""type"":""MultiPoint"",""coordinates"":[]}"
20210802T170158_20210804T100145_2,LA_BOCA,2021-08-02,151.32224291029763,"{""type"":""MultiPoint"",""coordinates"":[]}"
20210803T164252_20210805T143045_0,CORDOBA,2021-08-03,215.365214529206,"{""type"":""MultiPoint"",""coordinates"":[]}"
20210803T164252_20210805T143045_1,CENTENARIO,2021-08-03,248.84206052791387,"{""type"":""MultiPoint"",""coordinates"":[]}"
20210803T164252_20210805T143045_2,LA_BOCA,2021-08-03,268.28715352634447,"{""type"":""MultiPoint"",""coordinates"":[]}"
20210804T162346_20210806T093131_0,CORDOBA,2021-08-04,85.89826627572101,"{""type"":""MultiPoint"",""coordinates"":[]}"
20210804T162346_20210806T093131_1,CENTENARIO,2021-08-04,83.68221463577937,"{""type"":""MultiPoint"",""coordinates"":[]}"
20210804T162346_20210806T093131_2,LA_BOCA,2021-08-04,86.99615340196914,"{""type"":""MultiPoint"",""coordinates"":[]}"
20210804T180516_20210806T111704_0,CORDOBA,2021-08-04,136.32521021073782,"{""type"":""MultiPoint"",""coordinates"":[]}"
20210804T180516_20210806T111704_1,CENTENARIO,2021-08-04,135.85441583589866,"{""type"":""MultiPoint"",""coordinates"":[]}"
20210804T180516_20210806T111704_2,LA_BOCA,2021-08-04,130.00924373413233,"{""type"":""MultiPoint"",""coordinates"":[]}"
20210806T172704_20210808T103812_0,CORDOBA,2021-08-06,91.6466014440264,"{""type"":""MultiPoint"",""coordinates"":[]}"
20210806T172704_20210808T103812_1,CENTENARIO,2021-08-06,117.28994656721468,"{""type"":""MultiPoint"",""coordinates"":[]}"
20210806T172704_20210808T103812_2,LA_BOCA,2021-08-06,75.3692209409854,"{""type"":""MultiPoint"",""coordinates"":[]}"
20210807T170758_20210809T102240_0,CORDOBA,2021-08-07,111.03082779140236,"{""type"":""MultiPoint"",""coordinates"":[]}"
20210807T170758_20210809T102240_1,CENTENARIO,2021-08-07,137.76975834697035,"{""type"":""MultiPoint"",""coordinates"":[]}"
20210807T170758_20210809T102240_2,LA_BOCA,2021-08-07,110.22371862173443,"{""type"":""MultiPoint"",""coordinates"":[]}"
20210810T175208_20210812T111447_0,CORDOBA,2021-08-10,171.02376141078423,"{""type"":""MultiPoint"",""coordinates"":[]}"
20210810T175208_20210812T111447_1,CENTENARIO,2021-08-10,170.86798863907404,"{""type"":""MultiPoint"",""coordinates"":[]}"
20210810T175208_20210812T111447_2,LA_BOCA,2021-08-10,150.9434037970916,"{""type"":""MultiPoint"",""coordinates"":[]}"
20210811T173302_20210813T104820_0,CORDOBA,2021-08-11,200.51904687364316,"{""type"":""MultiPoint"",""coordinates"":[]}"
20210811T173302_20210813T104820_1,CENTENARIO,2021-08-11,175.14417997971458,"{""type"":""MultiPoint"",""coordinates"":[]}"
20210811T173302_20210813T104820_2,LA_BOCA,2021-08-11,173.77371924809327,"{""type"":""MultiPoint"",""coordinates"":[]}"
20210812T171355_20210814T102131_0,CORDOBA,2021-08-12,192.161523541845,"{""type"":""MultiPoint"",""coordinates"":[]}"
20210812T171355_20210814T102131_1,CENTENARIO,2021-08-12,280.9639974666131,"{""type"":""MultiPoint"",""coordinates"":[]}"
20210812T171355_20210814T102131_2,LA_BOCA,2021-08-12,147.37107448732044,"{""type"":""MultiPoint"",""coordinates"":[]}"
20210813T165449_20210815T101328_0,CORDOBA,2021-08-13,105.20764041211581,"{""type"":""MultiPoint"",""coordinates"":[]}"
20210813T165449_20210815T101328_1,CENTENARIO,2021-08-13,147.5075095386629,"{""type"":""MultiPoint"",""coordinates"":[]}"
20210813T165449_20210815T101328_2,LA_BOCA,2021-08-13,101.96444286661522,"{""type"":""MultiPoint"",""coordinates"":[]}"
20210814T163542_20210816T094326_0,CORDOBA,2021-08-14,214.40185562326306,"{""type"":""MultiPoint"",""coordinates"":[]}"
20210814T163542_20210816T094326_1,CENTENARIO,2021-08-14,364.198844796452,"{""type"":""MultiPoint"",""coordinates"":[]}"
20210814T163542_20210816T094326_2,LA_BOCA,2021-08-14,193.4103071958043,"{""type"":""MultiPoint"",""coordinates"":[]}"
20210815T175805_20210817T114635_1,CENTENARIO,2021-08-15,433.9697364055276,"{""type"":""MultiPoint"",""coordinates"":[]}"
20210816T173858_20210818T104138_0,CORDOBA,2021-08-16,24.04102853080433,"{""type"":""MultiPoint"",""coordinates"":[]}"
20210816T173858_20210818T104138_1,CENTENARIO,2021-08-16,60.69700467377508,"{""type"":""MultiPoint"",""coordinates"":[]}"
20210816T173858_20210818T104138_2,LA_BOCA,2021-08-16,27.52386356727687,"{""type"":""MultiPoint"",""coordinates"":[]}"
20210817T171951_20210819T101837_0,CORDOBA,2021-08-17,97.78728803418936,"{""type"":""MultiPoint"",""coordinates"":[]}"
20210817T171951_20210819T101837_1,CENTENARIO,2021-08-17,123.40263971901999,"{""type"":""MultiPoint"",""coordinates"":[]}"
20210817T171951_20210819T101837_2,LA_BOCA,2021-08-17,87.42119968904427,"{""type"":""MultiPoint"",""coordinates"":[]}"
20210818T170044_20210820T101937_0,CORDOBA,2021-08-18,77.97274894495617,"{""type"":""MultiPoint"",""coordinates"":[]}"
20210818T170044_20210820T101937_1,CENTENARIO,2021-08-18,77.6025932997709,"{""type"":""MultiPoint"",""coordinates"":[]}"
20210819T164137_20210821T093732_0,CORDOBA,2021-08-19,80.85287557860558,"{""type"":""MultiPoint"",""coordinates"":[]}"
20210819T164137_20210821T093732_1,CENTENARIO,2021-08-19,76.66999294389645,"{""type"":""MultiPoint"",""coordinates"":[]}"
20210819T164137_20210821T093732_2,LA_BOCA,2021-08-19,75.58123944033568,"{""type"":""MultiPoint"",""coordinates"":[]}"
20210820T162230_20210822T093942_0,CORDOBA,2021-08-20,132.08494586534704,"{""type"":""MultiPoint"",""coordinates"":[]}"
20210820T162230_20210822T093942_1,CENTENARIO,2021-08-20,132.14432503088193,"{""type"":""MultiPoint"",""coordinates"":[]}"
20210820T162230_20210822T093942_2,LA_BOCA,2021-08-20,109.36302738777864,"{""type"":""MultiPoint"",""coordinates"":[]}"
20210820T180400_20210822T111336_0,CORDOBA,2021-08-20,158.57843174291256,"{""type"":""MultiPoint"",""coordinates"":[]}"
20210820T180400_20210822T111336_1,CENTENARIO,2021-08-20,161.93295498445966,"{""type"":""MultiPoint"",""coordinates"":[]}"
20210820T180400_20210822T111336_2,LA_BOCA,2021-08-20,130.4074736160715,"{""type"":""MultiPoint"",""coordinates"":[]}"
20210822T172545_20210824T104236_0,CORDOBA,2021-08-22,49.94195753453744,"{""type"":""MultiPoint"",""coordinates"":[]}"
20210822T172545_20210824T104236_1,CENTENARIO,2021-08-22,49.06354447089966,"{""type"":""MultiPoint"",""coordinates"":[]}"
20210822T172545_20210824T104236_2,LA_BOCA,2021-08-22,44.40176802510298,"{""type"":""MultiPoint"",""coordinates"":[]}"
20210824T164731_20210826T100209_0,CORDOBA,2021-08-24,191.4067011704581,"{""type"":""MultiPoint"",""coordinates"":[]}"
20210824T164731_20210826T100209_1,CENTENARIO,2021-08-24,264.47503161572905,"{""type"":""MultiPoint"",""coordinates"":[]}"
20210824T164731_20210826T100209_2,LA_BOCA,2021-08-24,141.0135474203289,"{""type"":""MultiPoint"",""coordinates"":[]}"
20210825T180953_20210827T111541_0,CORDOBA,2021-08-25,169.55823372736918,"{""type"":""MultiPoint"",""coordinates"":[]}"
20210825T180953_20210827T111541_1,CENTENARIO,2021-08-25,253.6094534574077,"{""type"":""MultiPoint"",""coordinates"":[]}"
20210825T180953_20210827T111541_2,LA_BOCA,2021-08-25,136.37611221879416,"{""type"":""MultiPoint"",""coordinates"":[]}"
20210826T175046_20210828T111618_0,CORDOBA,2021-08-26,133.36291325076377,"{""type"":""MultiPoint"",""coordinates"":[]}"
20210826T175046_20210828T111618_1,CENTENARIO,2021-08-26,133.15299796387785,"{""type"":""MultiPoint"",""coordinates"":[]}"
20210826T175046_20210828T111618_2,LA_BOCA,2021-08-26,135.97863284540236,"{""type"":""MultiPoint"",""coordinates"":[]}"
20210827T173138_20210829T104211_0,CORDOBA,2021-08-27,599.9808276740367,"{""type"":""MultiPoint"",""coordinates"":[]}"
20210827T173138_20210829T104211_1,CENTENARIO,2021-08-27,719.779889376721,"{""type"":""MultiPoint"",""coordinates"":[]}"
20210827T173138_20210829T104211_2,LA_BOCA,2021-08-27,414.35629344727556,"{""type"":""MultiPoint"",""coordinates"":[]}"
20210829T165323_20210831T094759_0,CORDOBA,2021-08-29,88.06863528518805,"{""type"":""MultiPoint"",""coordinates"":[]}"
20210829T165323_20210831T094759_1,CENTENARIO,2021-08-29,143.34002459980047,"{""type"":""MultiPoint"",""coordinates"":[]}"
20210829T165323_20210831T094759_2,LA_BOCA,2021-08-29,105.79378103089434,"{""type"":""MultiPoint"",""coordinates"":[]}"
20210830T163416_20210901T094243_0,CORDOBA,2021-08-30,49.71167405738059,"{""type"":""MultiPoint"",""coordinates"":[]}"
20210830T163416_20210901T094243_1,CENTENARIO,2021-08-30,69.03540294910373,"{""type"":""MultiPoint"",""coordinates"":[]}"
20210830T163416_20210901T094243_2,LA_BOCA,2021-08-30,54.421220288700894,"{""type"":""MultiPoint"",""coordinates"":[]}"
20210831T161508_20210902T092605_0,CORDOBA,2021-08-31,45.59213586102552,"{""type"":""MultiPoint"",""coordinates"":[]}"
20210831T161508_20210902T092605_1,CENTENARIO,2021-08-31,91.27225285628377,"{""type"":""MultiPoint"",""coordinates"":[]}"
20210831T161508_20210902T092605_2,LA_BOCA,2021-08-31,35.98625563589825,"{""type"":""MultiPoint"",""coordinates"":[]}"
20210831T175638_20210902T111349_0,CORDOBA,2021-08-31,75.19627054033234,"{""type"":""MultiPoint"",""coordinates"":[]}"
20210831T175638_20210902T111349_1,CENTENARIO,2021-08-31,91.73512008518331,"{""type"":""MultiPoint"",""coordinates"":[]}"
20210831T175638_20210902T111349_2,LA_BOCA,2021-08-31,75.87026721637986,"{""type"":""MultiPoint"",""coordinates"":[]}"
20210903T165914_20210905T102325_0,CORDOBA,2021-09-03,64.12245864019177,"{""type"":""MultiPoint"",""coordinates"":[]}"
20210903T165914_20210905T102325_1,CENTENARIO,2021-09-03,82.62632817900518,"{""type"":""MultiPoint"",""coordinates"":[]}"
20210903T165914_20210905T102325_2,LA_BOCA,2021-09-03,54.96151371976599,"{""type"":""MultiPoint"",""coordinates"":[]}"
20210905T162059_20210907T093847_0,CORDOBA,2021-09-05,64.2676168886805,"{""type"":""MultiPoint"",""coordinates"":[]}"
20210905T162059_20210907T093847_1,CENTENARIO,2021-09-05,64.26761687560052,"{""type"":""MultiPoint"",""coordinates"":[]}"
20210905T162059_20210907T093847_2,LA_BOCA,2021-09-05,53.963661421946064,"{""type"":""MultiPoint"",""coordinates"":[]}"
20210905T180228_20210907T112845_0,CORDOBA,2021-09-05,51.22553919800613,"{""type"":""MultiPoint"",""coordinates"":[]}"
20210905T180228_20210907T112845_1,CENTENARIO,2021-09-05,51.25917060477918,"{""type"":""MultiPoint"",""coordinates"":[]}"
20210905T180228_20210907T112845_2,LA_BOCA,2021-09-05,48.185716205690056,"{""type"":""MultiPoint"",""coordinates"":[]}"
20210911T174910_20210913T105356_0,CORDOBA,2021-09-11,79.05332985008117,"{""type"":""MultiPoint"",""coordinates"":[]}"
20210911T174910_20210913T105356_1,CENTENARIO,2021-09-11,79.05333106299119,"{""type"":""MultiPoint"",""coordinates"":[]}"
20210911T174910_20210913T105356_2,LA_BOCA,2021-09-11,48.55016125528453,"{""type"":""MultiPoint"",""coordinates"":[]}"
20210912T173001_20210914T105413_0,CORDOBA,2021-09-12,120.23393078592363,"{""type"":""MultiPoint"",""coordinates"":[]}"
20210912T173001_20210914T105413_1,CENTENARIO,2021-09-12,142.65359997022483,"{""type"":""MultiPoint"",""coordinates"":[]}"
20210912T173001_20210914T105413_2,LA_BOCA,2021-09-12,102.16908151984491,"{""type"":""MultiPoint"",""coordinates"":[]}"
20210914T165145_20210916T094740_0,CORDOBA,2021-09-14,117.42323273997386,"{""type"":""MultiPoint"",""coordinates"":[]}"
20210914T165145_20210916T094740_1,CENTENARIO,2021-09-14,110.9189395651655,"{""type"":""MultiPoint"",""coordinates"":[]}"
20210914T165145_20210916T094740_2,LA_BOCA,2021-09-14,126.92716592189537,"{""type"":""MultiPoint"",""coordinates"":[]}"
20210915T163237_20210917T092944_0,CORDOBA,2021-09-15,215.91557774219814,"{""type"":""MultiPoint"",""coordinates"":[]}"
20210915T163237_20210917T092944_1,CENTENARIO,2021-09-15,218.48471957571428,"{""type"":""MultiPoint"",""coordinates"":[]}"
20210915T163237_20210917T092944_2,LA_BOCA,2021-09-15,251.05248717363952,"{""type"":""MultiPoint"",""coordinates"":[]}"
20210916T161328_20210918T085957_0,CORDOBA,2021-09-16,190.30896841444905,"{""type"":""MultiPoint"",""coordinates"":[]}"
20210916T161328_20210918T085957_1,CENTENARIO,2021-09-16,223.37662778492455,"{""type"":""MultiPoint"",""coordinates"":[]}"
20210916T161328_20210918T085957_2,LA_BOCA,2021-09-16,207.78103542898748,"{""type"":""MultiPoint"",""coordinates"":[]}"
20210916T175458_20210918T113430_0,CORDOBA,2021-09-16,136.69238528475242,"{""type"":""MultiPoint"",""coordinates"":[]}"
20210916T175458_20210918T113430_1,CENTENARIO,2021-09-16,205.0783164772928,"{""type"":""MultiPoint"",""coordinates"":[]}"
20210916T175458_20210918T113430_2,LA_BOCA,2021-09-16,143.2467623425423,"{""type"":""MultiPoint"",""coordinates"":[]}"
20210917T173550_20210919T111945_0,CORDOBA,2021-09-17,97.08372655750891,"{""type"":""MultiPoint"",""coordinates"":[]}"
20210917T173550_20210919T111945_1,CENTENARIO,2021-09-17,116.34508245509832,"{""type"":""MultiPoint"",""coordinates"":[]}"
20210917T173550_20210919T111945_2,LA_BOCA,2021-09-17,66.91530694024668,"{""type"":""MultiPoint"",""coordinates"":[]}"
20210918T171641_20210920T103939_0,CORDOBA,2021-09-18,89.10330760762506,"{""type"":""MultiPoint"",""coordinates"":[]}"
20210918T171641_20210920T103939_1,CENTENARIO,2021-09-18,147.30102164965118,"{""type"":""MultiPoint"",""coordinates"":[]}"
20210918T171641_20210920T103939_2,LA_BOCA,2021-09-18,79.9586478963615,"{""type"":""MultiPoint"",""coordinates"":[]}"
20210921T161916_20210923T093454_0,CORDOBA,2021-09-21,110.12237861800531,"{""type"":""MultiPoint"",""coordinates"":[]}"
20210921T161916_20210923T093454_1,CENTENARIO,2021-09-21,108.34383321994262,"{""type"":""MultiPoint"",""coordinates"":[]}"
20210921T161916_20210923T093454_2,LA_BOCA,2021-09-21,120.88268539557401,"{""type"":""MultiPoint"",""coordinates"":[]}"
20210921T180045_20210923T110848_0,CORDOBA,2021-09-21,81.71377209080613,"{""type"":""MultiPoint"",""coordinates"":[]}"
20210921T180045_20210923T110848_1,CENTENARIO,2021-09-21,97.03713159429816,"{""type"":""MultiPoint"",""coordinates"":[]}"
20210921T180045_20210923T110848_2,LA_BOCA,2021-09-21,80.42294477594861,"{""type"":""MultiPoint"",""coordinates"":[]}"
20210924T170321_20210926T095321_0,CORDOBA,2021-09-24,99.73783280624563,"{""type"":""MultiPoint"",""coordinates"":[]}"
20210924T170321_20210926T095321_1,CENTENARIO,2021-09-24,128.4209845860401,"{""type"":""MultiPoint"",""coordinates"":[]}"
20210924T170321_20210926T095321_2,LA_BOCA,2021-09-24,56.27553479616515,"{""type"":""MultiPoint"",""coordinates"":[]}"
20210925T164413_20210927T100244_0,CORDOBA,2021-09-25,58.29550295082123,"{""type"":""MultiPoint"",""coordinates"":[]}"
20210925T164413_20210927T100244_1,CENTENARIO,2021-09-25,72.83654238593671,"{""type"":""MultiPoint"",""coordinates"":[]}"
20210925T164413_20210927T100244_2,LA_BOCA,2021-09-25,48.359104200761024,"{""type"":""MultiPoint"",""coordinates"":[]}"
20210926T162505_20210928T093744_0,CORDOBA,2021-09-26,78.56946793060101,"{""type"":""MultiPoint"",""coordinates"":[]}"
20210926T162505_20210928T093744_1,CENTENARIO,2021-09-26,190.0570984269959,"{""type"":""MultiPoint"",""coordinates"":[]}"
20210926T162505_20210928T093744_2,LA_BOCA,2021-09-26,104.99119598711104,"{""type"":""MultiPoint"",""coordinates"":[]}"
20210926T180634_20210928T112431_0,CORDOBA,2021-09-26,162.01067807949335,"{""type"":""MultiPoint"",""coordinates"":[]}"
20210926T180634_20210928T112431_1,CENTENARIO,2021-09-26,164.05306380392187,"{""type"":""MultiPoint"",""coordinates"":[]}"
20210926T180634_20210928T112431_2,LA_BOCA,2021-09-26,162.1204498883655,"{""type"":""MultiPoint"",""coordinates"":[]}"
20210929T170910_20211001T085125_0,CORDOBA,2021-09-29,65.12839031858249,"{""type"":""MultiPoint"",""coordinates"":[]}"
20210929T170910_20211001T085125_1,CENTENARIO,2021-09-29,90.95382910417987,"{""type"":""MultiPoint"",""coordinates"":[]}"
20210929T170910_20211001T085125_2,LA_BOCA,2021-09-29,59.45214012809978,"{""type"":""MultiPoint"",""coordinates"":[]}"
20211001T163054_20211003T082220_0,CORDOBA,2021-10-01,184.76074405287483,"{""type"":""MultiPoint"",""coordinates"":[]}"
20211001T163054_20211003T082220_1,CENTENARIO,2021-10-01,188.65284446632756,"{""type"":""MultiPoint"",""coordinates"":[]}"
20211001T163054_20211003T082220_2,LA_BOCA,2021-10-01,165.18081890203192,"{""type"":""MultiPoint"",""coordinates"":[]}"
20211003T173407_20211005T093724_0,CORDOBA,2021-10-03,58.45847515623734,"{""type"":""MultiPoint"",""coordinates"":[]}"
20211003T173407_20211005T093724_1,CENTENARIO,2021-10-03,57.96224093823877,"{""type"":""MultiPoint"",""coordinates"":[]}"
20211003T173407_20211005T093724_2,LA_BOCA,2021-10-03,58.68839249912323,"{""type"":""MultiPoint"",""coordinates"":[]}"
20211004T171459_20211006T090709_0,CORDOBA,2021-10-04,190.6196117971806,"{""type"":""MultiPoint"",""coordinates"":[]}"
20211004T171459_20211006T090709_1,CENTENARIO,2021-10-04,163.80358203175348,"{""type"":""MultiPoint"",""coordinates"":[]}"
20211004T171459_20211006T090709_2,LA_BOCA,2021-10-04,201.5406644632065,"{""type"":""MultiPoint"",""coordinates"":[]}"
20211005T165551_20211007T085417_0,CORDOBA,2021-10-05,80.93426804388858,"{""type"":""MultiPoint"",""coordinates"":[]}"
20211005T165551_20211007T085417_1,CENTENARIO,2021-10-05,98.57950674305262,"{""type"":""MultiPoint"",""coordinates"":[]}"
20211005T165551_20211007T085417_2,LA_BOCA,2021-10-05,76.96467203556013,"{""type"":""MultiPoint"",""coordinates"":[]}"
20211006T163643_20211008T083630_0,CORDOBA,2021-10-06,78.18707170580849,"{""type"":""MultiPoint"",""coordinates"":[]}"
20211006T163643_20211008T083630_1,CENTENARIO,2021-10-06,76.89962032533772,"{""type"":""MultiPoint"",""coordinates"":[]}"
20211006T163643_20211008T083630_2,LA_BOCA,2021-10-06,69.8695139779245,"{""type"":""MultiPoint"",""coordinates"":[]}"
20211007T161735_20211009T081156_0,CORDOBA,2021-10-07,368.63559082120173,"{""type"":""MultiPoint"",""coordinates"":[]}"
20211007T161735_20211009T081156_1,CENTENARIO,2021-10-07,362.90570789043454,"{""type"":""MultiPoint"",""coordinates"":[]}"
20211007T161735_20211009T081156_2,LA_BOCA,2021-10-07,387.6190366761642,"{""type"":""MultiPoint"",""coordinates"":[]}"
20211007T175904_20211009T095453_0,CORDOBA,2021-10-07,413.26237260360523,"{""type"":""MultiPoint"",""coordinates"":[]}"
20211007T175904_20211009T095453_1,CENTENARIO,2021-10-07,414.1623422654397,"{""type"":""MultiPoint"",""coordinates"":[]}"
20211007T175904_20211009T095453_2,LA_BOCA,2021-10-07,377.2326137411106,"{""type"":""MultiPoint"",""coordinates"":[]}"
20211008T173956_20211010T093155_0,CORDOBA,2021-10-08,60.21944498127053,"{""type"":""MultiPoint"",""coordinates"":[]}"
20211008T173956_20211010T093155_1,CENTENARIO,2021-10-08,61.27251945887595,"{""type"":""MultiPoint"",""coordinates"":[]}"
20211008T173956_20211010T093155_2,LA_BOCA,2021-10-08,60.21944521654799,"{""type"":""MultiPoint"",""coordinates"":[]}"
20211009T172048_20211011T090104_0,CORDOBA,2021-10-09,47.090521113751215,"{""type"":""MultiPoint"",""coordinates"":[]}"
20211009T172048_20211011T090104_1,CENTENARIO,2021-10-09,68.24216599740961,"{""type"":""MultiPoint"",""coordinates"":[]}"
20211009T172048_20211011T090104_2,LA_BOCA,2021-10-09,32.834576375906146,"{""type"":""MultiPoint"",""coordinates"":[]}"
20211014T172637_20211016T091410_0,CORDOBA,2021-10-14,261.5798434660974,"{""type"":""MultiPoint"",""coordinates"":[]}"
20211015T170729_20211017T084906_0,CORDOBA,2021-10-15,129.63599302687106,"{""type"":""MultiPoint"",""coordinates"":[]}"
20211015T170729_20211017T084906_1,CENTENARIO,2021-10-15,117.06198562653984,"{""type"":""MultiPoint"",""coordinates"":[]}"
20211015T170729_20211017T084906_2,LA_BOCA,2021-10-15,98.98697981894004,"{""type"":""MultiPoint"",""coordinates"":[]}"
20211016T164821_20211018T082954_0,CORDOBA,2021-10-16,142.3028420821309,"{""type"":""MultiPoint"",""coordinates"":[]}"
20211016T164821_20211018T082954_1,CENTENARIO,2021-10-16,150.27088120278503,"{""type"":""MultiPoint"",""coordinates"":[]}"
20211016T164821_20211018T082954_2,LA_BOCA,2021-10-16,178.63199566167344,"{""type"":""MultiPoint"",""coordinates"":[]}"
20211017T162913_20211019T081401_0,CORDOBA,2021-10-17,37.592878589998946,"{""type"":""MultiPoint"",""coordinates"":[]}"
20211017T162913_20211019T081401_1,CENTENARIO,2021-10-17,49.05014797779343,"{""type"":""MultiPoint"",""coordinates"":[]}"
20211017T162913_20211019T081401_2,LA_BOCA,2021-10-17,54.688388558241755,"{""type"":""MultiPoint"",""coordinates"":[]}"
20211018T161005_20211020T074618_0,CORDOBA,2021-10-18,95.55563340393904,"{""type"":""MultiPoint"",""coordinates"":[]}"
20211018T161005_20211020T074618_1,CENTENARIO,2021-10-18,121.64752448195479,"{""type"":""MultiPoint"",""coordinates"":[]}"
20211018T161005_20211020T074618_2,LA_BOCA,2021-10-18,75.83762056366035,"{""type"":""MultiPoint"",""coordinates"":[]}"
20211018T175134_20211020T100137_0,CORDOBA,2021-10-18,114.74827440033873,"{""type"":""MultiPoint"",""coordinates"":[]}"
20211018T175134_20211020T100137_1,CENTENARIO,2021-10-18,116.03140819145098,"{""type"":""MultiPoint"",""coordinates"":[]}"
20211018T175134_20211020T100137_2,LA_BOCA,2021-10-18,108.7676393595539,"{""type"":""MultiPoint"",""coordinates"":[]}"
20211019T173226_20211021T093531_0,CORDOBA,2021-10-19,365.6157975699191,"{""type"":""MultiPoint"",""coordinates"":[]}"
20211019T173226_20211021T093531_1,CENTENARIO,2021-10-19,461.13105886242306,"{""type"":""MultiPoint"",""coordinates"":[]}"
20211019T173226_20211021T093531_2,LA_BOCA,2021-10-19,254.35185421705484,"{""type"":""MultiPoint"",""coordinates"":[]}"
20211020T171318_20211022T090951_0,CORDOBA,2021-10-20,157.61028415290218,"{""type"":""MultiPoint"",""coordinates"":[]}"
20211020T171318_20211022T090951_1,CENTENARIO,2021-10-20,245.4817636285549,"{""type"":""MultiPoint"",""coordinates"":[]}"
20211020T171318_20211022T090951_2,LA_BOCA,2021-10-20,144.4925408021413,"{""type"":""MultiPoint"",""coordinates"":[]}"
20211021T165410_20211023T085355_0,CORDOBA,2021-10-21,232.171099314828,"{""type"":""MultiPoint"",""coordinates"":[]}"
20211021T165410_20211023T085355_1,CENTENARIO,2021-10-21,243.32036444922045,"{""type"":""MultiPoint"",""coordinates"":[]}"
20211021T165410_20211023T085355_2,LA_BOCA,2021-10-21,346.85357179083314,"{""type"":""MultiPoint"",""coordinates"":[]}"
20211022T163502_20211024T083309_0,CORDOBA,2021-10-22,216.0104127327076,"{""type"":""MultiPoint"",""coordinates"":[]}"
20211022T163502_20211024T083309_1,CENTENARIO,2021-10-22,263.50387404794054,"{""type"":""MultiPoint"",""coordinates"":[]}"
20211023T175724_20211025T100544_0,CORDOBA,2021-10-23,38.348669797184165,"{""type"":""MultiPoint"",""coordinates"":[]}"
20211023T175724_20211025T100544_1,CENTENARIO,2021-10-23,38.36134115182489,"{""type"":""MultiPoint"",""coordinates"":[]}"
20211023T175724_20211025T100544_2,LA_BOCA,2021-10-23,38.34866972413655,"{""type"":""MultiPoint"",""coordinates"":[]}"
20211024T173816_20211026T101211_0,CORDOBA,2021-10-24,47.58836759832566,"{""type"":""MultiPoint"",""coordinates"":[]}"
20211024T173816_20211026T101211_1,CENTENARIO,2021-10-24,45.92728946570984,"{""type"":""MultiPoint"",""coordinates"":[]}"
20211024T173816_20211026T101211_2,LA_BOCA,2021-10-24,48.539721141619914,"{""type"":""MultiPoint"",""coordinates"":[]}"
20211025T171908_20211027T091328_0,CORDOBA,2021-10-25,138.7643056838878,"{""type"":""MultiPoint"",""coordinates"":[]}"
20211025T171908_20211027T091328_1,CENTENARIO,2021-10-25,124.75843456522168,"{""type"":""MultiPoint"",""coordinates"":[]}"
20211025T171908_20211027T091328_2,LA_BOCA,2021-10-25,127.71665224432839,"{""type"":""MultiPoint"",""coordinates"":[]}"
20211026T170000_20211028T084332_0,CORDOBA,2021-10-26,234.6024642624479,"{""type"":""MultiPoint"",""coordinates"":[]}"
20211026T170000_20211028T084332_1,CENTENARIO,2021-10-26,181.52234522663048,"{""type"":""MultiPoint"",""coordinates"":[]}"
20211026T170000_20211028T084332_2,LA_BOCA,2021-10-26,255.0085793828426,"{""type"":""MultiPoint"",""coordinates"":[]}"
20211027T164053_20211029T081756_0,CORDOBA,2021-10-27,137.78459878615632,"{""type"":""MultiPoint"",""coordinates"":[]}"
20211027T164053_20211029T081756_1,CENTENARIO,2021-10-27,157.33077601389667,"{""type"":""MultiPoint"",""coordinates"":[]}"
20211027T164053_20211029T081756_2,LA_BOCA,2021-10-27,192.14202868031612,"{""type"":""MultiPoint"",""coordinates"":[]}"
20211028T162145_20211030T080554_0,CORDOBA,2021-10-28,46.76978883267762,"{""type"":""MultiPoint"",""coordinates"":[]}"
20211028T162145_20211030T080554_1,CENTENARIO,2021-10-28,79.82150171515296,"{""type"":""MultiPoint"",""coordinates"":[]}"
20211028T162145_20211030T080554_2,LA_BOCA,2021-10-28,52.930288558075645,"{""type"":""MultiPoint"",""coordinates"":[]}"
20211028T180315_20211030T095657_0,CORDOBA,2021-10-28,42.43351295485989,"{""type"":""MultiPoint"",""coordinates"":[]}"
20211028T180315_20211030T095657_1,CENTENARIO,2021-10-28,48.69003656529409,"{""type"":""MultiPoint"",""coordinates"":[]}"
20211028T180315_20211030T095657_2,LA_BOCA,2021-10-28,43.90672807398815,"{""type"":""MultiPoint"",""coordinates"":[]}"
20211029T174407_20211031T094413_0,CORDOBA,2021-10-29,85.37054250948992,"{""type"":""MultiPoint"",""coordinates"":[]}"
20211029T174407_20211031T094413_1,CENTENARIO,2021-10-29,87.6062538622925,"{""type"":""MultiPoint"",""coordinates"":[]}"
20211029T174407_20211031T094413_2,LA_BOCA,2021-10-29,80.51230873386055,"{""type"":""MultiPoint"",""coordinates"":[]}"
20211030T172500_20211101T092853_0,CORDOBA,2021-10-30,93.31717115647882,"{""type"":""MultiPoint"",""coordinates"":[]}"
20211030T172500_20211101T092853_1,CENTENARIO,2021-10-30,132.86158858740598,"{""type"":""MultiPoint"",""coordinates"":[]}"
20211030T172500_20211101T092853_2,LA_BOCA,2021-10-30,65.70813413670226,"{""type"":""MultiPoint"",""coordinates"":[]}"
20211103T160830_20211105T081002_0,CORDOBA,2021-11-03,40.100051657891335,"{""type"":""MultiPoint"",""coordinates"":[]}"
20211103T160830_20211105T081002_1,CENTENARIO,2021-11-03,42.2894594571553,"{""type"":""MultiPoint"",""coordinates"":[]}"
20211103T160830_20211105T081002_2,LA_BOCA,2021-11-03,33.12039414741205,"{""type"":""MultiPoint"",""coordinates"":[]}"
20211103T174959_20211105T095606_0,CORDOBA,2021-11-03,52.98292870712302,"{""type"":""MultiPoint"",""coordinates"":[]}"
20211103T174959_20211105T095606_1,CENTENARIO,2021-11-03,78.90689737792569,"{""type"":""MultiPoint"",""coordinates"":[]}"
20211103T174959_20211105T095606_2,LA_BOCA,2021-11-03,48.694875177290484,"{""type"":""MultiPoint"",""coordinates"":[]}"
20211104T173052_20211106T093511_0,CORDOBA,2021-11-04,157.16440144639068,"{""type"":""MultiPoint"",""coordinates"":[]}"
20211104T173052_20211106T093511_1,CENTENARIO,2021-11-04,203.25446508785242,"{""type"":""MultiPoint"",""coordinates"":[]}"
20211104T173052_20211106T093511_2,LA_BOCA,2021-11-04,92.44810000030118,"{""type"":""MultiPoint"",""coordinates"":[]}"
20211106T165238_20211108T084103_0,CORDOBA,2021-11-06,34.5838891476952,"{""type"":""MultiPoint"",""coordinates"":[]}"
20211106T165238_20211108T084103_1,CENTENARIO,2021-11-06,52.18050147054034,"{""type"":""MultiPoint"",""coordinates"":[]}"
20211106T165238_20211108T084103_2,LA_BOCA,2021-11-06,35.31734151952941,"{""type"":""MultiPoint"",""coordinates"":[]}"
20211107T163331_20211109T082914_0,CORDOBA,2021-11-07,74.20677107490341,"{""type"":""MultiPoint"",""coordinates"":[]}"
20211107T163331_20211109T082914_1,CENTENARIO,2021-11-07,107.52784132985957,"{""type"":""MultiPoint"",""coordinates"":[]}"
20211107T163331_20211109T082914_2,LA_BOCA,2021-11-07,72.05426544920844,"{""type"":""MultiPoint"",""coordinates"":[]}"
20211108T161424_20211110T080833_0,CORDOBA,2021-11-08,164.34927462963196,"{""type"":""MultiPoint"",""coordinates"":[]}"
20211108T161424_20211110T080833_1,CENTENARIO,2021-11-08,164.34484342980127,"{""type"":""MultiPoint"",""coordinates"":[]}"
20211108T161424_20211110T080833_2,LA_BOCA,2021-11-08,163.85965844354817,"{""type"":""MultiPoint"",""coordinates"":[]}"
20211108T175554_20211110T101755_0,CORDOBA,2021-11-08,154.68922011706124,"{""type"":""MultiPoint"",""coordinates"":[]}"
20211108T175554_20211110T101755_1,CENTENARIO,2021-11-08,152.14335348850526,"{""type"":""MultiPoint"",""coordinates"":[]}"
20211108T175554_20211110T101755_2,LA_BOCA,2021-11-08,219.14140112733034,"{""type"":""MultiPoint"",""coordinates"":[]}"
20211109T173647_20211111T094415_0,CORDOBA,2021-11-09,61.645688945347345,"{""type"":""MultiPoint"",""coordinates"":[]}"
20211109T173647_20211111T094415_1,CENTENARIO,2021-11-09,73.21069152785329,"{""type"":""MultiPoint"",""coordinates"":[]}"
20211109T173647_20211111T094415_2,LA_BOCA,2021-11-09,58.016831156937975,"{""type"":""MultiPoint"",""coordinates"":[]}"
20211110T171740_20211112T091728_0,CORDOBA,2021-11-10,37.039275631400194,"{""type"":""MultiPoint"",""coordinates"":[]}"
20211110T171740_20211112T091728_1,CENTENARIO,2021-11-10,35.61669827626521,"{""type"":""MultiPoint"",""coordinates"":[]}"
20211110T171740_20211112T091728_2,LA_BOCA,2021-11-10,40.80866378938922,"{""type"":""MultiPoint"",""coordinates"":[]}"
20211111T165833_20211113T085911_0,CORDOBA,2021-11-11,54.87520432290585,"{""type"":""MultiPoint"",""coordinates"":[]}"
20211111T165833_20211113T085911_1,CENTENARIO,2021-11-11,87.20040349445705,"{""type"":""MultiPoint"",""coordinates"":[]}"
20211111T165833_20211113T085911_2,LA_BOCA,2021-11-11,38.60158675731047,"{""type"":""MultiPoint"",""coordinates"":[]}"
20211112T163927_20211114T084044_0,CORDOBA,2021-11-12,33.65283184211982,"{""type"":""MultiPoint"",""coordinates"":[]}"
20211112T163927_20211114T084044_1,CENTENARIO,2021-11-12,56.036103023856434,"{""type"":""MultiPoint"",""coordinates"":[]}"
20211112T163927_20211114T084044_2,LA_BOCA,2021-11-12,28.905328948536923,"{""type"":""MultiPoint"",""coordinates"":[]}"
20211113T162020_20211115T082312_0,CORDOBA,2021-11-13,25.874227755832564,"{""type"":""MultiPoint"",""coordinates"":[]}"
20211113T162020_20211115T082312_1,CENTENARIO,2021-11-13,37.78539717713787,"{""type"":""MultiPoint"",""coordinates"":[]}"
20211113T162020_20211115T082312_2,LA_BOCA,2021-11-13,30.949957986632256,"{""type"":""MultiPoint"",""coordinates"":[]}"
20211113T180150_20211115T101331_0,CORDOBA,2021-11-13,50.932851408647416,"{""type"":""MultiPoint"",""coordinates"":[]}"
20211113T180150_20211115T101331_1,CENTENARIO,2021-11-13,52.573257380711624,"{""type"":""MultiPoint"",""coordinates"":[]}"
20211113T180150_20211115T101331_2,LA_BOCA,2021-11-13,43.08193759440704,"{""type"":""MultiPoint"",""coordinates"":[]}"
20211114T174243_20211116T095244_0,CORDOBA,2021-11-14,86.66301871963203,"{""type"":""MultiPoint"",""coordinates"":[]}"
20211114T174243_20211116T095244_1,CENTENARIO,2021-11-14,79.812334307268,"{""type"":""MultiPoint"",""coordinates"":[]}"
20211114T174243_20211116T095244_2,LA_BOCA,2021-11-14,80.43110617853068,"{""type"":""MultiPoint"",""coordinates"":[]}"
20211115T172337_20211117T210332_0,CORDOBA,2021-11-15,77.27178832756168,"{""type"":""MultiPoint"",""coordinates"":[]}"
20211115T172337_20211117T210332_1,CENTENARIO,2021-11-15,93.00323488014702,"{""type"":""MultiPoint"",""coordinates"":[]}"
20211115T172337_20211117T210332_2,LA_BOCA,2021-11-15,112.00267027900856,"{""type"":""MultiPoint"",""coordinates"":[]}"
20211117T164525_20211119T082651_0,CORDOBA,2021-11-17,186.77081857205394,"{""type"":""MultiPoint"",""coordinates"":[]}"
20211117T164525_20211119T082651_1,CENTENARIO,2021-11-17,182.13554707368013,"{""type"":""MultiPoint"",""coordinates"":[]}"
20211117T164525_20211119T082651_2,LA_BOCA,2021-11-17,152.1834442187557,"{""type"":""MultiPoint"",""coordinates"":[]}"
20211118T162619_20211120T080637_0,CORDOBA,2021-11-18,153.72800514849362,"{""type"":""MultiPoint"",""coordinates"":[]}"
20211118T162619_20211120T080637_1,CENTENARIO,2021-11-18,150.68551744545596,"{""type"":""MultiPoint"",""coordinates"":[]}"
20211118T162619_20211120T080637_2,LA_BOCA,2021-11-18,181.72170483899538,"{""type"":""MultiPoint"",""coordinates"":[]}"
20211119T160713_20211121T075043_0,CORDOBA,2021-11-19,164.33618945796684,"{""type"":""MultiPoint"",""coordinates"":[]}"
20211119T160713_20211121T075043_1,CENTENARIO,2021-11-19,188.9842543723496,"{""type"":""MultiPoint"",""coordinates"":[]}"
20211119T160713_20211121T075043_2,LA_BOCA,2021-11-19,129.01053065878688,"{""type"":""MultiPoint"",""coordinates"":[]}"
20211119T174842_20211121T095726_0,CORDOBA,2021-11-19,217.0781843799433,"{""type"":""MultiPoint"",""coordinates"":[]}"
20211119T174842_20211121T095726_1,CENTENARIO,2021-11-19,193.99766868092644,"{""type"":""MultiPoint"",""coordinates"":[]}"
20211119T174842_20211121T095726_2,LA_BOCA,2021-11-19,161.07902875650717,"{""type"":""MultiPoint"",""coordinates"":[]}"
20211120T172937_20211122T093057_0,CORDOBA,2021-11-20,67.58967818606352,"{""type"":""MultiPoint"",""coordinates"":[]}"
20211120T172937_20211122T093057_1,CENTENARIO,2021-11-20,85.58576087525384,"{""type"":""MultiPoint"",""coordinates"":[]}"
20211120T172937_20211122T093057_2,LA_BOCA,2021-11-20,57.753085826536754,"{""type"":""MultiPoint"",""coordinates"":[]}"
20211121T171031_20211123T091415_0,CORDOBA,2021-11-21,68.60094421935094,"{""type"":""MultiPoint"",""coordinates"":[]}"
20211121T171031_20211123T091415_1,CENTENARIO,2021-11-21,68.48311262535024,"{""type"":""MultiPoint"",""coordinates"":[]}"
20211121T171031_20211123T091415_2,LA_BOCA,2021-11-21,74.02719631695024,"{""type"":""MultiPoint"",""coordinates"":[]}"
20211122T165126_20211124T084829_0,CORDOBA,2021-11-22,83.94842229864021,"{""type"":""MultiPoint"",""coordinates"":[]}"
20211122T165126_20211124T084829_1,CENTENARIO,2021-11-22,67.5980513582219,"{""type"":""MultiPoint"",""coordinates"":[]}"
20211122T165126_20211124T084829_2,LA_BOCA,2021-11-22,98.22845957465358,"{""type"":""MultiPoint"",""coordinates"":[]}"
20211123T163221_20211125T082935_0,CORDOBA,2021-11-23,32.49041468996251,"{""type"":""MultiPoint"",""coordinates"":[]}"
20211123T163221_20211125T082935_1,CENTENARIO,2021-11-23,72.71963708737042,"{""type"":""MultiPoint"",""coordinates"":[]}"
20211123T163221_20211125T082935_2,LA_BOCA,2021-11-23,44.99563761503472,"{""type"":""MultiPoint"",""coordinates"":[]}"
20211124T161316_20211126T081559_0,CORDOBA,2021-11-24,35.70211448769551,"{""type"":""MultiPoint"",""coordinates"":[]}"
20211124T161316_20211126T081559_1,CENTENARIO,2021-11-24,60.841466066605626,"{""type"":""MultiPoint"",""coordinates"":[]}"
20211124T161316_20211126T081559_2,LA_BOCA,2021-11-24,56.63229599819572,"{""type"":""MultiPoint"",""coordinates"":[]}"
20211124T175445_20211126T100610_0,CORDOBA,2021-11-24,60.00853330853196,"{""type"":""MultiPoint"",""coordinates"":[]}"
20211124T175445_20211126T100610_1,CENTENARIO,2021-11-24,59.498390931749235,"{""type"":""MultiPoint"",""coordinates"":[]}"
20211124T175445_20211126T100610_2,LA_BOCA,2021-11-24,75.39695006393649,"{""type"":""MultiPoint"",""coordinates"":[]}"
20211126T171635_20211128T092320_0,CORDOBA,2021-11-26,113.38867316800048,"{""type"":""MultiPoint"",""coordinates"":[]}"
20211126T171635_20211128T092320_1,CENTENARIO,2021-11-26,176.1227236876979,"{""type"":""MultiPoint"",""coordinates"":[]}"
20211126T171635_20211128T092320_2,LA_BOCA,2021-11-26,83.86426970364779,"{""type"":""MultiPoint"",""coordinates"":[]}"
20211127T165731_20211129T090804_0,CORDOBA,2021-11-27,43.3954184169197,"{""type"":""MultiPoint"",""coordinates"":[]}"
20211127T165731_20211129T090804_1,CENTENARIO,2021-11-27,53.35524273852496,"{""type"":""MultiPoint"",""coordinates"":[]}"
20211127T165731_20211129T090804_2,LA_BOCA,2021-11-27,32.96367413515372,"{""type"":""MultiPoint"",""coordinates"":[]}"
20211129T180051_20211201T101608_0,CORDOBA,2021-11-29,34.717668313530204,"{""type"":""MultiPoint"",""coordinates"":[]}"
20211129T180051_20211201T101608_1,CENTENARIO,2021-11-29,34.685675942170526,"{""type"":""MultiPoint"",""coordinates"":[]}"
20211129T180051_20211201T101608_2,LA_BOCA,2021-11-29,34.567634341767196,"{""type"":""MultiPoint"",""coordinates"":[]}"
20211130T174147_20211202T094737_0,CORDOBA,2021-11-30,134.5752257430003,"{""type"":""MultiPoint"",""coordinates"":[]}"
20211130T174147_20211202T094737_1,CENTENARIO,2021-11-30,128.68478702424687,"{""type"":""MultiPoint"",""coordinates"":[]}"
20211130T174147_20211202T094737_2,LA_BOCA,2021-11-30,121.97595291479173,"{""type"":""MultiPoint"",""coordinates"":[]}"
20211202T170339_20211204T090622_0,CORDOBA,2021-12-02,69.40518276682212,"{""type"":""MultiPoint"",""coordinates"":[]}"
20211202T170339_20211204T090622_1,CENTENARIO,2021-12-02,118.88832966326547,"{""type"":""MultiPoint"",""coordinates"":[]}"
20211202T170339_20211204T090622_2,LA_BOCA,2021-12-02,62.35759236426628,"{""type"":""MultiPoint"",""coordinates"":[]}"
20211204T162531_20211206T082536_2,LA_BOCA,2021-12-04,21.706657846248966,"{""type"":""MultiPoint"",""coordinates"":[]}"
20211205T160627_20211207T080638_0,CORDOBA,2021-12-05,33.11406584281602,"{""type"":""MultiPoint"",""coordinates"":[]}"
20211205T160627_20211207T080638_1,CENTENARIO,2021-12-05,32.84851892562005,"{""type"":""MultiPoint"",""coordinates"":[]}"
20211205T160627_20211207T080638_2,LA_BOCA,2021-12-05,39.01228691433145,"{""type"":""MultiPoint"",""coordinates"":[]}"
20211205T174757_20211207T095053_0,CORDOBA,2021-12-05,72.04379446067526,"{""type"":""MultiPoint"",""coordinates"":[]}"
20211205T174757_20211207T095053_1,CENTENARIO,2021-12-05,78.44713444484412,"{""type"":""MultiPoint"",""coordinates"":[]}"
20211205T174757_20211207T095053_2,LA_BOCA,2021-12-05,30.22835392568659,"{""type"":""MultiPoint"",""coordinates"":[]}"
20211206T172854_20211208T092414_0,CORDOBA,2021-12-06,57.42147095636192,"{""type"":""MultiPoint"",""coordinates"":[]}"
20211206T172854_20211208T092414_1,CENTENARIO,2021-12-06,81.37107019563331,"{""type"":""MultiPoint"",""coordinates"":[]}"
20211206T172854_20211208T092414_2,LA_BOCA,2021-12-06,34.62129793269265,"{""type"":""MultiPoint"",""coordinates"":[]}"
20211207T170950_20211209T090648_0,CORDOBA,2021-12-07,63.69019924519207,"{""type"":""MultiPoint"",""coordinates"":[]}"
20211207T170950_20211209T090648_1,CENTENARIO,2021-12-07,96.38649967953889,"{""type"":""MultiPoint"",""coordinates"":[]}"
20211207T170950_20211209T090648_2,LA_BOCA,2021-12-07,61.42214052159753,"{""type"":""MultiPoint"",""coordinates"":[]}"
20211208T165047_20211210T084502_0,CORDOBA,2021-12-08,59.93673853024695,"{""type"":""MultiPoint"",""coordinates"":[]}"
20211208T165047_20211210T084502_1,CENTENARIO,2021-12-08,82.76244394967004,"{""type"":""MultiPoint"",""coordinates"":[]}"
20211208T165047_20211210T084502_2,LA_BOCA,2021-12-08,43.189497554028954,"{""type"":""MultiPoint"",""coordinates"":[]}"
20211210T175411_20211212T095858_0,CORDOBA,2021-12-10,94.68666861330226,"{""type"":""MultiPoint"",""coordinates"":[]}"
20211210T175411_20211212T095858_1,CENTENARIO,2021-12-10,138.4688720582841,"{""type"":""MultiPoint"",""coordinates"":[]}"
20211210T175411_20211212T095858_2,LA_BOCA,2021-12-10,84.43490509645773,"{""type"":""MultiPoint"",""coordinates"":[]}"
20211212T171605_20211214T091306_0,CORDOBA,2021-12-12,74.91494800418673,"{""type"":""MultiPoint"",""coordinates"":[]}"
20211212T171605_20211214T091306_1,CENTENARIO,2021-12-12,74.05985920336596,"{""type"":""MultiPoint"",""coordinates"":[]}"
20211212T171605_20211214T091306_2,LA_BOCA,2021-12-12,70.44987619152158,"{""type"":""MultiPoint"",""coordinates"":[]}"
20211214T163800_20211216T082613_0,CORDOBA,2021-12-14,46.860983520751134,"{""type"":""MultiPoint"",""coordinates"":[]}"
20211214T163800_20211216T082613_1,CENTENARIO,2021-12-14,66.39325461510437,"{""type"":""MultiPoint"",""coordinates"":[]}"
20211214T163800_20211216T082613_2,LA_BOCA,2021-12-14,39.042752868376944,"{""type"":""MultiPoint"",""coordinates"":[]}"
20211215T161858_20211217T080550_0,CORDOBA,2021-12-15,221.98278011542587,"{""type"":""MultiPoint"",""coordinates"":[]}"
20211215T161858_20211217T080550_1,CENTENARIO,2021-12-15,222.69869095503702,"{""type"":""MultiPoint"",""coordinates"":[]}"
20211215T161858_20211217T080550_2,LA_BOCA,2021-12-15,159.82134869364643,"{""type"":""MultiPoint"",""coordinates"":[]}"
20211216T174126_20211218T094904_0,CORDOBA,2021-12-16,69.28201875488942,"{""type"":""MultiPoint"",""coordinates"":[]}"
20211216T174126_20211218T094904_1,CENTENARIO,2021-12-16,69.53730496308494,"{""type"":""MultiPoint"",""coordinates"":[]}"
20211216T174126_20211218T094904_2,LA_BOCA,2021-12-16,62.10062706149892,"{""type"":""MultiPoint"",""coordinates"":[]}"
20211217T172224_20211219T092138_0,CORDOBA,2021-12-17,74.64487306754413,"{""type"":""MultiPoint"",""coordinates"":[]}"
20211217T172224_20211219T092138_1,CENTENARIO,2021-12-17,95.2828064721982,"{""type"":""MultiPoint"",""coordinates"":[]}"
20211217T172224_20211219T092138_2,LA_BOCA,2021-12-17,56.15666811991981,"{""type"":""MultiPoint"",""coordinates"":[]}"
20211218T170322_20211220T090452_0,CORDOBA,2021-12-18,52.96614691776373,"{""type"":""MultiPoint"",""coordinates"":[]}"
20211218T170322_20211220T090452_1,CENTENARIO,2021-12-18,77.34310162674196,"{""type"":""MultiPoint"",""coordinates"":[]}"
20211218T170322_20211220T090452_2,LA_BOCA,2021-12-18,41.41557068849331,"{""type"":""MultiPoint"",""coordinates"":[]}"
20211219T164420_20211221T084654_0,CORDOBA,2021-12-19,53.775571058341896,"{""type"":""MultiPoint"",""coordinates"":[]}"
20211219T164420_20211221T084654_1,CENTENARIO,2021-12-19,87.8312184420181,"{""type"":""MultiPoint"",""coordinates"":[]}"
20211219T164420_20211221T084654_2,LA_BOCA,2021-12-19,59.042210586592866,"{""type"":""MultiPoint"",""coordinates"":[]}"
20211220T162518_20211222T082311_0,CORDOBA,2021-12-20,52.700020914126846,"{""type"":""MultiPoint"",""coordinates"":[]}"
20211220T162518_20211222T082311_1,CENTENARIO,2021-12-20,91.02081266480297,"{""type"":""MultiPoint"",""coordinates"":[]}"
20211220T162518_20211222T082311_2,LA_BOCA,2021-12-20,61.9067899328016,"{""type"":""MultiPoint"",""coordinates"":[]}"
20211221T160617_20211223T075846_0,CORDOBA,2021-12-21,50.512299899863834,"{""type"":""MultiPoint"",""coordinates"":[]}"
20211221T160617_20211223T075846_1,CENTENARIO,2021-12-21,73.3738439870214,"{""type"":""MultiPoint"",""coordinates"":[]}"
20211221T160617_20211223T075846_2,LA_BOCA,2021-12-21,46.79368365707874,"{""type"":""MultiPoint"",""coordinates"":[]}"
20211221T174747_20211223T095820_0,CORDOBA,2021-12-21,56.14945861982645,"{""type"":""MultiPoint"",""coordinates"":[]}"
20211221T174747_20211223T095820_1,CENTENARIO,2021-12-21,86.61228402042262,"{""type"":""MultiPoint"",""coordinates"":[]}"
20211221T174747_20211223T095820_2,LA_BOCA,2021-12-21,56.28408687247371,"{""type"":""MultiPoint"",""coordinates"":[]}"
20211222T172846_20211224T093523_0,CORDOBA,2021-12-22,94.07383718629879,"{""type"":""MultiPoint"",""coordinates"":[]}"
20211222T172846_20211224T093523_1,CENTENARIO,2021-12-22,114.45158083014766,"{""type"":""MultiPoint"",""coordinates"":[]}"
20211222T172846_20211224T093523_2,LA_BOCA,2021-12-22,58.92717990051912,"{""type"":""MultiPoint"",""coordinates"":[]}"
20211223T170944_20211225T091625_0,CORDOBA,2021-12-23,89.32704073985515,"{""type"":""MultiPoint"",""coordinates"":[]}"
20211223T170944_20211225T091625_1,CENTENARIO,2021-12-23,152.556289815467,"{""type"":""MultiPoint"",""coordinates"":[]}"
20211223T170944_20211225T091625_2,LA_BOCA,2021-12-23,83.15479331045654,"{""type"":""MultiPoint"",""coordinates"":[]}"
20211224T165043_20211226T085741_0,CORDOBA,2021-12-24,93.37050545670651,"{""type"":""MultiPoint"",""coordinates"":[]}"
20211224T165043_20211226T085741_1,CENTENARIO,2021-12-24,91.97152095813362,"{""type"":""MultiPoint"",""coordinates"":[]}"
20211224T165043_20211226T085741_2,LA_BOCA,2021-12-24,120.37745648068322,"{""type"":""MultiPoint"",""coordinates"":[]}"
20211225T163142_20211227T083230_0,CORDOBA,2021-12-25,51.599407564982805,"{""type"":""MultiPoint"",""coordinates"":[]}"
20211225T163142_20211227T083230_1,CENTENARIO,2021-12-25,49.22969106601625,"{""type"":""MultiPoint"",""coordinates"":[]}"
20211225T163142_20211227T083230_2,LA_BOCA,2021-12-25,40.50597178997188,"{""type"":""MultiPoint"",""coordinates"":[]}"
20211226T161242_20211228T082122_0,CORDOBA,2021-12-26,118.39753338404368,"{""type"":""MultiPoint"",""coordinates"":[]}"
20211226T161242_20211228T082122_1,CENTENARIO,2021-12-26,115.24150905509838,"{""type"":""MultiPoint"",""coordinates"":[]}"
20211226T161242_20211228T082122_2,LA_BOCA,2021-12-26,127.74892430425024,"{""type"":""MultiPoint"",""coordinates"":[]}"
20211226T175411_20211228T100834_0,CORDOBA,2021-12-26,86.70018395905943,"{""type"":""MultiPoint"",""coordinates"":[]}"
20211226T175411_20211228T100834_1,CENTENARIO,2021-12-26,79.99354340784296,"{""type"":""MultiPoint"",""coordinates"":[]}"
20211226T175411_20211228T100834_2,LA_BOCA,2021-12-26,95.93380553541215,"{""type"":""MultiPoint"",""coordinates"":[]}"
20211227T173511_20211229T094216_0,CORDOBA,2021-12-27,129.72419763980406,"{""type"":""MultiPoint"",""coordinates"":[]}"
20211227T173511_20211229T094216_1,CENTENARIO,2021-12-27,132.6451172281907,"{""type"":""MultiPoint"",""coordinates"":[]}"
20211227T173511_20211229T094216_2,LA_BOCA,2021-12-27,117.49272050669612,"{""type"":""MultiPoint"",""coordinates"":[]}"
20211228T171610_20211230T091606_0,CORDOBA,2021-12-28,130.51798892857786,"{""type"":""MultiPoint"",""coordinates"":[]}"
20211228T171610_20211230T091606_1,CENTENARIO,2021-12-28,110.2377197816448,"{""type"":""MultiPoint"",""coordinates"":[]}"
20211228T171610_20211230T091606_2,LA_BOCA,2021-12-28,122.83340878972419,"{""type"":""MultiPoint"",""coordinates"":[]}"
20211229T165710_20211231T085058_0,CORDOBA,2021-12-29,114.87344513595724,"{""type"":""MultiPoint"",""coordinates"":[]}"
20211229T165710_20211231T085058_1,CENTENARIO,2021-12-29,115.88260296906297,"{""type"":""MultiPoint"",""coordinates"":[]}"
20211229T165710_20211231T085058_2,LA_BOCA,2021-12-29,101.7502323123155,"{""type"":""MultiPoint"",""coordinates"":[]}"
20211230T163810_20220101T082924_0,CORDOBA,2021-12-30,194.66482792809487,"{""type"":""MultiPoint"",""coordinates"":[]}"
20211230T163810_20220101T082924_1,CENTENARIO,2021-12-30,145.07576747526957,"{""type"":""MultiPoint"",""coordinates"":[]}"
20211230T163810_20220101T082924_2,LA_BOCA,2021-12-30,197.37848260010423,"{""type"":""MultiPoint"",""coordinates"":[]}"
20211231T161909_20220102T081020_0,CORDOBA,2021-12-31,60.73004938232124,"{""type"":""MultiPoint"",""coordinates"":[]}"
20211231T161909_20220102T081020_1,CENTENARIO,2021-12-31,60.70454848078665,"{""type"":""MultiPoint"",""coordinates"":[]}"
20211231T161909_20220102T081020_2,LA_BOCA,2021-12-31,56.53219345148557,"{""type"":""MultiPoint"",""coordinates"":[]}"
20211231T180039_20220102T101526_0,CORDOBA,2021-12-31,57.259619858000825,"{""type"":""MultiPoint"",""coordinates"":[]}"
20211231T180039_20220102T101526_1,CENTENARIO,2021-12-31,62.06694529136126,"{""type"":""MultiPoint"",""coordinates"":[]}"
20211231T180039_20220102T101526_2,LA_BOCA,2021-12-31,45.76801884489598,"{""type"":""MultiPoint"",""coordinates"":[]}"
20220102T172240_20220104T092937_0,CORDOBA,2022-01-02,100.24474098743897,"{""type"":""MultiPoint"",""coordinates"":[]}"
20220102T172240_20220104T092937_1,CENTENARIO,2022-01-02,118.53317160654153,"{""type"":""MultiPoint"",""coordinates"":[]}"
20220102T172240_20220104T092937_2,LA_BOCA,2022-01-02,84.9255059918528,"{""type"":""MultiPoint"",""coordinates"":[]}"
20220103T170340_20220105T090419_0,CORDOBA,2022-01-03,285.1502989249177,"{""type"":""MultiPoint"",""coordinates"":[]}"
20220103T170340_20220105T090419_1,CENTENARIO,2022-01-03,435.6801097535267,"{""type"":""MultiPoint"",""coordinates"":[]}"
20220103T170340_20220105T090419_2,LA_BOCA,2022-01-03,239.91670218433003,"{""type"":""MultiPoint"",""coordinates"":[]}"
20220105T162541_20220107T082306_0,CORDOBA,2022-01-05,57.68284103109729,"{""type"":""MultiPoint"",""coordinates"":[]}"
20220105T162541_20220107T082306_1,CENTENARIO,2022-01-05,57.88111719586792,"{""type"":""MultiPoint"",""coordinates"":[]}"
20220105T162541_20220107T082306_2,LA_BOCA,2022-01-05,50.73644868474118,"{""type"":""MultiPoint"",""coordinates"":[]}"
20220106T160641_20220108T080756_0,CORDOBA,2022-01-06,56.372672113186475,"{""type"":""MultiPoint"",""coordinates"":[]}"
20220106T160641_20220108T080756_1,CENTENARIO,2022-01-06,59.9427311017385,"{""type"":""MultiPoint"",""coordinates"":[]}"
20220106T160641_20220108T080756_2,LA_BOCA,2022-01-06,56.769238647043395,"{""type"":""MultiPoint"",""coordinates"":[]}"
20220106T174811_20220108T100301_0,CORDOBA,2022-01-06,98.4945258719583,"{""type"":""MultiPoint"",""coordinates"":[]}"
20220106T174811_20220108T100301_1,CENTENARIO,2022-01-06,98.50265769926496,"{""type"":""MultiPoint"",""coordinates"":[]}"
20220106T174811_20220108T100301_2,LA_BOCA,2022-01-06,89.34454425993526,"{""type"":""MultiPoint"",""coordinates"":[]}"
20220107T172912_20220109T093630_0,CORDOBA,2022-01-07,100.09447333791778,"{""type"":""MultiPoint"",""coordinates"":[]}"
20220107T172912_20220109T093630_1,CENTENARIO,2022-01-07,147.2073557198707,"{""type"":""MultiPoint"",""coordinates"":[]}"
20220107T172912_20220109T093630_2,LA_BOCA,2022-01-07,95.4537201721967,"{""type"":""MultiPoint"",""coordinates"":[]}"
20220108T171013_20220110T091400_0,CORDOBA,2022-01-08,48.65379350341856,"{""type"":""MultiPoint"",""coordinates"":[]}"
20220108T171013_20220110T091400_1,CENTENARIO,2022-01-08,60.354086322767856,"{""type"":""MultiPoint"",""coordinates"":[]}"
20220108T171013_20220110T091400_2,LA_BOCA,2022-01-08,61.41769480726127,"{""type"":""MultiPoint"",""coordinates"":[]}"
20220109T165114_20220111T085936_0,CORDOBA,2022-01-09,61.048031793721506,"{""type"":""MultiPoint"",""coordinates"":[]}"
20220109T165114_20220111T085936_1,CENTENARIO,2022-01-09,98.1233807890363,"{""type"":""MultiPoint"",""coordinates"":[]}"
20220109T165114_20220111T085936_2,LA_BOCA,2022-01-09,73.6674143826694,"{""type"":""MultiPoint"",""coordinates"":[]}"
20220110T163215_20220112T083433_0,CORDOBA,2022-01-10,141.35757850863402,"{""type"":""MultiPoint"",""coordinates"":[]}"
20220110T163215_20220112T083433_1,CENTENARIO,2022-01-10,142.50101038362098,"{""type"":""MultiPoint"",""coordinates"":[]}"
20220110T163215_20220112T083433_2,LA_BOCA,2022-01-10,197.83128861727874,"{""type"":""MultiPoint"",""coordinates"":[]}"
20220111T161316_20220113T082047_0,CORDOBA,2022-01-11,183.3831249204212,"{""type"":""MultiPoint"",""coordinates"":[]}"
20220111T161316_20220113T082047_1,CENTENARIO,2022-01-11,207.23772324395412,"{""type"":""MultiPoint"",""coordinates"":[]}"
20220111T161316_20220113T082047_2,LA_BOCA,2022-01-11,185.3774970700684,"{""type"":""MultiPoint"",""coordinates"":[]}"
20220111T175446_20220113T100948_0,CORDOBA,2022-01-11,161.37695079066927,"{""type"":""MultiPoint"",""coordinates"":[]}"
20220111T175446_20220113T100948_1,CENTENARIO,2022-01-11,161.38049567744957,"{""type"":""MultiPoint"",""coordinates"":[]}"
20220111T175446_20220113T100948_2,LA_BOCA,2022-01-11,162.55294334847542,"{""type"":""MultiPoint"",""coordinates"":[]}"
20220112T173548_20220114T095145_0,CORDOBA,2022-01-12,81.38064819813289,"{""type"":""MultiPoint"",""coordinates"":[]}"
20220112T173548_20220114T095145_1,CENTENARIO,2022-01-12,97.74001540148727,"{""type"":""MultiPoint"",""coordinates"":[]}"
20220112T173548_20220114T095145_2,LA_BOCA,2022-01-12,62.63932542726364,"{""type"":""MultiPoint"",""coordinates"":[]}"
20220113T171649_20220115T092215_0,CORDOBA,2022-01-13,158.86610933779343,"{""type"":""MultiPoint"",""coordinates"":[]}"
20220113T171649_20220115T092215_1,CENTENARIO,2022-01-13,116.90596904753677,"{""type"":""MultiPoint"",""coordinates"":[]}"
20220113T171649_20220115T092215_2,LA_BOCA,2022-01-13,127.51819908001859,"{""type"":""MultiPoint"",""coordinates"":[]}"
20220114T165751_20220116T090314_0,CORDOBA,2022-01-14,84.85852897336208,"{""type"":""MultiPoint"",""coordinates"":[]}"
20220114T165751_20220116T090314_1,CENTENARIO,2022-01-14,122.73479587824764,"{""type"":""MultiPoint"",""coordinates"":[]}"
20220114T165751_20220116T090314_2,LA_BOCA,2022-01-14,124.9792653051524,"{""type"":""MultiPoint"",""coordinates"":[]}"
20220115T163852_20220117T084524_0,CORDOBA,2022-01-15,85.68422396130134,"{""type"":""MultiPoint"",""coordinates"":[]}"
20220115T163852_20220117T084524_1,CENTENARIO,2022-01-15,91.42547779899698,"{""type"":""MultiPoint"",""coordinates"":[]}"
20220115T163852_20220117T084524_2,LA_BOCA,2022-01-15,99.06248315860977,"{""type"":""MultiPoint"",""coordinates"":[]}"
20220119T170430_20220121T091056_0,CORDOBA,2022-01-19,74.3606762420448,"{""type"":""MultiPoint"",""coordinates"":[]}"
20220119T170430_20220121T091056_1,CENTENARIO,2022-01-19,79.91820687145194,"{""type"":""MultiPoint"",""coordinates"":[]}"
20220119T170430_20220121T091056_2,LA_BOCA,2022-01-19,43.20388351437324,"{""type"":""MultiPoint"",""coordinates"":[]}"
20220122T174907_20220124T100002_0,CORDOBA,2022-01-22,63.25289636457125,"{""type"":""MultiPoint"",""coordinates"":[]}"
20220124T171113_20220126T091447_0,CORDOBA,2022-01-24,150.14895933007213,"{""type"":""MultiPoint"",""coordinates"":[]}"
20220124T171113_20220126T091447_1,CENTENARIO,2022-01-24,150.14896399219492,"{""type"":""MultiPoint"",""coordinates"":[]}"
20220127T161421_20220129T081428_0,CORDOBA,2022-01-27,38.68374635670563,"{""type"":""MultiPoint"",""coordinates"":[]}"
20220127T161421_20220129T081428_1,CENTENARIO,2022-01-27,54.13983334349503,"{""type"":""MultiPoint"",""coordinates"":[]}"
20220127T161421_20220129T081428_2,LA_BOCA,2022-01-27,32.85130393390649,"{""type"":""MultiPoint"",""coordinates"":[]}"
20220127T175551_20220129T095823_0,CORDOBA,2022-01-27,74.28169082490871,"{""type"":""MultiPoint"",""coordinates"":[]}"
20220127T175551_20220129T095823_1,CENTENARIO,2022-01-27,74.65751814503318,"{""type"":""MultiPoint"",""coordinates"":[]}"
20220127T175551_20220129T095823_2,LA_BOCA,2022-01-27,56.160116390627365,"{""type"":""MultiPoint"",""coordinates"":[]}"
20220128T173654_20220130T094648_0,CORDOBA,2022-01-28,65.18559672438727,"{""type"":""MultiPoint"",""coordinates"":[]}"
20220128T173654_20220130T094648_1,CENTENARIO,2022-01-28,138.35297555679793,"{""type"":""MultiPoint"",""coordinates"":[]}"
20220128T173654_20220130T094648_2,LA_BOCA,2022-01-28,68.6514766258249,"{""type"":""MultiPoint"",""coordinates"":[]}"
20220129T171757_20220131T092703_0,CORDOBA,2022-01-29,42.50320023655238,"{""type"":""MultiPoint"",""coordinates"":[]}"
20220129T171757_20220131T092703_1,CENTENARIO,2022-01-29,44.7539751480621,"{""type"":""MultiPoint"",""coordinates"":[]}"
20220129T171757_20220131T092703_2,LA_BOCA,2022-01-29,58.844152024984815,"{""type"":""MultiPoint"",""coordinates"":[]}"
20220130T165900_20220201T090538_0,CORDOBA,2022-01-30,44.89996003740591,"{""type"":""MultiPoint"",""coordinates"":[]}"
20220130T165900_20220201T090538_1,CENTENARIO,2022-01-30,40.24440452613225,"{""type"":""MultiPoint"",""coordinates"":[]}"
20220130T165900_20220201T090538_2,LA_BOCA,2022-01-30,50.536609550923885,"{""type"":""MultiPoint"",""coordinates"":[]}"
20220131T164004_20220202T083408_0,CORDOBA,2022-01-31,143.1897276671671,"{""type"":""MultiPoint"",""coordinates"":[]}"
20220131T164004_20220202T083408_1,CENTENARIO,2022-01-31,107.98365848110379,"{""type"":""MultiPoint"",""coordinates"":[]}"
20220131T164004_20220202T083408_2,LA_BOCA,2022-01-31,118.68893855235676,"{""type"":""MultiPoint"",""coordinates"":[]}"
20220201T162107_20220203T081334_0,CORDOBA,2022-02-01,55.18281498041219,"{""type"":""MultiPoint"",""coordinates"":[]}"
20220201T162107_20220203T081334_1,CENTENARIO,2022-02-01,92.46056932800893,"{""type"":""MultiPoint"",""coordinates"":[]}"
20220201T162107_20220203T081334_2,LA_BOCA,2022-02-01,100.17784166046566,"{""type"":""MultiPoint"",""coordinates"":[]}"
20220201T180237_20220203T101722_0,CORDOBA,2022-02-01,94.10762070753799,"{""type"":""MultiPoint"",""coordinates"":[]}"
20220201T180237_20220203T101722_1,CENTENARIO,2022-02-01,134.07730865514654,"{""type"":""MultiPoint"",""coordinates"":[]}"
20220201T180237_20220203T101722_2,LA_BOCA,2022-02-01,101.80432312707227,"{""type"":""MultiPoint"",""coordinates"":[]}"
20220202T160211_20220204T075646_2,LA_BOCA,2022-02-02,34.87311659460243,"{""type"":""MultiPoint"",""coordinates"":[]}"
20220202T174341_20220204T095219_0,CORDOBA,2022-02-02,399.59749942550513,"{""type"":""MultiPoint"",""coordinates"":[]}"
20220202T174341_20220204T095219_1,CENTENARIO,2022-02-02,418.59603962421966,"{""type"":""MultiPoint"",""coordinates"":[]}"
20220202T174341_20220204T095219_2,LA_BOCA,2022-02-02,358.956080244405,"{""type"":""MultiPoint"",""coordinates"":[]}"
20220204T170548_20220206T091136_2,LA_BOCA,2022-02-04,248.1057032773264,"{""type"":""MultiPoint"",""coordinates"":[]}"
20220207T160859_20220209T081717_0,CORDOBA,2022-02-07,111.71355560310522,"{""type"":""MultiPoint"",""coordinates"":[]}"
20220207T160859_20220209T081717_1,CENTENARIO,2022-02-07,111.62616483978707,"{""type"":""MultiPoint"",""coordinates"":[]}"
20220207T160859_20220209T081717_2,LA_BOCA,2022-02-07,81.85780865127087,"{""type"":""MultiPoint"",""coordinates"":[]}"
20220207T175029_20220209T094748_0,CORDOBA,2022-02-07,109.2284234053131,"{""type"":""MultiPoint"",""coordinates"":[]}"
20220207T175029_20220209T094748_1,CENTENARIO,2022-02-07,109.85421557743646,"{""type"":""MultiPoint"",""coordinates"":[]}"
20220207T175029_20220209T094748_2,LA_BOCA,2022-02-07,78.60560084829879,"{""type"":""MultiPoint"",""coordinates"":[]}"
20220208T173133_20220210T092847_0,CORDOBA,2022-02-08,237.89426929691405,"{""type"":""MultiPoint"",""coordinates"":[]}"
20220208T173133_20220210T092847_1,CENTENARIO,2022-02-08,335.36469558177225,"{""type"":""MultiPoint"",""coordinates"":[]}"
20220208T173133_20220210T092847_2,LA_BOCA,2022-02-08,229.9719612787318,"{""type"":""MultiPoint"",""coordinates"":[]}"
20220209T171237_20220211T091605_0,CORDOBA,2022-02-09,86.86663933942904,"{""type"":""MultiPoint"",""coordinates"":[]}"
20220209T171237_20220211T091605_1,CENTENARIO,2022-02-09,56.10668992822316,"{""type"":""MultiPoint"",""coordinates"":[]}"
20220209T171237_20220211T091605_2,LA_BOCA,2022-02-09,99.3464715556776,"{""type"":""MultiPoint"",""coordinates"":[]}"
20220210T165341_20220212T085505_0,CORDOBA,2022-02-10,99.91565364577782,"{""type"":""MultiPoint"",""coordinates"":[]}"
20220210T165341_20220212T085505_1,CENTENARIO,2022-02-10,61.58170730578826,"{""type"":""MultiPoint"",""coordinates"":[]}"
20220210T165341_20220212T085505_2,LA_BOCA,2022-02-10,69.87300988584796,"{""type"":""MultiPoint"",""coordinates"":[]}"
20220213T173824_20220215T094456_0,CORDOBA,2022-02-13,47.07809287080442,"{""type"":""MultiPoint"",""coordinates"":[]}"
20220213T173824_20220215T094456_1,CENTENARIO,2022-02-13,44.61526384493436,"{""type"":""MultiPoint"",""coordinates"":[]}"
20220213T173824_20220215T094456_2,LA_BOCA,2022-02-13,40.4417377106319,"{""type"":""MultiPoint"",""coordinates"":[]}"
20220214T171928_20220216T092928_0,CORDOBA,2022-02-14,209.9103282052453,"{""type"":""MultiPoint"",""coordinates"":[]}"
20220214T171928_20220216T092928_1,CENTENARIO,2022-02-14,175.00708786135897,"{""type"":""MultiPoint"",""coordinates"":[]}"
20220214T171928_20220216T092928_2,LA_BOCA,2022-02-14,236.1559559988926,"{""type"":""MultiPoint"",""coordinates"":[]}"
20220215T170032_20220217T090939_0,CORDOBA,2022-02-15,144.28181287867463,"{""type"":""MultiPoint"",""coordinates"":[]}"
20220215T170032_20220217T090939_1,CENTENARIO,2022-02-15,136.03554307838303,"{""type"":""MultiPoint"",""coordinates"":[]}"
20220215T170032_20220217T090939_2,LA_BOCA,2022-02-15,145.92114205698778,"{""type"":""MultiPoint"",""coordinates"":[]}"
20220216T164137_20220218T084410_0,CORDOBA,2022-02-16,257.1980045378912,"{""type"":""MultiPoint"",""coordinates"":[]}"
20220216T164137_20220218T084410_1,CENTENARIO,2022-02-16,278.10090779472085,"{""type"":""MultiPoint"",""coordinates"":[]}"
20220216T164137_20220218T084410_2,LA_BOCA,2022-02-16,304.3493462840688,"{""type"":""MultiPoint"",""coordinates"":[]}"
20220217T162241_20220219T082208_0,CORDOBA,2022-02-17,54.98984513466201,"{""type"":""MultiPoint"",""coordinates"":[]}"
20220217T162241_20220219T082208_1,CENTENARIO,2022-02-17,62.405167040781045,"{""type"":""MultiPoint"",""coordinates"":[]}"
20220217T162241_20220219T082208_2,LA_BOCA,2022-02-17,52.42346771231647,"{""type"":""MultiPoint"",""coordinates"":[]}"
20220217T180411_20220219T100824_0,CORDOBA,2022-02-17,64.7267201178886,"{""type"":""MultiPoint"",""coordinates"":[]}"
20220217T180411_20220219T100824_1,CENTENARIO,2022-02-17,78.60695891582853,"{""type"":""MultiPoint"",""coordinates"":[]}"
20220217T180411_20220219T100824_2,LA_BOCA,2022-02-17,45.587327926238295,"{""type"":""MultiPoint"",""coordinates"":[]}"
20220218T160345_20220220T075734_0,CORDOBA,2022-02-18,27.268632915032885,"{""type"":""MultiPoint"",""coordinates"":[]}"
20220218T160345_20220220T075734_2,LA_BOCA,2022-02-18,32.56701766119883,"{""type"":""MultiPoint"",""coordinates"":[]}"
20220218T174516_20220220T095536_0,CORDOBA,2022-02-18,89.75694809976918,"{""type"":""MultiPoint"",""coordinates"":[]}"
20220218T174516_20220220T095536_1,CENTENARIO,2022-02-18,125.45936498957967,"{""type"":""MultiPoint"",""coordinates"":[]}"
20220218T174516_20220220T095536_2,LA_BOCA,2022-02-18,65.6602991471516,"{""type"":""MultiPoint"",""coordinates"":[]}"
20220219T172620_20220221T093809_0,CORDOBA,2022-02-19,58.5523619050058,"{""type"":""MultiPoint"",""coordinates"":[]}"
20220219T172620_20220221T093809_1,CENTENARIO,2022-02-19,82.71304266150364,"{""type"":""MultiPoint"",""coordinates"":[]}"
20220219T172620_20220221T093809_2,LA_BOCA,2022-02-19,47.5122462466222,"{""type"":""MultiPoint"",""coordinates"":[]}"
20220221T164829_20220224T031213_1,CENTENARIO,2022-02-21,105.9921767470893,"{""type"":""MultiPoint"",""coordinates"":[]}"
20220221T164829_20220224T031213_2,LA_BOCA,2022-02-21,82.73190238566498,"{""type"":""MultiPoint"",""coordinates"":[]}"
20220222T162934_20220224T141019_0,CORDOBA,2022-02-22,129.73273951496842,"{""type"":""MultiPoint"",""coordinates"":[]}"
20220222T162934_20220224T141019_2,LA_BOCA,2022-02-22,109.60112457126563,"{""type"":""MultiPoint"",""coordinates"":[]}"
20220223T161039_20220225T080350_0,CORDOBA,2022-02-23,57.655842498213296,"{""type"":""MultiPoint"",""coordinates"":[]}"
20220223T161039_20220225T080350_1,CENTENARIO,2022-02-23,68.21830909941445,"{""type"":""MultiPoint"",""coordinates"":[]}"
20220223T161039_20220225T080350_2,LA_BOCA,2022-02-23,33.99485712215988,"{""type"":""MultiPoint"",""coordinates"":[]}"
20220223T175209_20220225T095455_0,CORDOBA,2022-02-23,43.59358849061381,"{""type"":""MultiPoint"",""coordinates"":[]}"
20220223T175209_20220225T095455_1,CENTENARIO,2022-02-23,101.5886959711908,"{""type"":""MultiPoint"",""coordinates"":[]}"
20220223T175209_20220225T095455_2,LA_BOCA,2022-02-23,51.18640504739588,"{""type"":""MultiPoint"",""coordinates"":[]}"
20220225T171419_20220227T091901_0,CORDOBA,2022-02-25,354.99441734314195,"{""type"":""MultiPoint"",""coordinates"":[]}"
20220225T171419_20220227T091901_1,CENTENARIO,2022-02-25,423.5454510751373,"{""type"":""MultiPoint"",""coordinates"":[]}"
20220225T171419_20220227T091901_2,LA_BOCA,2022-02-25,294.54357122061106,"{""type"":""MultiPoint"",""coordinates"":[]}"
20220228T161733_20220302T081724_0,CORDOBA,2022-02-28,55.17589843255961,"{""type"":""MultiPoint"",""coordinates"":[]}"
20220228T161733_20220302T081724_1,CENTENARIO,2022-02-28,55.99355610839846,"{""type"":""MultiPoint"",""coordinates"":[]}"
20220228T161733_20220302T081724_2,LA_BOCA,2022-02-28,46.608616456777476,"{""type"":""MultiPoint"",""coordinates"":[]}"
20220228T175903_20220302T101401_0,CORDOBA,2022-02-28,39.19623187536178,"{""type"":""MultiPoint"",""coordinates"":[]}"
20220228T175903_20220302T101401_1,CENTENARIO,2022-02-28,18.90717380101244,"{""type"":""MultiPoint"",""coordinates"":[]}"
20220228T175903_20220302T101401_2,LA_BOCA,2022-02-28,43.50739520185721,"{""type"":""MultiPoint"",""coordinates"":[]}"
20220301T174008_20220303T100228_0,CORDOBA,2022-03-01,40.246965861434994,"{""type"":""MultiPoint"",""coordinates"":[]}"
20220301T174008_20220303T100228_1,CENTENARIO,2022-03-01,40.33265103714566,"{""type"":""MultiPoint"",""coordinates"":[]}"
20220301T174008_20220303T100228_2,LA_BOCA,2022-03-01,36.84832694194755,"{""type"":""MultiPoint"",""coordinates"":[]}"
20220302T172113_20220304T093525_0,CORDOBA,2022-03-02,129.14629460135902,"{""type"":""MultiPoint"",""coordinates"":[]}"
20220302T172113_20220304T093525_1,CENTENARIO,2022-03-02,102.39071967820475,"{""type"":""MultiPoint"",""coordinates"":[]}"
20220302T172113_20220304T093525_2,LA_BOCA,2022-03-02,132.84459958869525,"{""type"":""MultiPoint"",""coordinates"":[]}"
20220303T170218_20220305T091149_0,CORDOBA,2022-03-03,74.16126883599179,"{""type"":""MultiPoint"",""coordinates"":[]}"
20220303T170218_20220305T091149_1,CENTENARIO,2022-03-03,122.75409635436176,"{""type"":""MultiPoint"",""coordinates"":[]}"
20220303T170218_20220305T091149_2,LA_BOCA,2022-03-03,53.164471357624365,"{""type"":""MultiPoint"",""coordinates"":[]}"
20220306T160533_20220309T132053_0,CORDOBA,2022-03-06,1.5542002388522551,"{""type"":""MultiPoint"",""coordinates"":[]}"
20220306T160533_20220309T132053_2,LA_BOCA,2022-03-06,1.5542002706225946,"{""type"":""MultiPoint"",""coordinates"":[]}"
20220306T174704_20220309T141905_0,CORDOBA,2022-03-06,32.00663875480273,"{""type"":""MultiPoint"",""coordinates"":[]}"
20220306T174704_20220309T141905_1,CENTENARIO,2022-03-06,51.15025452077079,"{""type"":""MultiPoint"",""coordinates"":[]}"
20220306T174704_20220309T141905_2,LA_BOCA,2022-03-06,25.92460477351105,"{""type"":""MultiPoint"",""coordinates"":[]}"
20220307T172809_20220310T044136_0,CORDOBA,2022-03-07,90.38491612291567,"{""type"":""MultiPoint"",""coordinates"":[]}"
20220307T172809_20220310T044136_1,CENTENARIO,2022-03-07,71.89654042149196,"{""type"":""MultiPoint"",""coordinates"":[]}"
20220307T172809_20220310T044136_2,LA_BOCA,2022-03-07,67.94968834089957,"{""type"":""MultiPoint"",""coordinates"":[]}"
20220308T170914_20220310T152520_0,CORDOBA,2022-03-08,123.33875520696571,"{""type"":""MultiPoint"",""coordinates"":[]}"
20220308T170914_20220310T152520_1,CENTENARIO,2022-03-08,108.86100464405081,"{""type"":""MultiPoint"",""coordinates"":[]}"
20220308T170914_20220310T152520_2,LA_BOCA,2022-03-08,94.26622706234852,"{""type"":""MultiPoint"",""coordinates"":[]}"
20220310T163124_20220312T082214_0,CORDOBA,2022-03-10,48.91475150092419,"{""type"":""MultiPoint"",""coordinates"":[]}"
20220310T163124_20220312T082214_2,LA_BOCA,2022-03-10,42.75398585374507,"{""type"":""MultiPoint"",""coordinates"":[]}"
20220311T161229_20220313T080456_0,CORDOBA,2022-03-11,74.71823576723732,"{""type"":""MultiPoint"",""coordinates"":[]}"
20220311T161229_20220313T080456_1,CENTENARIO,2022-03-11,75.35223107037474,"{""type"":""MultiPoint"",""coordinates"":[]}"
20220311T161229_20220313T080456_2,LA_BOCA,2022-03-11,63.29759234566039,"{""type"":""MultiPoint"",""coordinates"":[]}"
20220311T175359_20220313T095954_0,CORDOBA,2022-03-11,70.17315137952852,"{""type"":""MultiPoint"",""coordinates"":[]}"
20220311T175359_20220313T095954_1,CENTENARIO,2022-03-11,69.38936262126913,"{""type"":""MultiPoint"",""coordinates"":[]}"
20220311T175359_20220313T095954_2,LA_BOCA,2022-03-11,61.821853242923595,"{""type"":""MultiPoint"",""coordinates"":[]}"
20220312T173504_20220314T093944_0,CORDOBA,2022-03-12,354.8869934022684,"{""type"":""MultiPoint"",""coordinates"":[]}"
20220312T173504_20220314T093944_1,CENTENARIO,2022-03-12,337.16402386317395,"{""type"":""MultiPoint"",""coordinates"":[]}"
20220312T173504_20220314T093944_2,LA_BOCA,2022-03-12,361.57427833226393,"{""type"":""MultiPoint"",""coordinates"":[]}"
20220313T171609_20220315T092212_0,CORDOBA,2022-03-13,189.1109242008602,"{""type"":""MultiPoint"",""coordinates"":[]}"
20220313T171609_20220315T092212_1,CENTENARIO,2022-03-13,286.6877758796373,"{""type"":""MultiPoint"",""coordinates"":[]}"
20220313T171609_20220315T092212_2,LA_BOCA,2022-03-13,146.17228137571456,"{""type"":""MultiPoint"",""coordinates"":[]}"
20220314T165715_20220316T084952_0,CORDOBA,2022-03-14,212.2195060460574,"{""type"":""MultiPoint"",""coordinates"":[]}"
20220314T165715_20220316T084952_1,CENTENARIO,2022-03-14,147.43005009589274,"{""type"":""MultiPoint"",""coordinates"":[]}"
20220314T165715_20220316T084952_2,LA_BOCA,2022-03-14,335.50705194782773,"{""type"":""MultiPoint"",""coordinates"":[]}"
20220315T163820_20220317T083711_0,CORDOBA,2022-03-15,225.68263017213826,"{""type"":""MultiPoint"",""coordinates"":[]}"
20220315T163820_20220317T083711_1,CENTENARIO,2022-03-15,221.9534471640075,"{""type"":""MultiPoint"",""coordinates"":[]}"
20220315T163820_20220317T083711_2,LA_BOCA,2022-03-15,279.11726097057607,"{""type"":""MultiPoint"",""coordinates"":[]}"
20220316T161925_20220318T081630_0,CORDOBA,2022-03-16,36.021315619425735,"{""type"":""MultiPoint"",""coordinates"":[]}"
20220316T161925_20220318T081630_1,CENTENARIO,2022-03-16,32.43875755839905,"{""type"":""MultiPoint"",""coordinates"":[]}"
20220316T161925_20220318T081630_2,LA_BOCA,2022-03-16,71.24402649836146,"{""type"":""MultiPoint"",""coordinates"":[]}"
20220316T180055_20220318T100949_0,CORDOBA,2022-03-16,42.33193333097131,"{""type"":""MultiPoint"",""coordinates"":[]}"
20220316T180055_20220318T100949_1,CENTENARIO,2022-03-16,83.40710152439354,"{""type"":""MultiPoint"",""coordinates"":[]}"
20220316T180055_20220318T100949_2,LA_BOCA,2022-03-16,47.24843400544969,"{""type"":""MultiPoint"",""coordinates"":[]}"
20220317T174200_20220319T095734_0,CORDOBA,2022-03-17,162.10580797263304,"{""type"":""MultiPoint"",""coordinates"":[]}"
20220317T174200_20220319T095734_1,CENTENARIO,2022-03-17,162.621858499837,"{""type"":""MultiPoint"",""coordinates"":[]}"
20220317T174200_20220319T095734_2,LA_BOCA,2022-03-17,154.99092699824388,"{""type"":""MultiPoint"",""coordinates"":[]}"
20220319T170410_20220321T091002_0,CORDOBA,2022-03-19,141.68391288464733,"{""type"":""MultiPoint"",""coordinates"":[]}"
20220319T170410_20220321T091002_1,CENTENARIO,2022-03-19,161.31398723706937,"{""type"":""MultiPoint"",""coordinates"":[]}"
20220319T170410_20220321T091002_2,LA_BOCA,2022-03-19,120.50472281125086,"{""type"":""MultiPoint"",""coordinates"":[]}"
20220320T164515_20220322T084953_0,CORDOBA,2022-03-20,24.291093523653537,"{""type"":""MultiPoint"",""coordinates"":[]}"
20220320T164515_20220322T084953_1,CENTENARIO,2022-03-20,44.990747834827836,"{""type"":""MultiPoint"",""coordinates"":[]}"
20220320T164515_20220322T084953_2,LA_BOCA,2022-03-20,24.361749843940146,"{""type"":""MultiPoint"",""coordinates"":[]}"
20220322T174856_20220324T094909_0,CORDOBA,2022-03-22,189.42631776371462,"{""type"":""MultiPoint"",""coordinates"":[]}"
20220322T174856_20220324T094909_1,CENTENARIO,2022-03-22,227.682048799443,"{""type"":""MultiPoint"",""coordinates"":[]}"
20220322T174856_20220324T094909_2,LA_BOCA,2022-03-22,221.0890815449393,"{""type"":""MultiPoint"",""coordinates"":[]}"
20220324T171106_20220326T090606_0,CORDOBA,2022-03-24,25.74909192237187,"{""type"":""MultiPoint"",""coordinates"":[]}"
20220324T171106_20220326T090606_1,CENTENARIO,2022-03-24,23.78878469214358,"{""type"":""MultiPoint"",""coordinates"":[]}"
20220324T171106_20220326T090606_2,LA_BOCA,2022-03-24,34.076591664425884,"{""type"":""MultiPoint"",""coordinates"":[]}"
20220327T161421_20220329T081755_0,CORDOBA,2022-03-27,89.08730379755647,"{""type"":""MultiPoint"",""coordinates"":[]}"
20220327T161421_20220329T081755_1,CENTENARIO,2022-03-27,72.36194777907268,"{""type"":""MultiPoint"",""coordinates"":[]}"
20220327T161421_20220329T081755_2,LA_BOCA,2022-03-27,109.0994201563432,"{""type"":""MultiPoint"",""coordinates"":[]}"
20220327T175551_20220329T100101_0,CORDOBA,2022-03-27,106.00058148868197,"{""type"":""MultiPoint"",""coordinates"":[]}"
20220327T175551_20220329T100101_1,CENTENARIO,2022-03-27,79.45320893936149,"{""type"":""MultiPoint"",""coordinates"":[]}"
20220327T175551_20220329T100101_2,LA_BOCA,2022-03-27,91.79632427462235,"{""type"":""MultiPoint"",""coordinates"":[]}"
20220328T173656_20220330T093856_0,CORDOBA,2022-03-28,46.59595211277841,"{""type"":""MultiPoint"",""coordinates"":[]}"
20220328T173656_20220330T093856_1,CENTENARIO,2022-03-28,48.20224726104665,"{""type"":""MultiPoint"",""coordinates"":[]}"
20220328T173656_20220330T093856_2,LA_BOCA,2022-03-28,83.9967841590647,"{""type"":""MultiPoint"",""coordinates"":[]}"
20220330T165906_20220401T090153_0,CORDOBA,2022-03-30,63.540137988366304,"{""type"":""MultiPoint"",""coordinates"":[]}"
20220330T165906_20220401T090153_1,CENTENARIO,2022-03-30,59.54496047449242,"{""type"":""MultiPoint"",""coordinates"":[]}"
20220331T164011_20220402T084314_0,CORDOBA,2022-03-31,195.29330014543788,"{""type"":""MultiPoint"",""coordinates"":[]}"
20220331T164011_20220402T084314_1,CENTENARIO,2022-03-31,164.38489920222108,"{""type"":""MultiPoint"",""coordinates"":[]}"
20220331T164011_20220402T084314_2,LA_BOCA,2022-03-31,169.7787300539269,"{""type"":""MultiPoint"",""coordinates"":[]}"
20220401T162116_20220403T082136_0,CORDOBA,2022-04-01,65.8205825953326,"{""type"":""MultiPoint"",""coordinates"":[]}"
20220401T162116_20220403T082136_1,CENTENARIO,2022-04-01,65.90410695518223,"{""type"":""MultiPoint"",""coordinates"":[]}"
20220401T162116_20220403T082136_2,LA_BOCA,2022-04-01,107.10488734181001,"{""type"":""MultiPoint"",""coordinates"":[]}"
20220401T180246_20220403T100920_0,CORDOBA,2022-04-01,123.8681690179759,"{""type"":""MultiPoint"",""coordinates"":[]}"
20220401T180246_20220403T100920_1,CENTENARIO,2022-04-01,166.72788794249138,"{""type"":""MultiPoint"",""coordinates"":[]}"
20220401T180246_20220403T100920_2,LA_BOCA,2022-04-01,94.43669465621792,"{""type"":""MultiPoint"",""coordinates"":[]}"
20220402T174351_20220404T095443_0,CORDOBA,2022-04-02,28.576347032202495,"{""type"":""MultiPoint"",""coordinates"":[]}"
20220402T174351_20220404T095443_1,CENTENARIO,2022-04-02,30.062678967826972,"{""type"":""MultiPoint"",""coordinates"":[]}"
20220402T174351_20220404T095443_2,LA_BOCA,2022-04-02,31.68510216972418,"{""type"":""MultiPoint"",""coordinates"":[]}"
20220404T170600_20220406T091304_0,CORDOBA,2022-04-04,590.6136122010502,"{""type"":""MultiPoint"",""coordinates"":[]}"
20220404T170600_20220406T091304_1,CENTENARIO,2022-04-04,457.1628256084686,"{""type"":""MultiPoint"",""coordinates"":[]}"
20220404T170600_20220406T091304_2,LA_BOCA,2022-04-04,611.1441981627415,"{""type"":""MultiPoint"",""coordinates"":[]}"
20220405T164705_20220407T085142_0,CORDOBA,2022-04-05,96.29556423184327,"{""type"":""MultiPoint"",""coordinates"":[]}"
20220405T164705_20220407T085142_1,CENTENARIO,2022-04-05,115.5527022658817,"{""type"":""MultiPoint"",""coordinates"":[]}"
20220405T164705_20220407T085142_2,LA_BOCA,2022-04-05,80.5444162038567,"{""type"":""MultiPoint"",""coordinates"":[]}"
20220406T162809_20220408T082939_0,CORDOBA,2022-04-06,51.72389467042048,"{""type"":""MultiPoint"",""coordinates"":[]}"
20220406T162809_20220408T082939_1,CENTENARIO,2022-04-06,63.182939128277155,"{""type"":""MultiPoint"",""coordinates"":[]}"
20220406T162809_20220408T082939_2,LA_BOCA,2022-04-06,93.3086946735438,"{""type"":""MultiPoint"",""coordinates"":[]}"
20220406T180940_20220408T102619_0,CORDOBA,2022-04-06,46.439293138984965,"{""type"":""MultiPoint"",""coordinates"":[]}"
20220406T180940_20220408T102619_1,CENTENARIO,2022-04-06,68.77617781746568,"{""type"":""MultiPoint"",""coordinates"":[]}"
20220406T180940_20220408T102619_2,LA_BOCA,2022-04-06,69.20218764960045,"{""type"":""MultiPoint"",""coordinates"":[]}"
20220408T173149_20220410T094438_0,CORDOBA,2022-04-08,113.58623476223705,"{""type"":""MultiPoint"",""coordinates"":[]}"
20220408T173149_20220410T094438_1,CENTENARIO,2022-04-08,174.25262144439503,"{""type"":""MultiPoint"",""coordinates"":[]}"
20220408T173149_20220410T094438_2,LA_BOCA,2022-04-08,88.29766379399192,"{""type"":""MultiPoint"",""coordinates"":[]}"
20220409T171253_20220411T092827_0,CORDOBA,2022-04-09,107.67155189628289,"{""type"":""MultiPoint"",""coordinates"":[]}"
20220409T171253_20220411T092827_1,CENTENARIO,2022-04-09,233.28692419990006,"{""type"":""MultiPoint"",""coordinates"":[]}"
20220409T171253_20220411T092827_2,LA_BOCA,2022-04-09,92.97069047843628,"{""type"":""MultiPoint"",""coordinates"":[]}"
20220410T165357_20220412T090419_0,CORDOBA,2022-04-10,60.339023036476746,"{""type"":""MultiPoint"",""coordinates"":[]}"
20220410T165357_20220412T090419_1,CENTENARIO,2022-04-10,60.2032058805886,"{""type"":""MultiPoint"",""coordinates"":[]}"
20220410T165357_20220412T090419_2,LA_BOCA,2022-04-10,47.48454927860507,"{""type"":""MultiPoint"",""coordinates"":[]}"
20220411T163502_20220413T084223_0,CORDOBA,2022-04-11,129.3701364895826,"{""type"":""MultiPoint"",""coordinates"":[]}"
20220411T163502_20220413T084223_1,CENTENARIO,2022-04-11,112.99842534235252,"{""type"":""MultiPoint"",""coordinates"":[]}"
20220411T163502_20220413T084223_2,LA_BOCA,2022-04-11,126.13028157715715,"{""type"":""MultiPoint"",""coordinates"":[]}"
20220412T161606_20220414T082112_0,CORDOBA,2022-04-12,128.99277711018365,"{""type"":""MultiPoint"",""coordinates"":[]}"
20220412T161606_20220414T082112_1,CENTENARIO,2022-04-12,126.07909635748784,"{""type"":""MultiPoint"",""coordinates"":[]}"
20220412T161606_20220414T082112_2,LA_BOCA,2022-04-12,141.54965844474322,"{""type"":""MultiPoint"",""coordinates"":[]}"
20220412T175736_20220414T101035_0,CORDOBA,2022-04-12,131.59945072082314,"{""type"":""MultiPoint"",""coordinates"":[]}"
20220412T175736_20220414T101035_1,CENTENARIO,2022-04-12,94.71309876694791,"{""type"":""MultiPoint"",""coordinates"":[]}"
20220412T175736_20220414T101035_2,LA_BOCA,2022-04-12,100.19922754975444,"{""type"":""MultiPoint"",""coordinates"":[]}"
20220413T173840_20220415T094550_0,CORDOBA,2022-04-13,168.55014725440094,"{""type"":""MultiPoint"",""coordinates"":[]}"
20220413T173840_20220415T094550_1,CENTENARIO,2022-04-13,143.82585986272218,"{""type"":""MultiPoint"",""coordinates"":[]}"
20220413T173840_20220415T094550_2,LA_BOCA,2022-04-13,152.16079927761047,"{""type"":""MultiPoint"",""coordinates"":[]}"
20220414T171944_20220416T092327_0,CORDOBA,2022-04-14,180.94220532883548,"{""type"":""MultiPoint"",""coordinates"":[]}"
20220414T171944_20220416T092327_1,CENTENARIO,2022-04-14,164.70855701208458,"{""type"":""MultiPoint"",""coordinates"":[]}"
20220414T171944_20220416T092327_2,LA_BOCA,2022-04-14,156.093028884587,"{""type"":""MultiPoint"",""coordinates"":[]}"
20220415T170048_20220417T090023_0,CORDOBA,2022-04-15,48.44685401205437,"{""type"":""MultiPoint"",""coordinates"":[]}"
20220415T170048_20220417T090023_1,CENTENARIO,2022-04-15,83.951966116643,"{""type"":""MultiPoint"",""coordinates"":[]}"
20220415T170048_20220417T090023_2,LA_BOCA,2022-04-15,55.554207064161204,"{""type"":""MultiPoint"",""coordinates"":[]}"
20220416T164152_20220418T084541_0,CORDOBA,2022-04-16,35.549486066147885,"{""type"":""MultiPoint"",""coordinates"":[]}"
20220416T164152_20220418T084541_1,CENTENARIO,2022-04-16,54.13636431720802,"{""type"":""MultiPoint"",""coordinates"":[]}"
20220416T164152_20220418T084541_2,LA_BOCA,2022-04-16,38.62644520797904,"{""type"":""MultiPoint"",""coordinates"":[]}"
20220418T174530_20220420T095059_0,CORDOBA,2022-04-18,64.46126155521692,"{""type"":""MultiPoint"",""coordinates"":[]}"
20220418T174530_20220420T095059_1,CENTENARIO,2022-04-18,107.74027110709245,"{""type"":""MultiPoint"",""coordinates"":[]}"
20220418T174530_20220420T095059_2,LA_BOCA,2022-04-18,53.78079464517703,"{""type"":""MultiPoint"",""coordinates"":[]}"
20220419T172634_20220421T093430_0,CORDOBA,2022-04-19,56.06703891743423,"{""type"":""MultiPoint"",""coordinates"":[]}"
20220419T172634_20220421T093430_1,CENTENARIO,2022-04-19,66.4708775114865,"{""type"":""MultiPoint"",""coordinates"":[]}"
20220419T172634_20220421T093430_2,LA_BOCA,2022-04-19,58.08446467036666,"{""type"":""MultiPoint"",""coordinates"":[]}"
20220420T170738_20220422T090523_0,CORDOBA,2022-04-20,73.2113953358468,"{""type"":""MultiPoint"",""coordinates"":[]}"
20220420T170738_20220422T090523_1,CENTENARIO,2022-04-20,85.40556588762863,"{""type"":""MultiPoint"",""coordinates"":[]}"
20220420T170738_20220422T090523_2,LA_BOCA,2022-04-20,89.5285271768862,"{""type"":""MultiPoint"",""coordinates"":[]}"
20220421T164841_20220423T084107_0,CORDOBA,2022-04-21,277.46129268678294,"{""type"":""MultiPoint"",""coordinates"":[]}"
20220421T164841_20220423T084107_1,CENTENARIO,2022-04-21,213.13455184839097,"{""type"":""MultiPoint"",""coordinates"":[]}"
20220421T164841_20220423T084107_2,LA_BOCA,2022-04-21,263.01733308935803,"{""type"":""MultiPoint"",""coordinates"":[]}"
20220423T175219_20220425T095708_0,CORDOBA,2022-04-23,74.17971623308907,"{""type"":""MultiPoint"",""coordinates"":[]}"
20220423T175219_20220425T095708_1,CENTENARIO,2022-04-23,77.51193331092935,"{""type"":""MultiPoint"",""coordinates"":[]}"
20220423T175219_20220425T095708_2,LA_BOCA,2022-04-23,80.1885541153068,"{""type"":""MultiPoint"",""coordinates"":[]}"
20220424T173322_20220426T092700_0,CORDOBA,2022-04-24,49.712404345308194,"{""type"":""MultiPoint"",""coordinates"":[]}"
20220424T173322_20220426T092700_1,CENTENARIO,2022-04-24,60.292341275488916,"{""type"":""MultiPoint"",""coordinates"":[]}"
20220424T173322_20220426T092700_2,LA_BOCA,2022-04-24,51.876610058183445,"{""type"":""MultiPoint"",""coordinates"":[]}"
20220425T171425_20220427T091943_0,CORDOBA,2022-04-25,113.79115097756227,"{""type"":""MultiPoint"",""coordinates"":[]}"
20220425T171425_20220427T091943_1,CENTENARIO,2022-04-25,181.38531613109998,"{""type"":""MultiPoint"",""coordinates"":[]}"
20220425T171425_20220427T091943_2,LA_BOCA,2022-04-25,102.0889846909625,"{""type"":""MultiPoint"",""coordinates"":[]}"
20220426T165528_20220428T090211_0,CORDOBA,2022-04-26,122.22913081392329,"{""type"":""MultiPoint"",""coordinates"":[]}"
20220426T165528_20220428T090211_1,CENTENARIO,2022-04-26,111.78195673069315,"{""type"":""MultiPoint"",""coordinates"":[]}"
20220426T165528_20220428T090211_2,LA_BOCA,2022-04-26,71.59306155803233,"{""type"":""MultiPoint"",""coordinates"":[]}"
20220427T163631_20220429T084516_0,CORDOBA,2022-04-27,177.88311085638625,"{""type"":""MultiPoint"",""coordinates"":[]}"
20220427T163631_20220429T084516_1,CENTENARIO,2022-04-27,193.6968952857038,"{""type"":""MultiPoint"",""coordinates"":[]}"
20220427T163631_20220429T084516_2,LA_BOCA,2022-04-27,138.8056659653756,"{""type"":""MultiPoint"",""coordinates"":[]}"
20220428T161734_20220430T082300_0,CORDOBA,2022-04-28,180.03306456856174,"{""type"":""MultiPoint"",""coordinates"":[]}"
20220428T161734_20220430T082300_1,CENTENARIO,2022-04-28,148.61240485615835,"{""type"":""MultiPoint"",""coordinates"":[]}"
20220428T161734_20220430T082300_2,LA_BOCA,2022-04-28,155.74165706386657,"{""type"":""MultiPoint"",""coordinates"":[]}"
20220428T175905_20220430T101050_0,CORDOBA,2022-04-28,169.9977503328338,"{""type"":""MultiPoint"",""coordinates"":[]}"
20220428T175905_20220430T101050_1,CENTENARIO,2022-04-28,169.9668324236743,"{""type"":""MultiPoint"",""coordinates"":[]}"
20220428T175905_20220430T101050_2,LA_BOCA,2022-04-28,135.04554873716035,"{""type"":""MultiPoint"",""coordinates"":[]}"
20220429T174008_20220501T095143_0,CORDOBA,2022-04-29,257.5724849939975,"{""type"":""MultiPoint"",""coordinates"":[]}"
20220429T174008_20220501T095143_1,CENTENARIO,2022-04-29,229.30315207383552,"{""type"":""MultiPoint"",""coordinates"":[]}"
20220429T174008_20220501T095143_2,LA_BOCA,2022-04-29,242.73012530357454,"{""type"":""MultiPoint"",""coordinates"":[]}"
20220503T162418_20220506T004007_0,CORDOBA,2022-05-03,413.2552796215899,"{""type"":""MultiPoint"",""coordinates"":[]}"
20220503T162418_20220506T004007_1,CENTENARIO,2022-05-03,437.7277383246294,"{""type"":""MultiPoint"",""coordinates"":[]}"
20220503T162418_20220506T004007_2,LA_BOCA,2022-05-03,286.1246778098763,"{""type"":""MultiPoint"",""coordinates"":[]}"
20220503T180548_20220506T012049_0,CORDOBA,2022-05-03,597.3360384813951,"{""type"":""MultiPoint"",""coordinates"":[]}"
20220503T180548_20220506T012049_1,CENTENARIO,2022-05-03,597.2033903032076,"{""type"":""MultiPoint"",""coordinates"":[]}"
20220503T180548_20220506T012049_2,LA_BOCA,2022-05-03,560.3186740900807,"{""type"":""MultiPoint"",""coordinates"":[]}"
20220504T174651_20220506T160950_0,CORDOBA,2022-05-04,206.34819287473357,"{""type"":""MultiPoint"",""coordinates"":[]}"
20220504T174651_20220506T160950_1,CENTENARIO,2022-05-04,209.15836003226156,"{""type"":""MultiPoint"",""coordinates"":[]}"
20220504T174651_20220506T160950_2,LA_BOCA,2022-05-04,295.7275587463827,"{""type"":""MultiPoint"",""coordinates"":[]}"
20220505T172753_20220507T092634_0,CORDOBA,2022-05-05,125.95328393750826,"{""type"":""MultiPoint"",""coordinates"":[]}"
20220505T172753_20220507T092634_1,CENTENARIO,2022-05-05,157.53533267695522,"{""type"":""MultiPoint"",""coordinates"":[]}"
20220505T172753_20220507T092634_2,LA_BOCA,2022-05-05,167.17841191983524,"{""type"":""MultiPoint"",""coordinates"":[]}"
20220506T170855_20220508T090232_0,CORDOBA,2022-05-06,299.33604674829394,"{""type"":""MultiPoint"",""coordinates"":[]}"
20220506T170855_20220508T090232_1,CENTENARIO,2022-05-06,255.8581753716753,"{""type"":""MultiPoint"",""coordinates"":[]}"
20220506T170855_20220508T090232_2,LA_BOCA,2022-05-06,353.473968952052,"{""type"":""MultiPoint"",""coordinates"":[]}"
20220507T164957_20220512T125334_0,CORDOBA,2022-05-07,59.048233707457484,"{""type"":""MultiPoint"",""coordinates"":[]}"
20220507T164957_20220512T125334_1,CENTENARIO,2022-05-07,83.07568961608996,"{""type"":""MultiPoint"",""coordinates"":[]}"
20220507T164957_20220512T125334_2,LA_BOCA,2022-05-07,77.4049999387875,"{""type"":""MultiPoint"",""coordinates"":[]}"
20220508T163059_20220510T081345_0,CORDOBA,2022-05-08,55.575264717662094,"{""type"":""MultiPoint"",""coordinates"":[]}"
20220508T163059_20220510T081345_1,CENTENARIO,2022-05-08,54.63600972035784,"{""type"":""MultiPoint"",""coordinates"":[]}"
20220508T163059_20220510T081345_2,LA_BOCA,2022-05-08,53.58243379808069,"{""type"":""MultiPoint"",""coordinates"":[]}"
20220508T181230_20220510T102422_0,CORDOBA,2022-05-08,49.09077536247433,"{""type"":""MultiPoint"",""coordinates"":[]}"
20220508T181230_20220510T102422_1,CENTENARIO,2022-05-08,59.28273374782068,"{""type"":""MultiPoint"",""coordinates"":[]}"
20220508T181230_20220510T102422_2,LA_BOCA,2022-05-08,81.92846904688102,"{""type"":""MultiPoint"",""coordinates"":[]}"
20220509T175331_20220511T100716_0,CORDOBA,2022-05-09,112.55715674086935,"{""type"":""MultiPoint"",""coordinates"":[]}"
20220509T175331_20220511T100716_1,CENTENARIO,2022-05-09,112.55715723127395,"{""type"":""MultiPoint"",""coordinates"":[]}"
20220509T175331_20220511T100716_2,LA_BOCA,2022-05-09,112.5571579817741,"{""type"":""MultiPoint"",""coordinates"":[]}"
20220511T171535_20220524T170439_0,CORDOBA,2022-05-11,134.27072025160075,"{""type"":""MultiPoint"",""coordinates"":[]}"
20220511T171535_20220524T170439_1,CENTENARIO,2022-05-11,164.50988807265978,"{""type"":""MultiPoint"",""coordinates"":[]}"
20220511T171535_20220524T170439_2,LA_BOCA,2022-05-11,105.52829042811032,"{""type"":""MultiPoint"",""coordinates"":[]}"
20220512T165636_20220525T190414_0,CORDOBA,2022-05-12,84.67312628729788,"{""type"":""MultiPoint"",""coordinates"":[]}"
20220512T165636_20220525T190414_1,CENTENARIO,2022-05-12,149.75614850012863,"{""type"":""MultiPoint"",""coordinates"":[]}"
20220512T165636_20220525T190414_2,LA_BOCA,2022-05-12,54.656844548220846,"{""type"":""MultiPoint"",""coordinates"":[]}"
20220513T163738_20220515T085248_0,CORDOBA,2022-05-13,99.77595085538599,"{""type"":""MultiPoint"",""coordinates"":[]}"
20220513T163738_20220515T085248_1,CENTENARIO,2022-05-13,155.25293085785847,"{""type"":""MultiPoint"",""coordinates"":[]}"
20220513T163738_20220515T085248_2,LA_BOCA,2022-05-13,134.75254434125338,"{""type"":""MultiPoint"",""coordinates"":[]}"
20220514T161839_20220516T082709_0,CORDOBA,2022-05-14,157.86223667654252,"{""type"":""MultiPoint"",""coordinates"":[]}"
20220514T161839_20220516T082709_1,CENTENARIO,2022-05-14,151.8510810074408,"{""type"":""MultiPoint"",""coordinates"":[]}"
20220514T161839_20220516T082709_2,LA_BOCA,2022-05-14,140.40444788185624,"{""type"":""MultiPoint"",""coordinates"":[]}"
20220514T180009_20220516T101211_0,CORDOBA,2022-05-14,204.33155201546606,"{""type"":""MultiPoint"",""coordinates"":[]}"
20220514T180009_20220516T101211_1,CENTENARIO,2022-05-14,181.89590175670062,"{""type"":""MultiPoint"",""coordinates"":[]}"
20220514T180009_20220516T101211_2,LA_BOCA,2022-05-14,184.94686411417936,"{""type"":""MultiPoint"",""coordinates"":[]}"
20220515T174111_20220517T095016_0,CORDOBA,2022-05-15,81.63600226696883,"{""type"":""MultiPoint"",""coordinates"":[]}"
20220515T174111_20220517T095016_1,CENTENARIO,2022-05-15,73.28011065894498,"{""type"":""MultiPoint"",""coordinates"":[]}"
20220515T174111_20220517T095016_2,LA_BOCA,2022-05-15,77.99569690031296,"{""type"":""MultiPoint"",""coordinates"":[]}"
20220516T172212_20220518T092714_0,CORDOBA,2022-05-16,57.236553047405614,"{""type"":""MultiPoint"",""coordinates"":[]}"
20220516T172212_20220518T092714_1,CENTENARIO,2022-05-16,37.62770194791872,"{""type"":""MultiPoint"",""coordinates"":[]}"
20220516T172212_20220518T092714_2,LA_BOCA,2022-05-16,76.30888965841922,"{""type"":""MultiPoint"",""coordinates"":[]}"
20220518T164413_20220520T085614_0,CORDOBA,2022-05-18,93.51597427175871,"{""type"":""MultiPoint"",""coordinates"":[]}"
20220518T164413_20220520T085614_1,CENTENARIO,2022-05-18,90.86999170743846,"{""type"":""MultiPoint"",""coordinates"":[]}"
20220518T164413_20220520T085614_2,LA_BOCA,2022-05-18,78.53022448937683,"{""type"":""MultiPoint"",""coordinates"":[]}"
20220519T162514_20220521T084026_0,CORDOBA,2022-05-19,360.89012725334373,"{""type"":""MultiPoint"",""coordinates"":[]}"
20220519T162514_20220521T084026_1,CENTENARIO,2022-05-19,369.76763631765965,"{""type"":""MultiPoint"",""coordinates"":[]}"
20220519T162514_20220521T084026_2,LA_BOCA,2022-05-19,442.03897224811084,"{""type"":""MultiPoint"",""coordinates"":[]}"
20220519T180644_20220521T100906_0,CORDOBA,2022-05-19,349.7291061246981,"{""type"":""MultiPoint"",""coordinates"":[]}"
20220519T180644_20220521T100906_1,CENTENARIO,2022-05-19,428.3012417374494,"{""type"":""MultiPoint"",""coordinates"":[]}"
20220519T180644_20220521T100906_2,LA_BOCA,2022-05-19,419.3383076271228,"{""type"":""MultiPoint"",""coordinates"":[]}"
20220520T174745_20220522T095931_0,CORDOBA,2022-05-20,144.18777989819026,"{""type"":""MultiPoint"",""coordinates"":[]}"
20220520T174745_20220522T095931_1,CENTENARIO,2022-05-20,176.75892331388084,"{""type"":""MultiPoint"",""coordinates"":[]}"
20220520T174745_20220522T095931_2,LA_BOCA,2022-05-20,181.5246755683411,"{""type"":""MultiPoint"",""coordinates"":[]}"
20220521T172845_20220523T093959_0,CORDOBA,2022-05-21,445.0660708829609,"{""type"":""MultiPoint"",""coordinates"":[]}"
20220521T172845_20220523T093959_1,CENTENARIO,2022-05-21,365.5738655325571,"{""type"":""MultiPoint"",""coordinates"":[]}"
20220521T172845_20220523T093959_2,LA_BOCA,2022-05-21,441.6755530188618,"{""type"":""MultiPoint"",""coordinates"":[]}"
20220522T170946_20220524T091851_0,CORDOBA,2022-05-22,51.99170469539488,"{""type"":""MultiPoint"",""coordinates"":[]}"
20220522T170946_20220524T091851_1,CENTENARIO,2022-05-22,63.822449592715365,"{""type"":""MultiPoint"",""coordinates"":[]}"
20220522T170946_20220524T091851_2,LA_BOCA,2022-05-22,80.66240517407435,"{""type"":""MultiPoint"",""coordinates"":[]}"
20220523T165046_20220525T085448_0,CORDOBA,2022-05-23,151.46939892851992,"{""type"":""MultiPoint"",""coordinates"":[]}"
20220523T165046_20220525T085448_1,CENTENARIO,2022-05-23,216.96667770045082,"{""type"":""MultiPoint"",""coordinates"":[]}"
20220523T165046_20220525T085448_2,LA_BOCA,2022-05-23,188.84806101382614,"{""type"":""MultiPoint"",""coordinates"":[]}"
20220524T181316_20220526T102512_0,CORDOBA,2022-05-24,244.59151102652783,"{""type"":""MultiPoint"",""coordinates"":[]}"
20220524T181316_20220526T102512_1,CENTENARIO,2022-05-24,242.12648048129805,"{""type"":""MultiPoint"",""coordinates"":[]}"
20220524T181316_20220526T102512_2,LA_BOCA,2022-05-24,281.16065965161664,"{""type"":""MultiPoint"",""coordinates"":[]}"
20220526T173516_20220528T094058_0,CORDOBA,2022-05-26,105.73588557734072,"{""type"":""MultiPoint"",""coordinates"":[]}"
20220526T173516_20220528T094058_1,CENTENARIO,2022-05-26,137.2893585889985,"{""type"":""MultiPoint"",""coordinates"":[]}"
20220526T173516_20220528T094058_2,LA_BOCA,2022-05-26,83.25740510758725,"{""type"":""MultiPoint"",""coordinates"":[]}"
20220527T171615_20220529T104842_0,CORDOBA,2022-05-27,279.1831254944948,"{""type"":""MultiPoint"",""coordinates"":[]}"
20220527T171615_20220529T104842_1,CENTENARIO,2022-05-27,300.82027180900985,"{""type"":""MultiPoint"",""coordinates"":[]}"
20220527T171615_20220529T104842_2,LA_BOCA,2022-05-27,243.51364334998206,"{""type"":""MultiPoint"",""coordinates"":[]}"
20220528T165715_20220530T090323_0,CORDOBA,2022-05-28,135.05565154573557,"{""type"":""MultiPoint"",""coordinates"":[]}"
20220528T165715_20220530T090323_1,CENTENARIO,2022-05-28,141.58925013301015,"{""type"":""MultiPoint"",""coordinates"":[]}"
20220529T163814_20220531T084247_0,CORDOBA,2022-05-29,81.69916811566134,"{""type"":""MultiPoint"",""coordinates"":[]}"
20220529T163814_20220531T084247_1,CENTENARIO,2022-05-29,81.54379176077312,"{""type"":""MultiPoint"",""coordinates"":[]}"
20220529T163814_20220531T084247_2,LA_BOCA,2022-05-29,73.72046357261344,"{""type"":""MultiPoint"",""coordinates"":[]}"
20220530T161914_20220601T081854_0,CORDOBA,2022-05-30,134.40887517862296,"{""type"":""MultiPoint"",""coordinates"":[]}"
20220530T161914_20220601T081854_1,CENTENARIO,2022-05-30,127.35820137525025,"{""type"":""MultiPoint"",""coordinates"":[]}"
20220530T161914_20220601T081854_2,LA_BOCA,2022-05-30,116.41100521863838,"{""type"":""MultiPoint"",""coordinates"":[]}"
20220530T180044_20220601T100859_0,CORDOBA,2022-05-30,147.41477616149493,"{""type"":""MultiPoint"",""coordinates"":[]}"
20220530T180044_20220601T100859_1,CENTENARIO,2022-05-30,147.457656411638,"{""type"":""MultiPoint"",""coordinates"":[]}"
20220530T180044_20220601T100859_2,LA_BOCA,2022-05-30,139.99363983564504,"{""type"":""MultiPoint"",""coordinates"":[]}"
20220531T174143_20220602T094416_0,CORDOBA,2022-05-31,383.1923416684978,"{""type"":""MultiPoint"",""coordinates"":[]}"
20220531T174143_20220602T094416_1,CENTENARIO,2022-05-31,328.007857085852,"{""type"":""MultiPoint"",""coordinates"":[]}"
20220531T174143_20220602T094416_2,LA_BOCA,2022-05-31,370.7767624349181,"{""type"":""MultiPoint"",""coordinates"":[]}"
20220601T172242_20220603T092239_0,CORDOBA,2022-06-01,602.1993105882663,"{""type"":""MultiPoint"",""coordinates"":[]}"
20220601T172242_20220603T092239_1,CENTENARIO,2022-06-01,523.045582446272,"{""type"":""MultiPoint"",""coordinates"":[]}"
20220601T172242_20220603T092239_2,LA_BOCA,2022-06-01,480.68204409085627,"{""type"":""MultiPoint"",""coordinates"":[]}"
20220602T170341_20220604T085931_0,CORDOBA,2022-06-02,650.1785329845632,"{""type"":""MultiPoint"",""coordinates"":[]}"
20220602T170341_20220604T085931_1,CENTENARIO,2022-06-02,557.7355085303764,"{""type"":""MultiPoint"",""coordinates"":[]}"
20220602T170341_20220604T085931_2,LA_BOCA,2022-06-02,605.6125979937681,"{""type"":""MultiPoint"",""coordinates"":[]}"
20220603T164440_20220605T084111_0,CORDOBA,2022-06-03,101.99094513936046,"{""type"":""MultiPoint"",""coordinates"":[]}"
20220603T164440_20220605T084111_1,CENTENARIO,2022-06-03,117.31382218470806,"{""type"":""MultiPoint"",""coordinates"":[]}"
20220603T164440_20220605T084111_2,LA_BOCA,2022-06-03,75.98853420183733,"{""type"":""MultiPoint"",""coordinates"":[]}"
20220604T162538_20220606T081826_0,CORDOBA,2022-06-04,55.522378715308385,"{""type"":""MultiPoint"",""coordinates"":[]}"
20220604T162538_20220606T081826_1,CENTENARIO,2022-06-04,54.31053428027126,"{""type"":""MultiPoint"",""coordinates"":[]}"
20220604T162538_20220606T081826_2,LA_BOCA,2022-06-04,59.55003820109635,"{""type"":""MultiPoint"",""coordinates"":[]}"
20220604T180708_20220606T112902_0,CORDOBA,2022-06-04,69.59431269224677,"{""type"":""MultiPoint"",""coordinates"":[]}"
20220604T180708_20220606T112902_1,CENTENARIO,2022-06-04,69.04780273279655,"{""type"":""MultiPoint"",""coordinates"":[]}"
20220604T180708_20220606T112902_2,LA_BOCA,2022-06-04,101.8694929280456,"{""type"":""MultiPoint"",""coordinates"":[]}"
20220606T172905_20220608T093003_0,CORDOBA,2022-06-06,973.9424745972245,"{""type"":""MultiPoint"",""coordinates"":[]}"
20220606T172905_20220608T093003_1,CENTENARIO,2022-06-06,886.4982649721917,"{""type"":""MultiPoint"",""coordinates"":[]}"
20220606T172905_20220608T093003_2,LA_BOCA,2022-06-06,861.137467561102,"{""type"":""MultiPoint"",""coordinates"":[]}"
20220608T165102_20220610T085133_0,CORDOBA,2022-06-08,479.13419147286686,"{""type"":""MultiPoint"",""coordinates"":[]}"
20220608T165102_20220610T085133_1,CENTENARIO,2022-06-08,499.929247554118,"{""type"":""MultiPoint"",""coordinates"":[]}"
20220608T165102_20220610T085133_2,LA_BOCA,2022-06-08,476.69894621911664,"{""type"":""MultiPoint"",""coordinates"":[]}"
20220609T163200_20220611T082818_0,CORDOBA,2022-06-09,250.075249135243,"{""type"":""MultiPoint"",""coordinates"":[]}"
20220609T163200_20220611T082818_1,CENTENARIO,2022-06-09,214.33542284940174,"{""type"":""MultiPoint"",""coordinates"":[]}"
20220609T163200_20220611T082818_2,LA_BOCA,2022-06-09,248.69416992822775,"{""type"":""MultiPoint"",""coordinates"":[]}"
20220610T175430_20220612T095043_0,CORDOBA,2022-06-10,103.84372581028461,"{""type"":""MultiPoint"",""coordinates"":[]}"
20220610T175430_20220612T095043_1,CENTENARIO,2022-06-10,103.84730599764866,"{""type"":""MultiPoint"",""coordinates"":[]}"
20220610T175430_20220612T095043_2,LA_BOCA,2022-06-10,100.01138055323503,"{""type"":""MultiPoint"",""coordinates"":[]}"
20220611T173529_20220613T092903_0,CORDOBA,2022-06-11,130.2736344992702,"{""type"":""MultiPoint"",""coordinates"":[]}"
20220611T173529_20220613T092903_1,CENTENARIO,2022-06-11,115.84220397036431,"{""type"":""MultiPoint"",""coordinates"":[]}"
20220611T173529_20220613T092903_2,LA_BOCA,2022-06-11,121.40272322416043,"{""type"":""MultiPoint"",""coordinates"":[]}"
20220612T171629_20220614T090938_0,CORDOBA,2022-06-12,470.4931336361335,"{""type"":""MultiPoint"",""coordinates"":[]}"
20220612T171629_20220614T090938_1,CENTENARIO,2022-06-12,493.02524837671956,"{""type"":""MultiPoint"",""coordinates"":[]}"
20220612T171629_20220614T090938_2,LA_BOCA,2022-06-12,486.7940620972286,"{""type"":""MultiPoint"",""coordinates"":[]}"
20220613T165728_20220615T085220_0,CORDOBA,2022-06-13,115.25231577649292,"{""type"":""MultiPoint"",""coordinates"":[]}"
20220613T165728_20220615T085220_1,CENTENARIO,2022-06-13,111.64409029772548,"{""type"":""MultiPoint"",""coordinates"":[]}"
20220613T165728_20220615T085220_2,LA_BOCA,2022-06-13,123.07901324721469,"{""type"":""MultiPoint"",""coordinates"":[]}"
20220615T161927_20220617T081940_0,CORDOBA,2022-06-15,148.05161081230693,"{""type"":""MultiPoint"",""coordinates"":[]}"
20220615T161927_20220617T081940_1,CENTENARIO,2022-06-15,199.00641550820004,"{""type"":""MultiPoint"",""coordinates"":[]}"
20220615T161927_20220617T081940_2,LA_BOCA,2022-06-15,186.2358186195401,"{""type"":""MultiPoint"",""coordinates"":[]}"
20220615T180057_20220617T100833_0,CORDOBA,2022-06-15,246.59848404568703,"{""type"":""MultiPoint"",""coordinates"":[]}"
20220615T180057_20220617T100833_1,CENTENARIO,2022-06-15,243.05016528144688,"{""type"":""MultiPoint"",""coordinates"":[]}"
20220615T180057_20220617T100833_2,LA_BOCA,2022-06-15,273.8991469544825,"{""type"":""MultiPoint"",""coordinates"":[]}"
20220616T174156_20220618T094314_0,CORDOBA,2022-06-16,182.1201339845377,"{""type"":""MultiPoint"",""coordinates"":[]}"
20220616T174156_20220618T094314_1,CENTENARIO,2022-06-16,250.28109677438,"{""type"":""MultiPoint"",""coordinates"":[]}"
20220616T174156_20220618T094314_2,LA_BOCA,2022-06-16,201.0861723275011,"{""type"":""MultiPoint"",""coordinates"":[]}"
20220617T172255_20220619T092703_0,CORDOBA,2022-06-17,65.99048677832832,"{""type"":""MultiPoint"",""coordinates"":[]}"
20220617T172255_20220619T092703_1,CENTENARIO,2022-06-17,52.41564832131963,"{""type"":""MultiPoint"",""coordinates"":[]}"
20220617T172255_20220619T092703_2,LA_BOCA,2022-06-17,60.77527677914876,"{""type"":""MultiPoint"",""coordinates"":[]}"
20220618T170354_20220620T090137_0,CORDOBA,2022-06-18,185.52633498861866,"{""type"":""MultiPoint"",""coordinates"":[]}"
20220618T170354_20220620T090137_1,CENTENARIO,2022-06-18,176.66686550841283,"{""type"":""MultiPoint"",""coordinates"":[]}"
20220618T170354_20220620T090137_2,LA_BOCA,2022-06-18,192.90260481763949,"{""type"":""MultiPoint"",""coordinates"":[]}"
20220619T164453_20220621T170952_0,CORDOBA,2022-06-19,122.83118851776146,"{""type"":""MultiPoint"",""coordinates"":[]}"
20220619T164453_20220621T170952_1,CENTENARIO,2022-06-19,124.59557892225557,"{""type"":""MultiPoint"",""coordinates"":[]}"
20220619T164453_20220621T170952_2,LA_BOCA,2022-06-19,121.66125804929324,"{""type"":""MultiPoint"",""coordinates"":[]}"
20220621T174820_20220623T160407_0,CORDOBA,2022-06-21,105.34137451792172,"{""type"":""MultiPoint"",""coordinates"":[]}"
20220621T174820_20220623T160407_1,CENTENARIO,2022-06-21,137.4272119874182,"{""type"":""MultiPoint"",""coordinates"":[]}"
20220621T174820_20220623T160407_2,LA_BOCA,2022-06-21,67.97928157193947,"{""type"":""MultiPoint"",""coordinates"":[]}"
20220622T172918_20220624T093447_2,LA_BOCA,2022-06-22,80.09769362686613,"{""type"":""MultiPoint"",""coordinates"":[]}"
20220625T163213_20220627T083156_0,CORDOBA,2022-06-25,220.89961872055736,"{""type"":""MultiPoint"",""coordinates"":[]}"
20220625T163213_20220627T083156_1,CENTENARIO,2022-06-25,225.34337830508306,"{""type"":""MultiPoint"",""coordinates"":[]}"
20220625T163213_20220627T083156_2,LA_BOCA,2022-06-25,196.8057332734238,"{""type"":""MultiPoint"",""coordinates"":[]}"
20220625T181342_20220627T100100_0,CORDOBA,2022-06-25,196.91599121781175,"{""type"":""MultiPoint"",""coordinates"":[]}"
20220625T181342_20220627T100100_1,CENTENARIO,2022-06-25,227.63880983677578,"{""type"":""MultiPoint"",""coordinates"":[]}"
20220629T165733_20220701T084503_0,CORDOBA,2022-06-29,96.7233506394508,"{""type"":""MultiPoint"",""coordinates"":[]}"
20220629T165733_20220701T084503_1,CENTENARIO,2022-06-29,104.31132528049649,"{""type"":""MultiPoint"",""coordinates"":[]}"
20220629T165733_20220701T084503_2,LA_BOCA,2022-06-29,136.1887110624832,"{""type"":""MultiPoint"",""coordinates"":[]}"
20220630T163831_20220702T083007_0,CORDOBA,2022-06-30,492.3740796873947,"{""type"":""MultiPoint"",""coordinates"":[]}"
20220630T163831_20220702T083007_1,CENTENARIO,2022-06-30,410.15175326184306,"{""type"":""MultiPoint"",""coordinates"":[]}"
20220630T163831_20220702T083007_2,LA_BOCA,2022-06-30,350.6561398054246,"{""type"":""MultiPoint"",""coordinates"":[]}"
20220702T174155_20220704T094506_0,CORDOBA,2022-07-02,183.8078443540637,"{""type"":""MultiPoint"",""coordinates"":[]}"
20220702T174155_20220704T094506_1,CENTENARIO,2022-07-02,162.79255125294424,"{""type"":""MultiPoint"",""coordinates"":[]}"
20220702T174155_20220704T094506_2,LA_BOCA,2022-07-02,170.18477607055632,"{""type"":""MultiPoint"",""coordinates"":[]}"
20220703T172252_20220705T092116_0,CORDOBA,2022-07-03,108.59140530914408,"{""type"":""MultiPoint"",""coordinates"":[]}"
20220703T172252_20220705T092116_1,CENTENARIO,2022-07-03,187.51083004185753,"{""type"":""MultiPoint"",""coordinates"":[]}"
20220703T172252_20220705T092116_2,LA_BOCA,2022-07-03,70.6774175517099,"{""type"":""MultiPoint"",""coordinates"":[]}"
20220705T164446_20220707T083753_0,CORDOBA,2022-07-05,140.4315270483696,"{""type"":""MultiPoint"",""coordinates"":[]}"
20220705T164446_20220707T083753_1,CENTENARIO,2022-07-05,140.43153032089631,"{""type"":""MultiPoint"",""coordinates"":[]}"
20220705T164446_20220707T083753_2,LA_BOCA,2022-07-05,140.43152547909273,"{""type"":""MultiPoint"",""coordinates"":[]}"
20220707T174809_20220709T095452_0,CORDOBA,2022-07-07,201.08354669158925,"{""type"":""MultiPoint"",""coordinates"":[]}"
20220707T174809_20220709T095452_1,CENTENARIO,2022-07-07,158.3615520962613,"{""type"":""MultiPoint"",""coordinates"":[]}"
20220707T174809_20220709T095452_2,LA_BOCA,2022-07-07,194.96542331940807,"{""type"":""MultiPoint"",""coordinates"":[]}"
20220708T172906_20220710T092451_1,CENTENARIO,2022-07-08,76.9777844800295,"{""type"":""MultiPoint"",""coordinates"":[]}"
20220709T171002_20220711T090818_0,CORDOBA,2022-07-09,62.62760279748356,"{""type"":""MultiPoint"",""coordinates"":[]}"
20220709T171002_20220711T090818_1,CENTENARIO,2022-07-09,70.06182077616099,"{""type"":""MultiPoint"",""coordinates"":[]}"
20220709T171002_20220711T090818_2,LA_BOCA,2022-07-09,64.48236327804361,"{""type"":""MultiPoint"",""coordinates"":[]}"
20220712T175421_20220714T100211_0,CORDOBA,2022-07-12,493.59166829038537,"{""type"":""MultiPoint"",""coordinates"":[]}"
20220712T175421_20220714T100211_1,CENTENARIO,2022-07-12,433.79823784122607,"{""type"":""MultiPoint"",""coordinates"":[]}"
20220712T175421_20220714T100211_2,LA_BOCA,2022-07-12,577.9047310729699,"{""type"":""MultiPoint"",""coordinates"":[]}"
20220713T173517_20220715T094007_0,CORDOBA,2022-07-13,126.87187409056429,"{""type"":""MultiPoint"",""coordinates"":[]}"
20220713T173517_20220715T094007_1,CENTENARIO,2022-07-13,118.00738748764778,"{""type"":""MultiPoint"",""coordinates"":[]}"
20220713T173517_20220715T094007_2,LA_BOCA,2022-07-13,124.60061024479735,"{""type"":""MultiPoint"",""coordinates"":[]}"
20220717T161900_20220720T133805_0,CORDOBA,2022-07-17,109.19627861097055,"{""type"":""MultiPoint"",""coordinates"":[]}"
20220717T161900_20220720T133805_1,CENTENARIO,2022-07-17,108.39187907665456,"{""type"":""MultiPoint"",""coordinates"":[]}"
20220717T161900_20220720T133805_2,LA_BOCA,2022-07-17,101.10611036205611,"{""type"":""MultiPoint"",""coordinates"":[]}"
20220717T180030_20220720T162113_0,CORDOBA,2022-07-17,70.97411668282946,"{""type"":""MultiPoint"",""coordinates"":[]}"
20220717T180030_20220720T162113_1,CENTENARIO,2022-07-17,71.4817505321551,"{""type"":""MultiPoint"",""coordinates"":[]}"
20220717T180030_20220720T162113_2,LA_BOCA,2022-07-17,73.24782476784007,"{""type"":""MultiPoint"",""coordinates"":[]}"
20220718T174125_20220721T074122_0,CORDOBA,2022-07-18,319.3571261000097,"{""type"":""MultiPoint"",""coordinates"":[]}"
20220718T174125_20220721T074122_1,CENTENARIO,2022-07-18,325.1016555214172,"{""type"":""MultiPoint"",""coordinates"":[]}"
20220718T174125_20220721T074122_2,LA_BOCA,2022-07-18,284.6819219716974,"{""type"":""MultiPoint"",""coordinates"":[]}"
20220719T172220_20220721T195347_0,CORDOBA,2022-07-19,101.37389735910536,"{""type"":""MultiPoint"",""coordinates"":[]}"
20220719T172220_20220721T195347_1,CENTENARIO,2022-07-19,110.90713244239922,"{""type"":""MultiPoint"",""coordinates"":[]}"
20220719T172220_20220721T195347_2,LA_BOCA,2022-07-19,129.40971252279408,"{""type"":""MultiPoint"",""coordinates"":[]}"
20220720T170316_20220722T095651_0,CORDOBA,2022-07-20,86.14180094374152,"{""type"":""MultiPoint"",""coordinates"":[]}"
20220720T170316_20220722T095651_1,CENTENARIO,2022-07-20,82.82371611093174,"{""type"":""MultiPoint"",""coordinates"":[]}"
20220720T170316_20220722T095651_2,LA_BOCA,2022-07-20,99.7421181125257,"{""type"":""MultiPoint"",""coordinates"":[]}"
20220722T162506_20220724T082214_0,CORDOBA,2022-07-22,75.74653692140355,"{""type"":""MultiPoint"",""coordinates"":[]}"
20220722T162506_20220724T082214_1,CENTENARIO,2022-07-22,267.2132997832872,"{""type"":""MultiPoint"",""coordinates"":[]}"
20220722T162506_20220724T082214_2,LA_BOCA,2022-07-22,95.5934339982088,"{""type"":""MultiPoint"",""coordinates"":[]}"
20220722T180636_20220724T100938_0,CORDOBA,2022-07-22,198.49189664675185,"{""type"":""MultiPoint"",""coordinates"":[]}"
20220722T180636_20220724T100938_1,CENTENARIO,2022-07-22,213.30023415803927,"{""type"":""MultiPoint"",""coordinates"":[]}"
20220722T180636_20220724T100938_2,LA_BOCA,2022-07-22,144.4803246650893,"{""type"":""MultiPoint"",""coordinates"":[]}"
20220728T175334_20220730T192725_0,CORDOBA,2022-07-28,90.05278843687108,"{""type"":""MultiPoint"",""coordinates"":[]}"
20220728T175334_20220730T192725_1,CENTENARIO,2022-07-28,61.77731240829372,"{""type"":""MultiPoint"",""coordinates"":[]}"
20220728T175334_20220730T192725_2,LA_BOCA,2022-07-28,64.47693287366597,"{""type"":""MultiPoint"",""coordinates"":[]}"
20220729T173429_20220731T094141_0,CORDOBA,2022-07-29,283.27544416028815,"{""type"":""MultiPoint"",""coordinates"":[]}"
20220729T173429_20220731T094141_1,CENTENARIO,2022-07-29,272.2248927957351,"{""type"":""MultiPoint"",""coordinates"":[]}"
20220729T173429_20220731T094141_2,LA_BOCA,2022-07-29,272.0681881672286,"{""type"":""MultiPoint"",""coordinates"":[]}"
20220730T171523_20220801T091713_0,CORDOBA,2022-07-30,179.84187591253973,"{""type"":""MultiPoint"",""coordinates"":[]}"
20220730T171523_20220801T091713_1,CENTENARIO,2022-07-30,262.9814061773674,"{""type"":""MultiPoint"",""coordinates"":[]}"
20220730T171523_20220801T091713_2,LA_BOCA,2022-07-30,201.17144979495356,"{""type"":""MultiPoint"",""coordinates"":[]}"
20220731T165618_20220803T062759_0,CORDOBA,2022-07-31,117.45674078977792,"{""type"":""MultiPoint"",""coordinates"":[]}"
20220731T165618_20220803T062759_1,CENTENARIO,2022-07-31,196.86769606774783,"{""type"":""MultiPoint"",""coordinates"":[]}"
20220731T165618_20220803T062759_2,LA_BOCA,2022-07-31,100.41863673448536,"{""type"":""MultiPoint"",""coordinates"":[]}"
20220801T163712_20220804T075311_0,CORDOBA,2022-08-01,114.75061809779712,"{""type"":""MultiPoint"",""coordinates"":[]}"
20220801T163712_20220804T075311_1,CENTENARIO,2022-08-01,117.26320971887745,"{""type"":""MultiPoint"",""coordinates"":[]}"
20220801T163712_20220804T075311_2,LA_BOCA,2022-08-01,90.33146342969012,"{""type"":""MultiPoint"",""coordinates"":[]}"
20220802T161806_20220804T082331_1,CENTENARIO,2022-08-02,87.452957591678,"{""type"":""MultiPoint"",""coordinates"":[]}"
20220802T175936_20220805T065502_0,CORDOBA,2022-08-02,94.1464865091978,"{""type"":""MultiPoint"",""coordinates"":[]}"
20220802T175936_20220805T065502_1,CENTENARIO,2022-08-02,111.66945533665698,"{""type"":""MultiPoint"",""coordinates"":[]}"
20220802T175936_20220805T065502_2,LA_BOCA,2022-08-02,72.05111620151932,"{""type"":""MultiPoint"",""coordinates"":[]}"
20220805T170218_20220807T194922_0,CORDOBA,2022-08-05,453.6255307326213,"{""type"":""MultiPoint"",""coordinates"":[]}"
20220805T170218_20220807T194922_1,CENTENARIO,2022-08-05,372.71907165543445,"{""type"":""MultiPoint"",""coordinates"":[]}"
20220805T170218_20220807T194922_2,LA_BOCA,2022-08-05,406.3578388358164,"{""type"":""MultiPoint"",""coordinates"":[]}"
20220807T162405_20220811T085929_0,CORDOBA,2022-08-07,46.75328440313014,"{""type"":""MultiPoint"",""coordinates"":[]}"
20220807T162405_20220811T085929_1,CENTENARIO,2022-08-07,73.726120234022,"{""type"":""MultiPoint"",""coordinates"":[]}"
20220807T162405_20220811T085929_2,LA_BOCA,2022-08-07,51.95285704576069,"{""type"":""MultiPoint"",""coordinates"":[]}"
20220807T180535_20220809T204652_0,CORDOBA,2022-08-07,67.3521327903208,"{""type"":""MultiPoint"",""coordinates"":[]}"
20220807T180535_20220809T204652_1,CENTENARIO,2022-08-07,81.12850645284502,"{""type"":""MultiPoint"",""coordinates"":[]}"
20220807T180535_20220809T204652_2,LA_BOCA,2022-08-07,50.497906241838216,"{""type"":""MultiPoint"",""coordinates"":[]}"
20220808T174629_20220811T085502_0,CORDOBA,2022-08-08,53.205949993163074,"{""type"":""MultiPoint"",""coordinates"":[]}"
20220808T174629_20220811T085502_2,LA_BOCA,2022-08-08,53.205949634665096,"{""type"":""MultiPoint"",""coordinates"":[]}"
20220809T172722_20220811T223835_0,CORDOBA,2022-08-09,96.65303083778369,"{""type"":""MultiPoint"",""coordinates"":[]}"
20220809T172722_20220811T223835_1,CENTENARIO,2022-08-09,147.752115333191,"{""type"":""MultiPoint"",""coordinates"":[]}"
20220809T172722_20220811T223835_2,LA_BOCA,2022-08-09,86.06796499060084,"{""type"":""MultiPoint"",""coordinates"":[]}"
20220810T170816_20220814T073419_2,LA_BOCA,2022-08-10,103.10427031154506,"{""type"":""MultiPoint"",""coordinates"":[]}"
20220811T164910_20220816T095039_0,CORDOBA,2022-08-11,92.7261487070109,"{""type"":""MultiPoint"",""coordinates"":[]}"
20220811T164910_20220816T095039_1,CENTENARIO,2022-08-11,106.89410559107233,"{""type"":""MultiPoint"",""coordinates"":[]}"
20220811T164910_20220816T095039_2,LA_BOCA,2022-08-11,95.22693448188753,"{""type"":""MultiPoint"",""coordinates"":[]}"
20220812T163003_20220816T114838_0,CORDOBA,2022-08-12,80.47174370578753,"{""type"":""MultiPoint"",""coordinates"":[]}"
20220812T163003_20220816T114838_1,CENTENARIO,2022-08-12,109.31278005258221,"{""type"":""MultiPoint"",""coordinates"":[]}"
20220812T163003_20220816T114838_2,LA_BOCA,2022-08-12,62.34867370341045,"{""type"":""MultiPoint"",""coordinates"":[]}"
20220812T181133_20220816T115857_0,CORDOBA,2022-08-12,93.66238027099308,"{""type"":""MultiPoint"",""coordinates"":[]}"
20220812T181133_20220816T115857_1,CENTENARIO,2022-08-12,94.19163975414075,"{""type"":""MultiPoint"",""coordinates"":[]}"
20220812T181133_20220816T115857_2,LA_BOCA,2022-08-12,118.84469672799892,"{""type"":""MultiPoint"",""coordinates"":[]}"
20220813T175226_20220818T075403_0,CORDOBA,2022-08-13,121.41603517095379,"{""type"":""MultiPoint"",""coordinates"":[]}"
20220813T175226_20220818T075403_1,CENTENARIO,2022-08-13,148.78085286276954,"{""type"":""MultiPoint"",""coordinates"":[]}"
20220813T175226_20220818T075403_2,LA_BOCA,2022-08-13,137.78413864457255,"{""type"":""MultiPoint"",""coordinates"":[]}"
20220814T173319_20220817T235234_0,CORDOBA,2022-08-14,58.55504706559527,"{""type"":""MultiPoint"",""coordinates"":[]}"
20220814T173319_20220817T235234_1,CENTENARIO,2022-08-14,69.12603161648944,"{""type"":""MultiPoint"",""coordinates"":[]}"
20220814T173319_20220817T235234_2,LA_BOCA,2022-08-14,59.99527078880973,"{""type"":""MultiPoint"",""coordinates"":[]}"
20220815T171413_20220820T090416_1,CENTENARIO,2022-08-15,-1.9857807431501255,"{""type"":""MultiPoint"",""coordinates"":[]}"
20220816T165506_20220821T023801_0,CORDOBA,2022-08-16,179.23695930909867,"{""type"":""MultiPoint"",""coordinates"":[]}"
20220816T165506_20220821T023801_1,CENTENARIO,2022-08-16,161.8493897680745,"{""type"":""MultiPoint"",""coordinates"":[]}"
20220816T165506_20220821T023801_2,LA_BOCA,2022-08-16,197.80741394358634,"{""type"":""MultiPoint"",""coordinates"":[]}"
20220818T161652_20220822T055052_0,CORDOBA,2022-08-18,107.94943968116536,"{""type"":""MultiPoint"",""coordinates"":[]}"
20220818T161652_20220822T055052_1,CENTENARIO,2022-08-18,114.07665791065423,"{""type"":""MultiPoint"",""coordinates"":[]}"
20220818T161652_20220822T055052_2,LA_BOCA,2022-08-18,87.1534066565509,"{""type"":""MultiPoint"",""coordinates"":[]}"
20220818T175821_20220822T055424_0,CORDOBA,2022-08-18,99.76173124909064,"{""type"":""MultiPoint"",""coordinates"":[]}"
20220818T175821_20220822T055424_1,CENTENARIO,2022-08-18,67.57471291953249,"{""type"":""MultiPoint"",""coordinates"":[]}"
20220818T175821_20220822T055424_2,LA_BOCA,2022-08-18,79.5614785809869,"{""type"":""MultiPoint"",""coordinates"":[]}"
20220819T173914_20220823T054124_0,CORDOBA,2022-08-19,170.39694825587122,"{""type"":""MultiPoint"",""coordinates"":[]}"
20220819T173914_20220823T054124_1,CENTENARIO,2022-08-19,150.2829658710197,"{""type"":""MultiPoint"",""coordinates"":[]}"
20220819T173914_20220823T054124_2,LA_BOCA,2022-08-19,195.25838120527922,"{""type"":""MultiPoint"",""coordinates"":[]}"
20220820T172007_20220825T081704_0,CORDOBA,2022-08-20,112.71151740293591,"{""type"":""MultiPoint"",""coordinates"":[]}"
20220820T172007_20220825T081704_1,CENTENARIO,2022-08-20,127.90584591402803,"{""type"":""MultiPoint"",""coordinates"":[]}"
20220820T172007_20220825T081704_2,LA_BOCA,2022-08-20,123.30818419733724,"{""type"":""MultiPoint"",""coordinates"":[]}"
20220823T162246_20220827T072833_0,CORDOBA,2022-08-23,156.04171225905617,"{""type"":""MultiPoint"",""coordinates"":[]}"
20220823T162246_20220827T072833_1,CENTENARIO,2022-08-23,198.66106746027233,"{""type"":""MultiPoint"",""coordinates"":[]}"
20220823T162246_20220827T072833_2,LA_BOCA,2022-08-23,206.53852365466867,"{""type"":""MultiPoint"",""coordinates"":[]}"
20220823T180415_20220827T072930_0,CORDOBA,2022-08-23,168.8070055232663,"{""type"":""MultiPoint"",""coordinates"":[]}"
20220823T180415_20220827T072930_1,CENTENARIO,2022-08-23,228.11232003321788,"{""type"":""MultiPoint"",""coordinates"":[]}"
20220823T180415_20220827T072930_2,LA_BOCA,2022-08-23,141.1133334944018,"{""type"":""MultiPoint"",""coordinates"":[]}"
20220824T174508_20220827T215136_0,CORDOBA,2022-08-24,206.81773093287407,"{""type"":""MultiPoint"",""coordinates"":[]}"
20220824T174508_20220827T215136_1,CENTENARIO,2022-08-24,213.00216904994755,"{""type"":""MultiPoint"",""coordinates"":[]}"
20220824T174508_20220827T215136_2,LA_BOCA,2022-08-24,249.9302083556783,"{""type"":""MultiPoint"",""coordinates"":[]}"
20220825T172600_20220828T173324_0,CORDOBA,2022-08-25,804.4412128417299,"{""type"":""MultiPoint"",""coordinates"":[]}"
20220825T172600_20220828T173324_1,CENTENARIO,2022-08-25,980.6393591755689,"{""type"":""MultiPoint"",""coordinates"":[]}"
20220825T172600_20220828T173324_2,LA_BOCA,2022-08-25,749.3367735260774,"{""type"":""MultiPoint"",""coordinates"":[]}"
20220826T170653_20220829T054907_0,CORDOBA,2022-08-26,94.86053930137835,"{""type"":""MultiPoint"",""coordinates"":[]}"
20220826T170653_20220829T054907_1,CENTENARIO,2022-08-26,94.4537493784439,"{""type"":""MultiPoint"",""coordinates"":[]}"
20220826T170653_20220829T054907_2,LA_BOCA,2022-08-26,80.5431492859052,"{""type"":""MultiPoint"",""coordinates"":[]}"
20220827T164745_20220901T110913_0,CORDOBA,2022-08-27,69.57128694277554,"{""type"":""MultiPoint"",""coordinates"":[]}"
20220827T164745_20220901T110913_1,CENTENARIO,2022-08-27,69.78975198246137,"{""type"":""MultiPoint"",""coordinates"":[]}"
20220827T164745_20220901T110913_2,LA_BOCA,2022-08-27,54.894141318082795,"{""type"":""MultiPoint"",""coordinates"":[]}"
20220828T162838_20220901T112050_0,CORDOBA,2022-08-28,60.62956310696544,"{""type"":""MultiPoint"",""coordinates"":[]}"
20220828T162838_20220901T112050_1,CENTENARIO,2022-08-28,59.21615980901841,"{""type"":""MultiPoint"",""coordinates"":[]}"
20220828T162838_20220901T112050_2,LA_BOCA,2022-08-28,55.729668438468934,"{""type"":""MultiPoint"",""coordinates"":[]}"
20220828T181007_20220901T111920_0,CORDOBA,2022-08-28,68.55155667730061,"{""type"":""MultiPoint"",""coordinates"":[]}"
20220828T181007_20220901T111920_1,CENTENARIO,2022-08-28,68.9849228817887,"{""type"":""MultiPoint"",""coordinates"":[]}"
20220828T181007_20220901T111920_2,LA_BOCA,2022-08-28,59.34856138447205,"{""type"":""MultiPoint"",""coordinates"":[]}"
20220829T175100_20220901T132801_0,CORDOBA,2022-08-29,85.34846094612139,"{""type"":""MultiPoint"",""coordinates"":[]}"
20220829T175100_20220901T132801_1,CENTENARIO,2022-08-29,92.36589922382736,"{""type"":""MultiPoint"",""coordinates"":[]}"
20220829T175100_20220901T132801_2,LA_BOCA,2022-08-29,124.55682670181723,"{""type"":""MultiPoint"",""coordinates"":[]}"
20220830T173152_20220902T081116_0,CORDOBA,2022-08-30,87.34304820729928,"{""type"":""MultiPoint"",""coordinates"":[]}"
20220830T173152_20220902T081116_1,CENTENARIO,2022-08-30,115.03775104834598,"{""type"":""MultiPoint"",""coordinates"":[]}"
20220830T173152_20220902T081116_2,LA_BOCA,2022-08-30,74.18422596252373,"{""type"":""MultiPoint"",""coordinates"":[]}"
20220831T171244_20220902T213525_0,CORDOBA,2022-08-31,57.83226525735572,"{""type"":""MultiPoint"",""coordinates"":[]}"
20220831T171244_20220902T213525_1,CENTENARIO,2022-08-31,45.04227708055867,"{""type"":""MultiPoint"",""coordinates"":[]}"
20220831T171244_20220902T213525_2,LA_BOCA,2022-08-31,134.33377805655917,"{""type"":""MultiPoint"",""coordinates"":[]}"
20220902T163429_20220904T082442_0,CORDOBA,2022-09-02,90.67737387216447,"{""type"":""MultiPoint"",""coordinates"":[]}"
20220902T163429_20220904T082442_1,CENTENARIO,2022-09-02,92.8249336987553,"{""type"":""MultiPoint"",""coordinates"":[]}"
20220902T163429_20220904T082442_2,LA_BOCA,2022-09-02,65.82037989045017,"{""type"":""MultiPoint"",""coordinates"":[]}"
20220903T161521_20220905T080311_0,CORDOBA,2022-09-03,228.8329158581767,"{""type"":""MultiPoint"",""coordinates"":[]}"
20220903T161521_20220905T080311_1,CENTENARIO,2022-09-03,236.71064885883246,"{""type"":""MultiPoint"",""coordinates"":[]}"
20220903T161521_20220905T080311_2,LA_BOCA,2022-09-03,234.91330607296032,"{""type"":""MultiPoint"",""coordinates"":[]}"
20220903T175650_20220905T095601_0,CORDOBA,2022-09-03,237.05850562478034,"{""type"":""MultiPoint"",""coordinates"":[]}"
20220903T175650_20220905T095601_1,CENTENARIO,2022-09-03,283.5912697889012,"{""type"":""MultiPoint"",""coordinates"":[]}"
20220903T175650_20220905T095601_2,LA_BOCA,2022-09-03,257.31727199239776,"{""type"":""MultiPoint"",""coordinates"":[]}"
20220904T173742_20220906T093206_0,CORDOBA,2022-09-04,112.84260448846825,"{""type"":""MultiPoint"",""coordinates"":[]}"
20220904T173742_20220906T093206_1,CENTENARIO,2022-09-04,108.92192150072384,"{""type"":""MultiPoint"",""coordinates"":[]}"
20220904T173742_20220906T093206_2,LA_BOCA,2022-09-04,139.49348745859888,"{""type"":""MultiPoint"",""coordinates"":[]}"
20220905T171834_20220907T090751_0,CORDOBA,2022-09-05,209.97503169644204,"{""type"":""MultiPoint"",""coordinates"":[]}"
20220905T171834_20220907T090751_1,CENTENARIO,2022-09-05,204.69701789622377,"{""type"":""MultiPoint"",""coordinates"":[]}"
20220905T171834_20220907T090751_2,LA_BOCA,2022-09-05,287.03919350325475,"{""type"":""MultiPoint"",""coordinates"":[]}"
20220906T165926_20220908T085136_0,CORDOBA,2022-09-06,92.81785126820404,"{""type"":""MultiPoint"",""coordinates"":[]}"
20220906T165926_20220908T085136_1,CENTENARIO,2022-09-06,107.52181606897055,"{""type"":""MultiPoint"",""coordinates"":[]}"
20220906T165926_20220908T085136_2,LA_BOCA,2022-09-06,65.09640899981531,"{""type"":""MultiPoint"",""coordinates"":[]}"
20220907T164018_20220909T084446_0,CORDOBA,2022-09-07,63.1654947803341,"{""type"":""MultiPoint"",""coordinates"":[]}"
20220907T164018_20220909T084446_1,CENTENARIO,2022-09-07,77.12745200618063,"{""type"":""MultiPoint"",""coordinates"":[]}"
20220907T164018_20220909T084446_2,LA_BOCA,2022-09-07,77.39512694354592,"{""type"":""MultiPoint"",""coordinates"":[]}"
20220908T162110_20220910T081151_0,CORDOBA,2022-09-08,63.73322717554174,"{""type"":""MultiPoint"",""coordinates"":[]}"
20220908T162110_20220910T081151_1,CENTENARIO,2022-09-08,109.24899986605266,"{""type"":""MultiPoint"",""coordinates"":[]}"
20220908T162110_20220910T081151_2,LA_BOCA,2022-09-08,68.83169250229982,"{""type"":""MultiPoint"",""coordinates"":[]}"
20220910T172423_20220912T092422_0,CORDOBA,2022-09-10,182.35023253694584,"{""type"":""MultiPoint"",""coordinates"":[]}"
20220910T172423_20220912T092422_1,CENTENARIO,2022-09-10,155.2496977356925,"{""type"":""MultiPoint"",""coordinates"":[]}"
20220910T172423_20220912T092422_2,LA_BOCA,2022-09-10,158.68247613809,"{""type"":""MultiPoint"",""coordinates"":[]}"
20220911T170515_20220913T090242_0,CORDOBA,2022-09-11,83.02447314877014,"{""type"":""MultiPoint"",""coordinates"":[]}"
20220911T170515_20220913T090242_1,CENTENARIO,2022-09-11,109.59556458395039,"{""type"":""MultiPoint"",""coordinates"":[]}"
20220911T170515_20220913T090242_2,LA_BOCA,2022-09-11,90.52008247825374,"{""type"":""MultiPoint"",""coordinates"":[]}"
20220912T164607_20220914T084437_0,CORDOBA,2022-09-12,348.8294663778912,"{""type"":""MultiPoint"",""coordinates"":[]}"
20220912T164607_20220914T084437_1,CENTENARIO,2022-09-12,441.82002152683174,"{""type"":""MultiPoint"",""coordinates"":[]}"
20220912T164607_20220914T084437_2,LA_BOCA,2022-09-12,263.98248934028675,"{""type"":""MultiPoint"",""coordinates"":[]}"
20220913T162658_20220915T083038_0,CORDOBA,2022-09-13,252.01337744245077,"{""type"":""MultiPoint"",""coordinates"":[]}"
20220913T162658_20220915T083038_1,CENTENARIO,2022-09-13,296.1516679583484,"{""type"":""MultiPoint"",""coordinates"":[]}"
20220913T162658_20220915T083038_2,LA_BOCA,2022-09-13,165.90333582135014,"{""type"":""MultiPoint"",""coordinates"":[]}"
20220913T180828_20220915T101128_0,CORDOBA,2022-09-13,190.58237178926987,"{""type"":""MultiPoint"",""coordinates"":[]}"
20220913T180828_20220915T101128_1,CENTENARIO,2022-09-13,194.01905925446442,"{""type"":""MultiPoint"",""coordinates"":[]}"
20220913T180828_20220915T101128_2,LA_BOCA,2022-09-13,171.96804611752216,"{""type"":""MultiPoint"",""coordinates"":[]}"
20220914T174919_20220916T094729_0,CORDOBA,2022-09-14,139.8270979016065,"{""type"":""MultiPoint"",""coordinates"":[]}"
20220914T174919_20220916T094729_1,CENTENARIO,2022-09-14,273.21438159970626,"{""type"":""MultiPoint"",""coordinates"":[]}"
20220914T174919_20220916T094729_2,LA_BOCA,2022-09-14,138.52478166700504,"{""type"":""MultiPoint"",""coordinates"":[]}"
20220915T173011_20220917T092129_0,CORDOBA,2022-09-15,69.74766149423931,"{""type"":""MultiPoint"",""coordinates"":[]}"
20220915T173011_20220917T092129_1,CENTENARIO,2022-09-15,80.9942398473767,"{""type"":""MultiPoint"",""coordinates"":[]}"
20220915T173011_20220917T092129_2,LA_BOCA,2022-09-15,58.31855601869487,"{""type"":""MultiPoint"",""coordinates"":[]}"
20220916T171102_20220918T090133_0,CORDOBA,2022-09-16,44.353120002260994,"{""type"":""MultiPoint"",""coordinates"":[]}"
20220916T171102_20220918T090133_1,CENTENARIO,2022-09-16,60.88209883873339,"{""type"":""MultiPoint"",""coordinates"":[]}"
20220916T171102_20220918T090133_2,LA_BOCA,2022-09-16,38.02327730455264,"{""type"":""MultiPoint"",""coordinates"":[]}"
20220917T165154_20220919T084845_0,CORDOBA,2022-09-17,47.41034528450103,"{""type"":""MultiPoint"",""coordinates"":[]}"
20220917T165154_20220919T084845_1,CENTENARIO,2022-09-17,84.01581403126465,"{""type"":""MultiPoint"",""coordinates"":[]}"
20220919T161337_20220921T080828_1,CENTENARIO,2022-09-19,115.07569927937422,"{""type"":""MultiPoint"",""coordinates"":[]}"
20220919T175506_20220921T100008_0,CORDOBA,2022-09-19,100.72226441778425,"{""type"":""MultiPoint"",""coordinates"":[]}"
20220919T175506_20220921T100008_1,CENTENARIO,2022-09-19,98.6928779954471,"{""type"":""MultiPoint"",""coordinates"":[]}"
20220919T175506_20220921T100008_2,LA_BOCA,2022-09-19,93.788303964015,"{""type"":""MultiPoint"",""coordinates"":[]}"
20220920T173557_20220922T094447_0,CORDOBA,2022-09-20,149.117986544847,"{""type"":""MultiPoint"",""coordinates"":[]}"
20220920T173557_20220922T094447_2,LA_BOCA,2022-09-20,153.1587607840507,"{""type"":""MultiPoint"",""coordinates"":[]}"
20220923T163831_20220925T083715_0,CORDOBA,2022-09-23,228.06934355526496,"{""type"":""MultiPoint"",""coordinates"":[]}"
20220923T163831_20220925T083715_1,CENTENARIO,2022-09-23,277.8528280111911,"{""type"":""MultiPoint"",""coordinates"":[]}"
20220923T163831_20220925T083715_2,LA_BOCA,2022-09-23,253.3863220380105,"{""type"":""MultiPoint"",""coordinates"":[]}"
20220924T161923_20220926T081621_0,CORDOBA,2022-09-24,21.498260517044418,"{""type"":""MultiPoint"",""coordinates"":[]}"
20220924T161923_20220926T081621_1,CENTENARIO,2022-09-24,50.789617921345716,"{""type"":""MultiPoint"",""coordinates"":[]}"
20220924T161923_20220926T081621_2,LA_BOCA,2022-09-24,16.987398749190355,"{""type"":""MultiPoint"",""coordinates"":[]}"
20220924T180052_20220926T101149_0,CORDOBA,2022-09-24,54.06911457779696,"{""type"":""MultiPoint"",""coordinates"":[]}"
20220924T180052_20220926T101149_1,CENTENARIO,2022-09-24,53.56254369823681,"{""type"":""MultiPoint"",""coordinates"":[]}"
20220924T180052_20220926T101149_2,LA_BOCA,2022-09-24,59.251779268182894,"{""type"":""MultiPoint"",""coordinates"":[]}"
20220925T174143_20220927T095649_0,CORDOBA,2022-09-25,20.486224509854026,"{""type"":""MultiPoint"",""coordinates"":[]}"
20220925T174143_20220927T095649_1,CENTENARIO,2022-09-25,20.486715575043906,"{""type"":""MultiPoint"",""coordinates"":[]}"
20220925T174143_20220927T095649_2,LA_BOCA,2022-09-25,35.99002809665309,"{""type"":""MultiPoint"",""coordinates"":[]}"
20220926T172234_20220928T093729_0,CORDOBA,2022-09-26,249.20496621010773,"{""type"":""MultiPoint"",""coordinates"":[]}"
20220926T172234_20220928T093729_1,CENTENARIO,2022-09-26,187.10603604015688,"{""type"":""MultiPoint"",""coordinates"":[]}"
20220927T170326_20220929T090647_0,CORDOBA,2022-09-27,256.3416713299527,"{""type"":""MultiPoint"",""coordinates"":[]}"
20220927T170326_20220929T090647_1,CENTENARIO,2022-09-27,164.04627277600807,"{""type"":""MultiPoint"",""coordinates"":[]}"
20220927T170326_20220929T090647_2,LA_BOCA,2022-09-27,188.53939750684518,"{""type"":""MultiPoint"",""coordinates"":[]}"
20220928T164417_20220930T084409_0,CORDOBA,2022-09-28,88.41087450367588,"{""type"":""MultiPoint"",""coordinates"":[]}"
20220928T164417_20220930T084409_1,CENTENARIO,2022-09-28,116.94950541790877,"{""type"":""MultiPoint"",""coordinates"":[]}"
20220928T164417_20220930T084409_2,LA_BOCA,2022-09-28,62.64262376577011,"{""type"":""MultiPoint"",""coordinates"":[]}"
20220929T180637_20221001T102100_0,CORDOBA,2022-09-29,66.3331011795245,"{""type"":""MultiPoint"",""coordinates"":[]}"
20220929T180637_20221001T102100_1,CENTENARIO,2022-09-29,55.295157491125316,"{""type"":""MultiPoint"",""coordinates"":[]}"
20220929T180637_20221001T102100_2,LA_BOCA,2022-09-29,66.33310174707182,"{""type"":""MultiPoint"",""coordinates"":[]}"
20220930T174728_20221002T095113_0,CORDOBA,2022-09-30,68.53314440414381,"{""type"":""MultiPoint"",""coordinates"":[]}"
20220930T174728_20221002T095113_1,CENTENARIO,2022-09-30,105.52445769924867,"{""type"":""MultiPoint"",""coordinates"":[]}"
20220930T174728_20221002T095113_2,LA_BOCA,2022-09-30,54.294748963231996,"{""type"":""MultiPoint"",""coordinates"":[]}"
20221001T172819_20221003T093036_2,LA_BOCA,2022-10-01,155.63184557315842,"{""type"":""MultiPoint"",""coordinates"":[]}"
20221002T170910_20221004T091111_0,CORDOBA,2022-10-02,179.3381017991085,"{""type"":""MultiPoint"",""coordinates"":[]}"
20221002T170910_20221004T091111_1,CENTENARIO,2022-10-02,161.14935444751117,"{""type"":""MultiPoint"",""coordinates"":[]}"
20221002T170910_20221004T091111_2,LA_BOCA,2022-10-02,178.22956056795047,"{""type"":""MultiPoint"",""coordinates"":[]}"
20221003T165001_20221005T085228_0,CORDOBA,2022-10-03,57.98886612304522,"{""type"":""MultiPoint"",""coordinates"":[]}"
20221003T165001_20221005T085228_1,CENTENARIO,2022-10-03,92.16968436303353,"{""type"":""MultiPoint"",""coordinates"":[]}"
20221003T165001_20221005T085228_2,LA_BOCA,2022-10-03,54.77650752544866,"{""type"":""MultiPoint"",""coordinates"":[]}"
20221004T163052_20221006T083658_0,CORDOBA,2022-10-04,37.72744071983713,"{""type"":""MultiPoint"",""coordinates"":[]}"
20221004T163052_20221006T083658_1,CENTENARIO,2022-10-04,72.60997807241496,"{""type"":""MultiPoint"",""coordinates"":[]}"
20221004T163052_20221006T083658_2,LA_BOCA,2022-10-04,39.935442073404154,"{""type"":""MultiPoint"",""coordinates"":[]}"
20221005T161143_20221007T081549_0,CORDOBA,2022-10-05,82.09294422524559,"{""type"":""MultiPoint"",""coordinates"":[]}"
20221005T161143_20221007T081549_1,CENTENARIO,2022-10-05,66.65545392684648,"{""type"":""MultiPoint"",""coordinates"":[]}"
20221005T161143_20221007T081549_2,LA_BOCA,2022-10-05,61.72816012468026,"{""type"":""MultiPoint"",""coordinates"":[]}"
20221005T175313_20221007T095639_0,CORDOBA,2022-10-05,125.26742278968283,"{""type"":""MultiPoint"",""coordinates"":[]}"
20221005T175313_20221007T095639_1,CENTENARIO,2022-10-05,125.3222643142753,"{""type"":""MultiPoint"",""coordinates"":[]}"
20221005T175313_20221007T095639_2,LA_BOCA,2022-10-05,127.18188866233076,"{""type"":""MultiPoint"",""coordinates"":[]}"
20221006T173404_20221008T093938_0,CORDOBA,2022-10-06,117.43178758334729,"{""type"":""MultiPoint"",""coordinates"":[]}"
20221006T173404_20221008T093938_1,CENTENARIO,2022-10-06,107.7244293357984,"{""type"":""MultiPoint"",""coordinates"":[]}"
20221006T173404_20221008T093938_2,LA_BOCA,2022-10-06,85.36613762407,"{""type"":""MultiPoint"",""coordinates"":[]}"
20221007T171455_20221009T091948_0,CORDOBA,2022-10-07,105.42072389606804,"{""type"":""MultiPoint"",""coordinates"":[]}"
20221007T171455_20221009T091948_1,CENTENARIO,2022-10-07,79.48152726061963,"{""type"":""MultiPoint"",""coordinates"":[]}"
20221007T171455_20221009T091948_2,LA_BOCA,2022-10-07,97.93659517973776,"{""type"":""MultiPoint"",""coordinates"":[]}"
20221008T165545_20221010T090340_0,CORDOBA,2022-10-08,42.57109656118265,"{""type"":""MultiPoint"",""coordinates"":[]}"
20221008T165545_20221010T090340_1,CENTENARIO,2022-10-08,33.43564252654837,"{""type"":""MultiPoint"",""coordinates"":[]}"
20221008T165545_20221010T090340_2,LA_BOCA,2022-10-08,42.57109652394871,"{""type"":""MultiPoint"",""coordinates"":[]}"
20221009T163636_20221011T083217_0,CORDOBA,2022-10-09,76.12401377500697,"{""type"":""MultiPoint"",""coordinates"":[]}"
20221009T163636_20221011T083217_1,CENTENARIO,2022-10-09,72.45135872386275,"{""type"":""MultiPoint"",""coordinates"":[]}"
20221009T163636_20221011T083217_2,LA_BOCA,2022-10-09,74.2528190163248,"{""type"":""MultiPoint"",""coordinates"":[]}"
20221010T161727_20221012T080432_0,CORDOBA,2022-10-10,194.75587402813005,"{""type"":""MultiPoint"",""coordinates"":[]}"
20221010T161727_20221012T080432_1,CENTENARIO,2022-10-10,189.05596572511766,"{""type"":""MultiPoint"",""coordinates"":[]}"
20221010T161727_20221012T080432_2,LA_BOCA,2022-10-10,188.0882259795134,"{""type"":""MultiPoint"",""coordinates"":[]}"
20221010T175857_20221012T100631_0,CORDOBA,2022-10-10,107.45231867871838,"{""type"":""MultiPoint"",""coordinates"":[]}"
20221010T175857_20221012T100631_1,CENTENARIO,2022-10-10,107.0784719843444,"{""type"":""MultiPoint"",""coordinates"":[]}"
20221010T175857_20221012T100631_2,LA_BOCA,2022-10-10,119.56329240745715,"{""type"":""MultiPoint"",""coordinates"":[]}"
20221011T173947_20221013T094207_0,CORDOBA,2022-10-11,202.4594505538257,"{""type"":""MultiPoint"",""coordinates"":[]}"
20221011T173947_20221013T094207_1,CENTENARIO,2022-10-11,238.33481919391656,"{""type"":""MultiPoint"",""coordinates"":[]}"
20221011T173947_20221013T094207_2,LA_BOCA,2022-10-11,131.14582172987244,"{""type"":""MultiPoint"",""coordinates"":[]}"
20221012T172038_20221014T091411_0,CORDOBA,2022-10-12,129.73486990611912,"{""type"":""MultiPoint"",""coordinates"":[]}"
20221012T172038_20221014T091411_1,CENTENARIO,2022-10-12,122.13775917098927,"{""type"":""MultiPoint"",""coordinates"":[]}"
20221012T172038_20221014T091411_2,LA_BOCA,2022-10-12,176.34202663660176,"{""type"":""MultiPoint"",""coordinates"":[]}"
20221013T170129_20221015T085254_0,CORDOBA,2022-10-13,99.47501809962243,"{""type"":""MultiPoint"",""coordinates"":[]}"
20221013T170129_20221015T085254_1,CENTENARIO,2022-10-13,87.3499546108442,"{""type"":""MultiPoint"",""coordinates"":[]}"
20221013T170129_20221015T085254_2,LA_BOCA,2022-10-13,82.7464488503361,"{""type"":""MultiPoint"",""coordinates"":[]}"
20221014T164220_20221016T083139_0,CORDOBA,2022-10-14,58.80286391651412,"{""type"":""MultiPoint"",""coordinates"":[]}"
20221014T164220_20221016T083139_1,CENTENARIO,2022-10-14,77.09553702252794,"{""type"":""MultiPoint"",""coordinates"":[]}"
20221014T164220_20221016T083139_2,LA_BOCA,2022-10-14,44.27076381756643,"{""type"":""MultiPoint"",""coordinates"":[]}"
20221016T174531_20221018T095337_0,CORDOBA,2022-10-16,41.58300725975662,"{""type"":""MultiPoint"",""coordinates"":[]}"
20221016T174531_20221018T095337_1,CENTENARIO,2022-10-16,41.656135121503816,"{""type"":""MultiPoint"",""coordinates"":[]}"
20221016T174531_20221018T095337_2,LA_BOCA,2022-10-16,35.27731803665259,"{""type"":""MultiPoint"",""coordinates"":[]}"
20221017T172622_20221019T092136_0,CORDOBA,2022-10-17,46.54300312965785,"{""type"":""MultiPoint"",""coordinates"":[]}"
20221017T172622_20221019T092136_1,CENTENARIO,2022-10-17,64.36223234688659,"{""type"":""MultiPoint"",""coordinates"":[]}"
20221017T172622_20221019T092136_2,LA_BOCA,2022-10-17,30.765233435489222,"{""type"":""MultiPoint"",""coordinates"":[]}"
20221018T170713_20221020T085945_0,CORDOBA,2022-10-18,52.31406125548798,"{""type"":""MultiPoint"",""coordinates"":[]}"
20221018T170713_20221020T085945_1,CENTENARIO,2022-10-18,78.58447907627573,"{""type"":""MultiPoint"",""coordinates"":[]}"
20221018T170713_20221020T085945_2,LA_BOCA,2022-10-18,43.93852395228528,"{""type"":""MultiPoint"",""coordinates"":[]}"
20221021T160950_20221023T075024_2,LA_BOCA,2022-10-21,56.60484768573802,"{""type"":""MultiPoint"",""coordinates"":[]}"
20221021T175120_20221023T101230_0,CORDOBA,2022-10-21,106.88962356652185,"{""type"":""MultiPoint"",""coordinates"":[]}"
20221021T175120_20221023T101230_1,CENTENARIO,2022-10-21,189.65974095631384,"{""type"":""MultiPoint"",""coordinates"":[]}"
20221021T175120_20221023T101230_2,LA_BOCA,2022-10-21,96.98445491860738,"{""type"":""MultiPoint"",""coordinates"":[]}"
20221023T171307_20221025T091255_0,CORDOBA,2022-10-23,43.43090758490215,"{""type"":""MultiPoint"",""coordinates"":[]}"
20221023T171307_20221025T091255_1,CENTENARIO,2022-10-23,55.13851849864667,"{""type"":""MultiPoint"",""coordinates"":[]}"
20221023T171307_20221025T091255_2,LA_BOCA,2022-10-23,36.73015750391499,"{""type"":""MultiPoint"",""coordinates"":[]}"
20221024T165400_20221026T085821_0,CORDOBA,2022-10-24,98.42574987567,"{""type"":""MultiPoint"",""coordinates"":[]}"
20221024T165400_20221026T085821_1,CENTENARIO,2022-10-24,86.13718808822352,"{""type"":""MultiPoint"",""coordinates"":[]}"
20221024T165400_20221026T085821_2,LA_BOCA,2022-10-24,92.57961597879894,"{""type"":""MultiPoint"",""coordinates"":[]}"
20221025T163453_20221027T083947_1,CENTENARIO,2022-10-25,39.0630344976655,"{""type"":""MultiPoint"",""coordinates"":[]}"
20221027T173810_20221029T095042_0,CORDOBA,2022-10-27,99.30963967056174,"{""type"":""MultiPoint"",""coordinates"":[]}"
20221027T173810_20221029T095042_1,CENTENARIO,2022-10-27,86.3750602077251,"{""type"":""MultiPoint"",""coordinates"":[]}"
20221027T173810_20221029T095042_2,LA_BOCA,2022-10-27,100.7749239196601,"{""type"":""MultiPoint"",""coordinates"":[]}"
20221028T171904_20221030T091835_0,CORDOBA,2022-10-28,178.31959851316319,"{""type"":""MultiPoint"",""coordinates"":[]}"
20221028T171904_20221030T091835_1,CENTENARIO,2022-10-28,143.2578569818154,"{""type"":""MultiPoint"",""coordinates"":[]}"
20221028T171904_20221030T091835_2,LA_BOCA,2022-10-28,170.41214231870788,"{""type"":""MultiPoint"",""coordinates"":[]}"
20221029T165957_20221031T090223_0,CORDOBA,2022-10-29,119.92078343183854,"{""type"":""MultiPoint"",""coordinates"":[]}"
20221029T165957_20221031T090223_1,CENTENARIO,2022-10-29,106.29316100578849,"{""type"":""MultiPoint"",""coordinates"":[]}"
20221029T165957_20221031T090223_2,LA_BOCA,2022-10-29,112.28847944695475,"{""type"":""MultiPoint"",""coordinates"":[]}"
20221101T174408_20221103T100703_0,CORDOBA,2022-11-01,225.69996053019727,"{""type"":""MultiPoint"",""coordinates"":[]}"
20221101T174408_20221103T100703_1,CENTENARIO,2022-11-01,254.2357926820326,"{""type"":""MultiPoint"",""coordinates"":[]}"
20221101T174408_20221103T100703_2,LA_BOCA,2022-11-01,224.53424473448138,"{""type"":""MultiPoint"",""coordinates"":[]}"
20221102T172502_20221104T093652_0,CORDOBA,2022-11-02,82.11632468187601,"{""type"":""MultiPoint"",""coordinates"":[]}"
20221102T172502_20221104T093652_1,CENTENARIO,2022-11-02,112.64612199781197,"{""type"":""MultiPoint"",""coordinates"":[]}"
20221102T172502_20221104T093652_2,LA_BOCA,2022-11-02,80.30454325089502,"{""type"":""MultiPoint"",""coordinates"":[]}"
20221103T170556_20221105T092308_0,CORDOBA,2022-11-03,75.55882132866743,"{""type"":""MultiPoint"",""coordinates"":[]}"
20221103T170556_20221105T092308_1,CENTENARIO,2022-11-03,115.59731171235288,"{""type"":""MultiPoint"",""coordinates"":[]}"
20221103T170556_20221105T092308_2,LA_BOCA,2022-11-03,73.1624158124976,"{""type"":""MultiPoint"",""coordinates"":[]}"
20221104T164649_20221106T085116_0,CORDOBA,2022-11-04,42.6581325892999,"{""type"":""MultiPoint"",""coordinates"":[]}"
20221104T164649_20221106T085116_1,CENTENARIO,2022-11-04,88.48842558838209,"{""type"":""MultiPoint"",""coordinates"":[]}"
20221104T164649_20221106T085116_2,LA_BOCA,2022-11-04,35.11029918953681,"{""type"":""MultiPoint"",""coordinates"":[]}"
20221105T162743_20221107T083459_0,CORDOBA,2022-11-05,43.14839364796391,"{""type"":""MultiPoint"",""coordinates"":[]}"
20221105T162743_20221107T083459_1,CENTENARIO,2022-11-05,43.48658952581201,"{""type"":""MultiPoint"",""coordinates"":[]}"
20221105T162743_20221107T083459_2,LA_BOCA,2022-11-05,37.925612349730585,"{""type"":""MultiPoint"",""coordinates"":[]}"
20221106T160838_20221108T081036_0,CORDOBA,2022-11-06,34.73984275132518,"{""type"":""MultiPoint"",""coordinates"":[]}"
20221106T160838_20221108T081036_1,CENTENARIO,2022-11-06,41.622827908267276,"{""type"":""MultiPoint"",""coordinates"":[]}"
20221106T160838_20221108T081036_2,LA_BOCA,2022-11-06,24.54456863618193,"{""type"":""MultiPoint"",""coordinates"":[]}"
20221106T175007_20221108T100312_0,CORDOBA,2022-11-06,31.96706384832879,"{""type"":""MultiPoint"",""coordinates"":[]}"
20221106T175007_20221108T100312_1,CENTENARIO,2022-11-06,40.10195549842337,"{""type"":""MultiPoint"",""coordinates"":[]}"
20221106T175007_20221108T100312_2,LA_BOCA,2022-11-06,20.284658822133167,"{""type"":""MultiPoint"",""coordinates"":[]}"
20221107T173101_20221109T094734_0,CORDOBA,2022-11-07,48.22700967191427,"{""type"":""MultiPoint"",""coordinates"":[]}"
20221107T173101_20221109T094734_1,CENTENARIO,2022-11-07,83.15041269646147,"{""type"":""MultiPoint"",""coordinates"":[]}"
20221107T173101_20221109T094734_2,LA_BOCA,2022-11-07,28.858501974405183,"{""type"":""MultiPoint"",""coordinates"":[]}"
20221108T171155_20221110T091703_0,CORDOBA,2022-11-08,54.77121238395282,"{""type"":""MultiPoint"",""coordinates"":[]}"
20221108T171155_20221110T091703_1,CENTENARIO,2022-11-08,85.0049013377476,"{""type"":""MultiPoint"",""coordinates"":[]}"
20221108T171155_20221110T091703_2,LA_BOCA,2022-11-08,48.133648842524345,"{""type"":""MultiPoint"",""coordinates"":[]}"
20221109T165250_20221111T090249_0,CORDOBA,2022-11-09,73.01417963390996,"{""type"":""MultiPoint"",""coordinates"":[]}"
20221109T165250_20221111T090249_1,CENTENARIO,2022-11-09,140.44251169140404,"{""type"":""MultiPoint"",""coordinates"":[]}"
20221109T165250_20221111T090249_2,LA_BOCA,2022-11-09,53.85449081168981,"{""type"":""MultiPoint"",""coordinates"":[]}"
20221111T161438_20221113T081336_0,CORDOBA,2022-11-11,61.07487644746747,"{""type"":""MultiPoint"",""coordinates"":[]}"
20221111T161438_20221113T081336_1,CENTENARIO,2022-11-11,64.86465051588722,"{""type"":""MultiPoint"",""coordinates"":[]}"
20221111T161438_20221113T081336_2,LA_BOCA,2022-11-11,76.9970204262358,"{""type"":""MultiPoint"",""coordinates"":[]}"
20221111T175608_20221113T100610_0,CORDOBA,2022-11-11,59.53046533229795,"{""type"":""MultiPoint"",""coordinates"":[]}"
20221111T175608_20221113T100610_1,CENTENARIO,2022-11-11,149.79540085891296,"{""type"":""MultiPoint"",""coordinates"":[]}"
20221111T175608_20221113T100610_2,LA_BOCA,2022-11-11,44.95638628543864,"{""type"":""MultiPoint"",""coordinates"":[]}"
20221115T163946_20221117T214557_0,CORDOBA,2022-11-15,113.35272822322499,"{""type"":""MultiPoint"",""coordinates"":[]}"
20221115T163946_20221117T214557_1,CENTENARIO,2022-11-15,103.32176719419472,"{""type"":""MultiPoint"",""coordinates"":[]}"
20221115T163946_20221117T214557_2,LA_BOCA,2022-11-15,92.38014059827913,"{""type"":""MultiPoint"",""coordinates"":[]}"
20221116T162041_20221124T114631_0,CORDOBA,2022-11-16,133.42314251663896,"{""type"":""MultiPoint"",""coordinates"":[]}"
20221116T162041_20221124T114631_1,CENTENARIO,2022-11-16,155.9487722136973,"{""type"":""MultiPoint"",""coordinates"":[]}"
20221116T162041_20221124T114631_2,LA_BOCA,2022-11-16,180.55590949329937,"{""type"":""MultiPoint"",""coordinates"":[]}"
20221116T180211_20221124T120415_0,CORDOBA,2022-11-16,107.47874563209406,"{""type"":""MultiPoint"",""coordinates"":[]}"
20221116T180211_20221124T120415_1,CENTENARIO,2022-11-16,129.57202240176585,"{""type"":""MultiPoint"",""coordinates"":[]}"
20221116T180211_20221124T120415_2,LA_BOCA,2022-11-16,116.91026736802758,"{""type"":""MultiPoint"",""coordinates"":[]}"
20221117T174306_20221124T232808_0,CORDOBA,2022-11-17,111.85312804239106,"{""type"":""MultiPoint"",""coordinates"":[]}"
20221117T174306_20221124T232808_1,CENTENARIO,2022-11-17,118.26625093424578,"{""type"":""MultiPoint"",""coordinates"":[]}"
20221117T174306_20221124T232808_2,LA_BOCA,2022-11-17,85.66029046801907,"{""type"":""MultiPoint"",""coordinates"":[]}"
20221119T170456_20221126T214448_0,CORDOBA,2022-11-19,77.89038835658786,"{""type"":""MultiPoint"",""coordinates"":[]}"
20221119T170456_20221126T214448_1,CENTENARIO,2022-11-19,54.632235423419665,"{""type"":""MultiPoint"",""coordinates"":[]}"
20221119T170456_20221126T214448_2,LA_BOCA,2022-11-19,82.05035246833702,"{""type"":""MultiPoint"",""coordinates"":[]}"
20221122T160742_20221129T101728_0,CORDOBA,2022-11-22,99.61772891410024,"{""type"":""MultiPoint"",""coordinates"":[]}"
20221122T160742_20221129T101728_1,CENTENARIO,2022-11-22,96.63983952205355,"{""type"":""MultiPoint"",""coordinates"":[]}"
20221122T160742_20221129T101728_2,LA_BOCA,2022-11-22,83.84740121212793,"{""type"":""MultiPoint"",""coordinates"":[]}"
20221122T174911_20221129T102752_1,CENTENARIO,2022-11-22,65.0269134079028,"{""type"":""MultiPoint"",""coordinates"":[]}"
20221123T173007_20221130T105158_0,CORDOBA,2022-11-23,81.5780011800286,"{""type"":""MultiPoint"",""coordinates"":[]}"
20221123T173007_20221130T105158_1,CENTENARIO,2022-11-23,114.29515883706475,"{""type"":""MultiPoint"",""coordinates"":[]}"
20221123T173007_20221130T105158_2,LA_BOCA,2022-11-23,98.23550264780195,"{""type"":""MultiPoint"",""coordinates"":[]}"
20221124T171103_20221201T102857_0,CORDOBA,2022-11-24,180.8368761077123,"{""type"":""MultiPoint"",""coordinates"":[]}"
20221124T171103_20221201T102857_1,CENTENARIO,2022-11-24,177.61742391246247,"{""type"":""MultiPoint"",""coordinates"":[]}"
20221124T171103_20221201T102857_2,LA_BOCA,2022-11-24,232.16812039689526,"{""type"":""MultiPoint"",""coordinates"":[]}"
20221125T165159_20221202T120156_0,CORDOBA,2022-11-25,66.5816047663772,"{""type"":""MultiPoint"",""coordinates"":[]}"
20221125T165159_20221202T120156_1,CENTENARIO,2022-11-25,101.42277028823872,"{""type"":""MultiPoint"",""coordinates"":[]}"
20221125T165159_20221202T120156_2,LA_BOCA,2022-11-25,51.156361942061864,"{""type"":""MultiPoint"",""coordinates"":[]}"
20221126T163254_20221203T101313_0,CORDOBA,2022-11-26,54.31724114728459,"{""type"":""MultiPoint"",""coordinates"":[]}"
20221126T163254_20221203T101313_1,CENTENARIO,2022-11-26,111.33945304579879,"{""type"":""MultiPoint"",""coordinates"":[]}"
20221126T163254_20221203T101313_2,LA_BOCA,2022-11-26,50.400913590866274,"{""type"":""MultiPoint"",""coordinates"":[]}"
20221127T161350_20221204T102739_0,CORDOBA,2022-11-27,59.31063270904849,"{""type"":""MultiPoint"",""coordinates"":[]}"
20221127T161350_20221204T102739_1,CENTENARIO,2022-11-27,59.71878392218153,"{""type"":""MultiPoint"",""coordinates"":[]}"
20221127T161350_20221204T102739_2,LA_BOCA,2022-11-27,41.976340677213365,"{""type"":""MultiPoint"",""coordinates"":[]}"
20221127T175520_20221204T104352_0,CORDOBA,2022-11-27,34.26743210318358,"{""type"":""MultiPoint"",""coordinates"":[]}"
20221127T175520_20221204T104352_1,CENTENARIO,2022-11-27,34.34909103980025,"{""type"":""MultiPoint"",""coordinates"":[]}"
20221127T175520_20221204T104352_2,LA_BOCA,2022-11-27,31.907195826672943,"{""type"":""MultiPoint"",""coordinates"":[]}"
20221128T173616_20221205T104809_0,CORDOBA,2022-11-28,66.86432700704763,"{""type"":""MultiPoint"",""coordinates"":[]}"
20221128T173616_20221205T104809_1,CENTENARIO,2022-11-28,76.27007909506085,"{""type"":""MultiPoint"",""coordinates"":[]}"
20221128T173616_20221205T104809_2,LA_BOCA,2022-11-28,58.449955424184076,"{""type"":""MultiPoint"",""coordinates"":[]}"
20221129T171713_20221206T110423_0,CORDOBA,2022-11-29,66.72197260859635,"{""type"":""MultiPoint"",""coordinates"":[]}"
20221129T171713_20221206T110423_1,CENTENARIO,2022-11-29,73.43881826389037,"{""type"":""MultiPoint"",""coordinates"":[]}"
20221129T171713_20221206T110423_2,LA_BOCA,2022-11-29,73.82349555632703,"{""type"":""MultiPoint"",""coordinates"":[]}"
20221202T162002_20221209T102711_0,CORDOBA,2022-12-02,233.27009822680708,"{""type"":""MultiPoint"",""coordinates"":[]}"
20221202T162002_20221209T102711_1,CENTENARIO,2022-12-02,258.4896038517583,"{""type"":""MultiPoint"",""coordinates"":[]}"
20221202T162002_20221209T102711_2,LA_BOCA,2022-12-02,138.26038442404143,"{""type"":""MultiPoint"",""coordinates"":[]}"
20221202T180132_20221209T103901_0,CORDOBA,2022-12-02,209.1943745784248,"{""type"":""MultiPoint"",""coordinates"":[]}"
20221202T180132_20221209T103901_1,CENTENARIO,2022-12-02,210.1877113100422,"{""type"":""MultiPoint"",""coordinates"":[]}"
20221202T180132_20221209T103901_2,LA_BOCA,2022-12-02,172.04818391378882,"{""type"":""MultiPoint"",""coordinates"":[]}"
20221203T174229_20221210T102123_0,CORDOBA,2022-12-03,151.27290492176076,"{""type"":""MultiPoint"",""coordinates"":[]}"
20221203T174229_20221210T102123_1,CENTENARIO,2022-12-03,255.08170356900385,"{""type"":""MultiPoint"",""coordinates"":[]}"
20221203T174229_20221210T102123_2,LA_BOCA,2022-12-03,127.04826749723794,"{""type"":""MultiPoint"",""coordinates"":[]}"
20221204T172325_20221210T212614_0,CORDOBA,2022-12-04,274.9264187622087,"{""type"":""MultiPoint"",""coordinates"":[]}"
20221204T172325_20221210T212614_1,CENTENARIO,2022-12-04,306.33069270273586,"{""type"":""MultiPoint"",""coordinates"":[]}"
20221204T172325_20221210T212614_2,LA_BOCA,2022-12-04,174.01141051785515,"{""type"":""MultiPoint"",""coordinates"":[]}"
20221205T170422_20221212T023622_0,CORDOBA,2022-12-05,130.1153617819194,"{""type"":""MultiPoint"",""coordinates"":[]}"
20221205T170422_20221212T023622_1,CENTENARIO,2022-12-05,188.89153034164346,"{""type"":""MultiPoint"",""coordinates"":[]}"
20221205T170422_20221212T023622_2,LA_BOCA,2022-12-05,101.86489785397175,"{""type"":""MultiPoint"",""coordinates"":[]}"
20221206T164520_20221212T210746_0,CORDOBA,2022-12-06,111.741127028776,"{""type"":""MultiPoint"",""coordinates"":[]}"
20221206T164520_20221212T210746_1,CENTENARIO,2022-12-06,126.77587649418905,"{""type"":""MultiPoint"",""coordinates"":[]}"
20221206T164520_20221212T210746_2,LA_BOCA,2022-12-06,108.20263676820215,"{""type"":""MultiPoint"",""coordinates"":[]}"
20221208T160714_20221214T135116_0,CORDOBA,2022-12-08,133.1590470807612,"{""type"":""MultiPoint"",""coordinates"":[]}"
20221208T160714_20221214T135116_1,CENTENARIO,2022-12-08,108.53383441065414,"{""type"":""MultiPoint"",""coordinates"":[]}"
20221208T160714_20221214T135116_2,LA_BOCA,2022-12-08,99.71687859506673,"{""type"":""MultiPoint"",""coordinates"":[]}"
20221208T174844_20221214T141526_0,CORDOBA,2022-12-08,118.61902941810911,"{""type"":""MultiPoint"",""coordinates"":[]}"
20221208T174844_20221214T141526_1,CENTENARIO,2022-12-08,118.57420651083481,"{""type"":""MultiPoint"",""coordinates"":[]}"
20221208T174844_20221214T141526_2,LA_BOCA,2022-12-08,112.58516009281773,"{""type"":""MultiPoint"",""coordinates"":[]}"
20221209T172942_20221215T122911_0,CORDOBA,2022-12-09,115.289797730578,"{""type"":""MultiPoint"",""coordinates"":[]}"
20221209T172942_20221215T122911_1,CENTENARIO,2022-12-09,100.17304739081943,"{""type"":""MultiPoint"",""coordinates"":[]}"
20221209T172942_20221215T122911_2,LA_BOCA,2022-12-09,116.08135201814162,"{""type"":""MultiPoint"",""coordinates"":[]}"
20221210T171039_20221216T123209_0,CORDOBA,2022-12-10,75.39424524915704,"{""type"":""MultiPoint"",""coordinates"":[]}"
20221210T171039_20221216T123209_1,CENTENARIO,2022-12-10,97.24695340782537,"{""type"":""MultiPoint"",""coordinates"":[]}"
20221210T171039_20221216T123209_2,LA_BOCA,2022-12-10,58.50742175159323,"{""type"":""MultiPoint"",""coordinates"":[]}"
20221211T165137_20221217T163611_0,CORDOBA,2022-12-11,87.79475904499327,"{""type"":""MultiPoint"",""coordinates"":[]}"
20221211T165137_20221217T163611_1,CENTENARIO,2022-12-11,78.61294513318235,"{""type"":""MultiPoint"",""coordinates"":[]}"
20221211T165137_20221217T163611_2,LA_BOCA,2022-12-11,99.82829941181262,"{""type"":""MultiPoint"",""coordinates"":[]}"
20221212T163235_20221218T154335_0,CORDOBA,2022-12-12,262.3656692342006,"{""type"":""MultiPoint"",""coordinates"":[]}"
20221212T163235_20221218T154335_1,CENTENARIO,2022-12-12,324.0698737107328,"{""type"":""MultiPoint"",""coordinates"":[]}"
20221212T163235_20221218T154335_2,LA_BOCA,2022-12-12,175.0545520560199,"{""type"":""MultiPoint"",""coordinates"":[]}"
20221213T161333_20221219T101401_0,CORDOBA,2022-12-13,129.2913415336028,"{""type"":""MultiPoint"",""coordinates"":[]}"
20221213T161333_20221219T101401_1,CENTENARIO,2022-12-13,175.40877418120556,"{""type"":""MultiPoint"",""coordinates"":[]}"
20221213T161333_20221219T101401_2,LA_BOCA,2022-12-13,149.7300281600585,"{""type"":""MultiPoint"",""coordinates"":[]}"
20221213T175503_20221219T102446_0,CORDOBA,2022-12-13,137.9777474162435,"{""type"":""MultiPoint"",""coordinates"":[]}"
20221213T175503_20221219T102446_1,CENTENARIO,2022-12-13,136.54332264483898,"{""type"":""MultiPoint"",""coordinates"":[]}"
20221213T175503_20221219T102446_2,LA_BOCA,2022-12-13,181.73722379938187,"{""type"":""MultiPoint"",""coordinates"":[]}"
20221214T173601_20221220T130827_0,CORDOBA,2022-12-14,72.02471745400737,"{""type"":""MultiPoint"",""coordinates"":[]}"
20221214T173601_20221220T130827_1,CENTENARIO,2022-12-14,83.70014774013579,"{""type"":""MultiPoint"",""coordinates"":[]}"
20221214T173601_20221220T130827_2,LA_BOCA,2022-12-14,87.22953099947448,"{""type"":""MultiPoint"",""coordinates"":[]}"
20221215T171659_20221221T051723_0,CORDOBA,2022-12-15,99.19405026518575,"{""type"":""MultiPoint"",""coordinates"":[]}"
20221215T171659_20221221T051723_1,CENTENARIO,2022-12-15,97.87035462788174,"{""type"":""MultiPoint"",""coordinates"":[]}"
20221215T171659_20221221T051723_2,LA_BOCA,2022-12-15,74.40596189267045,"{""type"":""MultiPoint"",""coordinates"":[]}"
20221216T165757_20221222T050632_0,CORDOBA,2022-12-16,67.88630357408432,"{""type"":""MultiPoint"",""coordinates"":[]}"
20221216T165757_20221222T050632_1,CENTENARIO,2022-12-16,97.1864707254604,"{""type"":""MultiPoint"",""coordinates"":[]}"
20221216T165757_20221222T050632_2,LA_BOCA,2022-12-16,54.23745207024229,"{""type"":""MultiPoint"",""coordinates"":[]}"
20221217T163856_20221223T011150_0,CORDOBA,2022-12-17,67.85770718709252,"{""type"":""MultiPoint"",""coordinates"":[]}"
20221217T163856_20221223T011150_1,CENTENARIO,2022-12-17,112.77938401329676,"{""type"":""MultiPoint"",""coordinates"":[]}"
20221217T163856_20221223T011150_2,LA_BOCA,2022-12-17,58.22181576922317,"{""type"":""MultiPoint"",""coordinates"":[]}"
20221218T161955_20221223T171906_0,CORDOBA,2022-12-18,28.953978440581842,"{""type"":""MultiPoint"",""coordinates"":[]}"
20221218T161955_20221223T171906_1,CENTENARIO,2022-12-18,51.1117388866797,"{""type"":""MultiPoint"",""coordinates"":[]}"
20221218T161955_20221223T171906_2,LA_BOCA,2022-12-18,34.1896350924904,"{""type"":""MultiPoint"",""coordinates"":[]}"
20221218T180124_20221223T173222_0,CORDOBA,2022-12-18,49.42529618707827,"{""type"":""MultiPoint"",""coordinates"":[]}"
20221218T180124_20221223T173222_1,CENTENARIO,2022-12-18,57.35131623790526,"{""type"":""MultiPoint"",""coordinates"":[]}"
20221218T180124_20221223T173222_2,LA_BOCA,2022-12-18,41.718011085871055,"{""type"":""MultiPoint"",""coordinates"":[]}"
20221219T174223_20221224T093811_0,CORDOBA,2022-12-19,79.28163643283973,"{""type"":""MultiPoint"",""coordinates"":[]}"
20221219T174223_20221224T093811_1,CENTENARIO,2022-12-19,81.6182405175403,"{""type"":""MultiPoint"",""coordinates"":[]}"
20221219T174223_20221224T093811_2,LA_BOCA,2022-12-19,70.14483483282953,"{""type"":""MultiPoint"",""coordinates"":[]}"
20221220T172322_20221225T014544_0,CORDOBA,2022-12-20,52.44191680573178,"{""type"":""MultiPoint"",""coordinates"":[]}"
20221220T172322_20221225T014544_1,CENTENARIO,2022-12-20,69.25056357823021,"{""type"":""MultiPoint"",""coordinates"":[]}"
20221220T172322_20221225T014544_2,LA_BOCA,2022-12-20,44.59939264474561,"{""type"":""MultiPoint"",""coordinates"":[]}"
20221221T170421_20221225T183141_0,CORDOBA,2022-12-21,89.23863099852146,"{""type"":""MultiPoint"",""coordinates"":[]}"
20221221T170421_20221225T183141_1,CENTENARIO,2022-12-21,105.21485228166756,"{""type"":""MultiPoint"",""coordinates"":[]}"
20221221T170421_20221225T183141_2,LA_BOCA,2022-12-21,68.70577928349505,"{""type"":""MultiPoint"",""coordinates"":[]}"
20221223T162620_20221227T073348_0,CORDOBA,2022-12-23,107.05740508633521,"{""type"":""MultiPoint"",""coordinates"":[]}"
20221223T162620_20221227T073348_1,CENTENARIO,2022-12-23,106.41891309687506,"{""type"":""MultiPoint"",""coordinates"":[]}"
20221223T162620_20221227T073348_2,LA_BOCA,2022-12-23,111.31242420006272,"{""type"":""MultiPoint"",""coordinates"":[]}"
20221225T172949_20221228T155531_0,CORDOBA,2022-12-25,37.16890637936638,"{""type"":""MultiPoint"",""coordinates"":[]}"
20221225T172949_20221228T155531_1,CENTENARIO,2022-12-25,39.88447833860461,"{""type"":""MultiPoint"",""coordinates"":[]}"
20221225T172949_20221228T155531_2,LA_BOCA,2022-12-25,28.464000944565996,"{""type"":""MultiPoint"",""coordinates"":[]}"
20221226T171048_20221229T095326_0,CORDOBA,2022-12-26,214.8023259216866,"{""type"":""MultiPoint"",""coordinates"":[]}"
20221226T171048_20221229T095326_1,CENTENARIO,2022-12-26,192.74871095043758,"{""type"":""MultiPoint"",""coordinates"":[]}"
20221226T171048_20221229T095326_2,LA_BOCA,2022-12-26,265.4817998284084,"{""type"":""MultiPoint"",""coordinates"":[]}"
20221227T165148_20221230T075434_1,CENTENARIO,2022-12-27,160.7888503598193,"{""type"":""MultiPoint"",""coordinates"":[]}"
20221227T165148_20221230T075434_2,LA_BOCA,2022-12-27,208.01179769324898,"{""type"":""MultiPoint"",""coordinates"":[]}"
20221229T161348_20230101T001633_0,CORDOBA,2022-12-29,188.28210041808853,"{""type"":""MultiPoint"",""coordinates"":[]}"
20221229T161348_20230101T001633_1,CENTENARIO,2022-12-29,153.6762855602521,"{""type"":""MultiPoint"",""coordinates"":[]}"
20221229T161348_20230101T001633_2,LA_BOCA,2022-12-29,181.1734921840779,"{""type"":""MultiPoint"",""coordinates"":[]}"
20221229T175518_20230101T003955_0,CORDOBA,2022-12-29,195.43226382268224,"{""type"":""MultiPoint"",""coordinates"":[]}"
20221229T175518_20230101T003955_1,CENTENARIO,2022-12-29,195.37150486554611,"{""type"":""MultiPoint"",""coordinates"":[]}"
20221229T175518_20230101T003955_2,LA_BOCA,2022-12-29,193.38972310296109,"{""type"":""MultiPoint"",""coordinates"":[]}"
20221230T173618_20230101T195528_0,CORDOBA,2022-12-30,93.83458352665896,"{""type"":""MultiPoint"",""coordinates"":[]}"
20221230T173618_20230101T195528_1,CENTENARIO,2022-12-30,125.68312452258878,"{""type"":""MultiPoint"",""coordinates"":[]}"
20221230T173618_20230101T195528_2,LA_BOCA,2022-12-30,133.371842534743,"{""type"":""MultiPoint"",""coordinates"":[]}"
20221231T171719_20230102T114637_0,CORDOBA,2022-12-31,41.31179648521302,"{""type"":""MultiPoint"",""coordinates"":[]}"
20221231T171719_20230102T114637_1,CENTENARIO,2022-12-31,45.84140601112435,"{""type"":""MultiPoint"",""coordinates"":[]}"
20221231T171719_20230102T114637_2,LA_BOCA,2022-12-31,27.67355982298148,"{""type"":""MultiPoint"",""coordinates"":[]}"
20230102T163919_20230104T084040_0,CORDOBA,2023-01-02,85.25147198148507,"{""type"":""MultiPoint"",""coordinates"":[]}"
20230102T163919_20230104T084040_1,CENTENARIO,2023-01-02,74.56493029600806,"{""type"":""MultiPoint"",""coordinates"":[]}"
20230102T163919_20230104T084040_2,LA_BOCA,2023-01-02,75.98634115470598,"{""type"":""MultiPoint"",""coordinates"":[]}"
20230103T162020_20230105T081451_0,CORDOBA,2023-01-03,106.6727763657711,"{""type"":""MultiPoint"",""coordinates"":[]}"
20230103T162020_20230105T081451_1,CENTENARIO,2023-01-03,80.8922810430669,"{""type"":""MultiPoint"",""coordinates"":[]}"
20230103T162020_20230105T081451_2,LA_BOCA,2023-01-03,97.62563033659632,"{""type"":""MultiPoint"",""coordinates"":[]}"
20230103T180150_20230105T102708_0,CORDOBA,2023-01-03,68.12260480692656,"{""type"":""MultiPoint"",""coordinates"":[]}"
20230103T180150_20230105T102708_1,CENTENARIO,2023-01-03,59.60273520268454,"{""type"":""MultiPoint"",""coordinates"":[]}"
20230103T180150_20230105T102708_2,LA_BOCA,2023-01-03,67.45470361512086,"{""type"":""MultiPoint"",""coordinates"":[]}"
20230104T160121_20230106T075100_2,LA_BOCA,2023-01-04,45.997948825987606,"{""type"":""MultiPoint"",""coordinates"":[]}"
20230104T174251_20230106T100657_0,CORDOBA,2023-01-04,191.92182295467583,"{""type"":""MultiPoint"",""coordinates"":[]}"
20230104T174251_20230106T100657_1,CENTENARIO,2023-01-04,192.1602078923728,"{""type"":""MultiPoint"",""coordinates"":[]}"
20230104T174251_20230106T100657_2,LA_BOCA,2023-01-04,146.60538511112773,"{""type"":""MultiPoint"",""coordinates"":[]}"
20230105T172352_20230107T093550_0,CORDOBA,2023-01-05,88.65175505586606,"{""type"":""MultiPoint"",""coordinates"":[]}"
20230105T172352_20230107T093550_1,CENTENARIO,2023-01-05,110.36629641888352,"{""type"":""MultiPoint"",""coordinates"":[]}"
20230105T172352_20230107T093550_2,LA_BOCA,2023-01-05,73.2992729616056,"{""type"":""MultiPoint"",""coordinates"":[]}"
20230106T170453_20230108T091451_0,CORDOBA,2023-01-06,74.4118062558421,"{""type"":""MultiPoint"",""coordinates"":[]}"
20230106T170453_20230108T091451_1,CENTENARIO,2023-01-06,95.83306242437816,"{""type"":""MultiPoint"",""coordinates"":[]}"
20230106T170453_20230108T091451_2,LA_BOCA,2023-01-06,64.56596911691317,"{""type"":""MultiPoint"",""coordinates"":[]}"
20230107T164554_20230109T090241_0,CORDOBA,2023-01-07,60.63006373877077,"{""type"":""MultiPoint"",""coordinates"":[]}"
20230107T164554_20230109T090241_1,CENTENARIO,2023-01-07,78.43189549696895,"{""type"":""MultiPoint"",""coordinates"":[]}"
20230107T164554_20230109T090241_2,LA_BOCA,2023-01-07,49.73276376729307,"{""type"":""MultiPoint"",""coordinates"":[]}"
20230108T162655_20230110T084504_0,CORDOBA,2023-01-08,57.58079731923333,"{""type"":""MultiPoint"",""coordinates"":[]}"
20230108T162655_20230110T084504_1,CENTENARIO,2023-01-08,70.44579379636477,"{""type"":""MultiPoint"",""coordinates"":[]}"
20230108T162655_20230110T084504_2,LA_BOCA,2023-01-08,64.02306390701911,"{""type"":""MultiPoint"",""coordinates"":[]}"
20230109T160756_20230111T082036_0,CORDOBA,2023-01-09,39.75279539249538,"{""type"":""MultiPoint"",""coordinates"":[]}"
20230109T160756_20230111T082036_1,CENTENARIO,2023-01-09,43.092303062719225,"{""type"":""MultiPoint"",""coordinates"":[]}"
20230109T160756_20230111T082036_2,LA_BOCA,2023-01-09,53.142761018513156,"{""type"":""MultiPoint"",""coordinates"":[]}"
20230109T174927_20230111T100117_0,CORDOBA,2023-01-09,62.976063639848164,"{""type"":""MultiPoint"",""coordinates"":[]}"
20230109T174927_20230111T100117_1,CENTENARIO,2023-01-09,105.16582034758122,"{""type"":""MultiPoint"",""coordinates"":[]}"
20230109T174927_20230111T100117_2,LA_BOCA,2023-01-09,42.84251385993358,"{""type"":""MultiPoint"",""coordinates"":[]}"
20230110T173028_20230112T093833_0,CORDOBA,2023-01-10,131.53065587365998,"{""type"":""MultiPoint"",""coordinates"":[]}"
20230110T173028_20230112T093833_1,CENTENARIO,2023-01-10,150.2685966992826,"{""type"":""MultiPoint"",""coordinates"":[]}"
20230110T173028_20230112T093833_2,LA_BOCA,2023-01-10,122.79383000765367,"{""type"":""MultiPoint"",""coordinates"":[]}"
20230113T163333_20230115T083500_0,CORDOBA,2023-01-13,114.72259627042223,"{""type"":""MultiPoint"",""coordinates"":[]}"
20230113T163333_20230115T083500_1,CENTENARIO,2023-01-13,84.2228740393867,"{""type"":""MultiPoint"",""coordinates"":[]}"
20230113T163333_20230115T083500_2,LA_BOCA,2023-01-13,95.35339158254465,"{""type"":""MultiPoint"",""coordinates"":[]}"
20230114T161435_20230116T081659_0,CORDOBA,2023-01-14,65.00067752413088,"{""type"":""MultiPoint"",""coordinates"":[]}"
20230114T161435_20230116T081659_1,CENTENARIO,2023-01-14,76.1748795225903,"{""type"":""MultiPoint"",""coordinates"":[]}"
20230114T161435_20230116T081659_2,LA_BOCA,2023-01-14,86.99724755458746,"{""type"":""MultiPoint"",""coordinates"":[]}"
20230114T175605_20230116T101516_0,CORDOBA,2023-01-14,73.4358303280296,"{""type"":""MultiPoint"",""coordinates"":[]}"
20230114T175605_20230116T101516_1,CENTENARIO,2023-01-14,72.65136149448041,"{""type"":""MultiPoint"",""coordinates"":[]}"
20230114T175605_20230116T101516_2,LA_BOCA,2023-01-14,89.43841268697717,"{""type"":""MultiPoint"",""coordinates"":[]}"
20230115T173707_20230117T094718_0,CORDOBA,2023-01-15,101.08764110846025,"{""type"":""MultiPoint"",""coordinates"":[]}"
20230115T173707_20230117T094718_1,CENTENARIO,2023-01-15,101.44676425814924,"{""type"":""MultiPoint"",""coordinates"":[]}"
20230115T173707_20230117T094718_2,LA_BOCA,2023-01-15,125.54204868554723,"{""type"":""MultiPoint"",""coordinates"":[]}"
20230116T171809_20230118T092620_0,CORDOBA,2023-01-16,113.15562208075526,"{""type"":""MultiPoint"",""coordinates"":[]}"
20230116T171809_20230118T092620_1,CENTENARIO,2023-01-16,138.3236073712132,"{""type"":""MultiPoint"",""coordinates"":[]}"
20230116T171809_20230118T092620_2,LA_BOCA,2023-01-16,96.15310455354752,"{""type"":""MultiPoint"",""coordinates"":[]}"
20230117T165911_20230119T090049_0,CORDOBA,2023-01-17,77.39827217275547,"{""type"":""MultiPoint"",""coordinates"":[]}"
20230117T165911_20230119T090049_1,CENTENARIO,2023-01-17,107.79569325522365,"{""type"":""MultiPoint"",""coordinates"":[]}"
20230117T165911_20230119T090049_2,LA_BOCA,2023-01-17,63.99758514566018,"{""type"":""MultiPoint"",""coordinates"":[]}"
20230119T162115_20230121T082713_0,CORDOBA,2023-01-19,45.93203895942509,"{""type"":""MultiPoint"",""coordinates"":[]}"
20230119T162115_20230121T082713_1,CENTENARIO,2023-01-19,96.87368799066157,"{""type"":""MultiPoint"",""coordinates"":[]}"
20230119T162115_20230121T082713_2,LA_BOCA,2023-01-19,46.914356978347705,"{""type"":""MultiPoint"",""coordinates"":[]}"
20230119T180245_20230121T101807_0,CORDOBA,2023-01-19,55.01039898871708,"{""type"":""MultiPoint"",""coordinates"":[]}"
20230119T180245_20230121T101807_1,CENTENARIO,2023-01-19,92.77822355944267,"{""type"":""MultiPoint"",""coordinates"":[]}"
20230119T180245_20230121T101807_2,LA_BOCA,2023-01-19,46.65777612629315,"{""type"":""MultiPoint"",""coordinates"":[]}"
20230121T172450_20230123T094925_0,CORDOBA,2023-01-21,42.842239474884686,"{""type"":""MultiPoint"",""coordinates"":[]}"
20230121T172450_20230123T094925_1,CENTENARIO,2023-01-21,44.61349189336325,"{""type"":""MultiPoint"",""coordinates"":[]}"
20230121T172450_20230123T094925_2,LA_BOCA,2023-01-21,42.7799162764363,"{""type"":""MultiPoint"",""coordinates"":[]}"
20230122T170553_20230124T091306_0,CORDOBA,2023-01-22,53.647451186588526,"{""type"":""MultiPoint"",""coordinates"":[]}"
20230122T170553_20230124T091306_1,CENTENARIO,2023-01-22,39.114190153100644,"{""type"":""MultiPoint"",""coordinates"":[]}"
20230122T170553_20230124T091306_2,LA_BOCA,2023-01-22,53.64745041671851,"{""type"":""MultiPoint"",""coordinates"":[]}"
20230123T164655_20230125T085230_0,CORDOBA,2023-01-23,347.16037723218045,"{""type"":""MultiPoint"",""coordinates"":[]}"
20230123T164655_20230125T085230_1,CENTENARIO,2023-01-23,487.9554457076181,"{""type"":""MultiPoint"",""coordinates"":[]}"
20230123T164655_20230125T085230_2,LA_BOCA,2023-01-23,310.55822670021536,"{""type"":""MultiPoint"",""coordinates"":[]}"
20230124T162758_20230126T084557_0,CORDOBA,2023-01-24,75.30971513154648,"{""type"":""MultiPoint"",""coordinates"":[]}"
20230124T162758_20230126T084557_1,CENTENARIO,2023-01-24,104.82457504172419,"{""type"":""MultiPoint"",""coordinates"":[]}"
20230124T162758_20230126T084557_2,LA_BOCA,2023-01-24,93.66524033002204,"{""type"":""MultiPoint"",""coordinates"":[]}"
20230125T175031_20230127T100419_0,CORDOBA,2023-01-25,214.46714851000772,"{""type"":""MultiPoint"",""coordinates"":[]}"
20230125T175031_20230127T100419_1,CENTENARIO,2023-01-25,235.6056022607329,"{""type"":""MultiPoint"",""coordinates"":[]}"
20230125T175031_20230127T100419_2,LA_BOCA,2023-01-25,156.4872519245589,"{""type"":""MultiPoint"",""coordinates"":[]}"
20230126T173133_20230128T094820_0,CORDOBA,2023-01-26,82.58866433100569,"{""type"":""MultiPoint"",""coordinates"":[]}"
20230126T173133_20230128T094820_1,CENTENARIO,2023-01-26,87.8520928869086,"{""type"":""MultiPoint"",""coordinates"":[]}"
20230126T173133_20230128T094820_2,LA_BOCA,2023-01-26,74.85006023235152,"{""type"":""MultiPoint"",""coordinates"":[]}"
20230128T165339_20230130T085829_0,CORDOBA,2023-01-28,104.86125179730124,"{""type"":""MultiPoint"",""coordinates"":[]}"
20230128T165339_20230130T085829_1,CENTENARIO,2023-01-28,104.15235752517333,"{""type"":""MultiPoint"",""coordinates"":[]}"
20230128T165339_20230130T085829_2,LA_BOCA,2023-01-28,94.91765024444636,"{""type"":""MultiPoint"",""coordinates"":[]}"
20230129T163442_20230131T083838_0,CORDOBA,2023-01-29,36.971501138348415,"{""type"":""MultiPoint"",""coordinates"":[]}"
20230129T163442_20230131T083838_1,CENTENARIO,2023-01-29,45.090598107598694,"{""type"":""MultiPoint"",""coordinates"":[]}"
20230129T163442_20230131T083838_2,LA_BOCA,2023-01-29,16.261348676091266,"{""type"":""MultiPoint"",""coordinates"":[]}"
20230130T161545_20230201T081332_0,CORDOBA,2023-01-30,55.58771979278501,"{""type"":""MultiPoint"",""coordinates"":[]}"
20230130T161545_20230201T081332_1,CENTENARIO,2023-01-30,115.4938989422434,"{""type"":""MultiPoint"",""coordinates"":[]}"
20230130T161545_20230201T081332_2,LA_BOCA,2023-01-30,33.933164556191386,"{""type"":""MultiPoint"",""coordinates"":[]}"
20230130T175715_20230201T102735_0,CORDOBA,2023-01-30,132.22303137976397,"{""type"":""MultiPoint"",""coordinates"":[]}"
20230130T175715_20230201T102735_1,CENTENARIO,2023-01-30,131.70874347580627,"{""type"":""MultiPoint"",""coordinates"":[]}"
20230130T175715_20230201T102735_2,LA_BOCA,2023-01-30,140.22158349830516,"{""type"":""MultiPoint"",""coordinates"":[]}"
20230131T173819_20230202T100512_0,CORDOBA,2023-01-31,86.60669796102911,"{""type"":""MultiPoint"",""coordinates"":[]}"
20230131T173819_20230202T100512_1,CENTENARIO,2023-01-31,117.24923517628213,"{""type"":""MultiPoint"",""coordinates"":[]}"
20230131T173819_20230202T100512_2,LA_BOCA,2023-01-31,47.35541595763075,"{""type"":""MultiPoint"",""coordinates"":[]}"
20230203T164129_20230205T085256_0,CORDOBA,2023-02-03,32.82522271300675,"{""type"":""MultiPoint"",""coordinates"":[]}"
20230203T164129_20230205T085256_2,LA_BOCA,2023-02-03,34.513432315697656,"{""type"":""MultiPoint"",""coordinates"":[]}"
20230204T162232_20230206T083815_0,CORDOBA,2023-02-04,76.59766516582911,"{""type"":""MultiPoint"",""coordinates"":[]}"
20230204T162232_20230206T083815_1,CENTENARIO,2023-02-04,79.01056405278406,"{""type"":""MultiPoint"",""coordinates"":[]}"
20230204T162232_20230206T083815_2,LA_BOCA,2023-02-04,67.42234193716408,"{""type"":""MultiPoint"",""coordinates"":[]}"
20230204T180402_20230206T102450_0,CORDOBA,2023-02-04,55.67878524951594,"{""type"":""MultiPoint"",""coordinates"":[]}"
20230204T180402_20230206T102450_1,CENTENARIO,2023-02-04,55.790903326319516,"{""type"":""MultiPoint"",""coordinates"":[]}"
20230204T180402_20230206T102450_2,LA_BOCA,2023-02-04,56.61021623524534,"{""type"":""MultiPoint"",""coordinates"":[]}"
20230205T174506_20230207T100552_0,CORDOBA,2023-02-05,55.949958146391566,"{""type"":""MultiPoint"",""coordinates"":[]}"
20230205T174506_20230207T100552_1,CENTENARIO,2023-02-05,65.16812743109773,"{""type"":""MultiPoint"",""coordinates"":[]}"
20230205T174506_20230207T100552_2,LA_BOCA,2023-02-05,72.1208909311783,"{""type"":""MultiPoint"",""coordinates"":[]}"
20230206T172610_20230208T094245_0,CORDOBA,2023-02-06,140.57589870280844,"{""type"":""MultiPoint"",""coordinates"":[]}"
20230206T172610_20230208T094245_1,CENTENARIO,2023-02-06,126.58667848390527,"{""type"":""MultiPoint"",""coordinates"":[]}"
20230206T172610_20230208T094245_2,LA_BOCA,2023-02-06,132.5594823077823,"{""type"":""MultiPoint"",""coordinates"":[]}"
20230207T170713_20230209T092355_0,CORDOBA,2023-02-07,116.17233702916641,"{""type"":""MultiPoint"",""coordinates"":[]}"
20230207T170713_20230209T092355_1,CENTENARIO,2023-02-07,97.97419708847382,"{""type"":""MultiPoint"",""coordinates"":[]}"
20230207T170713_20230209T092355_2,LA_BOCA,2023-02-07,169.9506667644717,"{""type"":""MultiPoint"",""coordinates"":[]}"
20230209T162921_20230211T083655_0,CORDOBA,2023-02-09,160.68831228279217,"{""type"":""MultiPoint"",""coordinates"":[]}"
20230209T162921_20230211T083655_1,CENTENARIO,2023-02-09,161.19259840999166,"{""type"":""MultiPoint"",""coordinates"":[]}"
20230209T162921_20230211T083655_2,LA_BOCA,2023-02-09,174.49614115489948,"{""type"":""MultiPoint"",""coordinates"":[]}"
20230210T161024_20230212T081249_0,CORDOBA,2023-02-10,82.78495302725392,"{""type"":""MultiPoint"",""coordinates"":[]}"
20230210T161024_20230212T081249_1,CENTENARIO,2023-02-10,83.69993710695464,"{""type"":""MultiPoint"",""coordinates"":[]}"
20230210T161024_20230212T081249_2,LA_BOCA,2023-02-10,82.5461527007126,"{""type"":""MultiPoint"",""coordinates"":[]}"
20230210T175155_20230212T100306_0,CORDOBA,2023-02-10,85.52572382187259,"{""type"":""MultiPoint"",""coordinates"":[]}"
20230210T175155_20230212T100306_1,CENTENARIO,2023-02-10,84.97391650281497,"{""type"":""MultiPoint"",""coordinates"":[]}"
20230210T175155_20230212T100306_2,LA_BOCA,2023-02-10,106.33888406725214,"{""type"":""MultiPoint"",""coordinates"":[]}"
20230211T173258_20230213T093958_0,CORDOBA,2023-02-11,60.85447833767584,"{""type"":""MultiPoint"",""coordinates"":[]}"
20230211T173258_20230213T093958_1,CENTENARIO,2023-02-11,46.895521344769485,"{""type"":""MultiPoint"",""coordinates"":[]}"
20230211T173258_20230213T093958_2,LA_BOCA,2023-02-11,84.39381795945286,"{""type"":""MultiPoint"",""coordinates"":[]}"
20230212T171402_20230214T092852_0,CORDOBA,2023-02-12,73.64041047176893,"{""type"":""MultiPoint"",""coordinates"":[]}"
20230212T171402_20230214T092852_1,CENTENARIO,2023-02-12,55.64492698045953,"{""type"":""MultiPoint"",""coordinates"":[]}"
20230212T171402_20230214T092852_2,LA_BOCA,2023-02-12,104.15756280166642,"{""type"":""MultiPoint"",""coordinates"":[]}"
20230214T163610_20230216T083754_0,CORDOBA,2023-02-14,197.75583749411956,"{""type"":""MultiPoint"",""coordinates"":[]}"
20230214T163610_20230216T083754_1,CENTENARIO,2023-02-14,164.60627905273788,"{""type"":""MultiPoint"",""coordinates"":[]}"
20230214T163610_20230216T083754_2,LA_BOCA,2023-02-14,172.63146882603573,"{""type"":""MultiPoint"",""coordinates"":[]}"
20230215T161714_20230217T081413_0,CORDOBA,2023-02-15,96.85934872026796,"{""type"":""MultiPoint"",""coordinates"":[]}"
20230215T161714_20230217T081413_1,CENTENARIO,2023-02-15,96.17447292059106,"{""type"":""MultiPoint"",""coordinates"":[]}"
20230215T161714_20230217T081413_2,LA_BOCA,2023-02-15,156.00520025233604,"{""type"":""MultiPoint"",""coordinates"":[]}"
20230215T175844_20230217T102343_0,CORDOBA,2023-02-15,92.210190822548,"{""type"":""MultiPoint"",""coordinates"":[]}"
20230215T175844_20230217T102343_1,CENTENARIO,2023-02-15,105.68168702448554,"{""type"":""MultiPoint"",""coordinates"":[]}"
20230215T175844_20230217T102343_2,LA_BOCA,2023-02-15,116.42067302167244,"{""type"":""MultiPoint"",""coordinates"":[]}"
20230218T170156_20230220T091810_0,CORDOBA,2023-02-18,75.60159494561672,"{""type"":""MultiPoint"",""coordinates"":[]}"
20230218T170156_20230220T091810_1,CENTENARIO,2023-02-18,64.7459909524709,"{""type"":""MultiPoint"",""coordinates"":[]}"
20230218T170156_20230220T091810_2,LA_BOCA,2023-02-18,74.72194480417215,"{""type"":""MultiPoint"",""coordinates"":[]}"
20230219T164300_20230221T090354_0,CORDOBA,2023-02-19,48.44613868172228,"{""type"":""MultiPoint"",""coordinates"":[]}"
20230219T164300_20230221T090354_1,CENTENARIO,2023-02-19,40.357173338996375,"{""type"":""MultiPoint"",""coordinates"":[]}"
20230219T164300_20230221T090354_2,LA_BOCA,2023-02-19,44.63210605938512,"{""type"":""MultiPoint"",""coordinates"":[]}"
20230220T162404_20230222T082715_0,CORDOBA,2023-02-20,39.71711570226221,"{""type"":""MultiPoint"",""coordinates"":[]}"
20230220T162404_20230222T082715_1,CENTENARIO,2023-02-20,65.31003794095592,"{""type"":""MultiPoint"",""coordinates"":[]}"
20230220T162404_20230222T082715_2,LA_BOCA,2023-02-20,37.810272335765575,"{""type"":""MultiPoint"",""coordinates"":[]}"
20230220T180535_20230222T102856_0,CORDOBA,2023-02-20,56.56728463248009,"{""type"":""MultiPoint"",""coordinates"":[]}"
20230220T180535_20230222T102856_1,CENTENARIO,2023-02-20,84.57843755879178,"{""type"":""MultiPoint"",""coordinates"":[]}"
20230220T180535_20230222T102856_2,LA_BOCA,2023-02-20,45.74097044544715,"{""type"":""MultiPoint"",""coordinates"":[]}"
20230221T174639_20230223T100402_0,CORDOBA,2023-02-21,63.06415327157779,"{""type"":""MultiPoint"",""coordinates"":[]}"
20230221T174639_20230223T100402_1,CENTENARIO,2023-02-21,63.8296030914974,"{""type"":""MultiPoint"",""coordinates"":[]}"
20230221T174639_20230223T100402_2,LA_BOCA,2023-02-21,57.81174611053948,"{""type"":""MultiPoint"",""coordinates"":[]}"
20230222T172743_20230224T093733_0,CORDOBA,2023-02-22,55.46469718216191,"{""type"":""MultiPoint"",""coordinates"":[]}"
20230222T172743_20230224T093733_1,CENTENARIO,2023-02-22,64.80137165079482,"{""type"":""MultiPoint"",""coordinates"":[]}"
20230222T172743_20230224T093733_2,LA_BOCA,2023-02-22,68.7660787356725,"{""type"":""MultiPoint"",""coordinates"":[]}"
20230224T164951_20230226T090329_0,CORDOBA,2023-02-24,105.50400692532891,"{""type"":""MultiPoint"",""coordinates"":[]}"
20230224T164951_20230226T090329_1,CENTENARIO,2023-02-24,151.48059137701043,"{""type"":""MultiPoint"",""coordinates"":[]}"
20230224T164951_20230226T090329_2,LA_BOCA,2023-02-24,80.58252336179763,"{""type"":""MultiPoint"",""coordinates"":[]}"
20230225T163056_20230227T084811_0,CORDOBA,2023-02-25,136.08936871407712,"{""type"":""MultiPoint"",""coordinates"":[]}"
20230225T163056_20230227T084811_1,CENTENARIO,2023-02-25,137.13992694633444,"{""type"":""MultiPoint"",""coordinates"":[]}"
20230225T163056_20230227T084811_2,LA_BOCA,2023-02-25,151.41830864056783,"{""type"":""MultiPoint"",""coordinates"":[]}"
20230226T161200_20230228T082838_0,CORDOBA,2023-02-26,33.945976924272415,"{""type"":""MultiPoint"",""coordinates"":[]}"
20230226T161200_20230228T082838_1,CENTENARIO,2023-02-26,34.84535734032524,"{""type"":""MultiPoint"",""coordinates"":[]}"
20230226T161200_20230228T082838_2,LA_BOCA,2023-02-26,29.191648727724488,"{""type"":""MultiPoint"",""coordinates"":[]}"
20230226T175330_20230228T101906_0,CORDOBA,2023-02-26,59.975264855069746,"{""type"":""MultiPoint"",""coordinates"":[]}"
20230226T175330_20230228T101906_1,CENTENARIO,2023-02-26,71.76004980899316,"{""type"":""MultiPoint"",""coordinates"":[]}"
20230226T175330_20230228T101906_2,LA_BOCA,2023-02-26,42.56156215638628,"{""type"":""MultiPoint"",""coordinates"":[]}"
20230227T173434_20230301T094813_0,CORDOBA,2023-02-27,97.80123096953288,"{""type"":""MultiPoint"",""coordinates"":[]}"
20230227T173434_20230301T094813_1,CENTENARIO,2023-02-27,104.56401518525885,"{""type"":""MultiPoint"",""coordinates"":[]}"
20230227T173434_20230301T094813_2,LA_BOCA,2023-02-27,102.2145502127985,"{""type"":""MultiPoint"",""coordinates"":[]}"
20230228T171539_20230302T092956_0,CORDOBA,2023-02-28,137.24653036648522,"{""type"":""MultiPoint"",""coordinates"":[]}"
20230228T171539_20230302T092956_1,CENTENARIO,2023-02-28,146.99316498463608,"{""type"":""MultiPoint"",""coordinates"":[]}"
20230228T171539_20230302T092956_2,LA_BOCA,2023-02-28,184.63325003009493,"{""type"":""MultiPoint"",""coordinates"":[]}"
20230301T165643_20230303T090329_0,CORDOBA,2023-03-01,117.37642394780107,"{""type"":""MultiPoint"",""coordinates"":[]}"
20230301T165643_20230303T090329_1,CENTENARIO,2023-03-01,131.87487625977295,"{""type"":""MultiPoint"",""coordinates"":[]}"
20230301T165643_20230303T090329_2,LA_BOCA,2023-03-01,138.0485417217027,"{""type"":""MultiPoint"",""coordinates"":[]}"
20230302T163747_20230304T083240_0,CORDOBA,2023-03-02,174.38950102481567,"{""type"":""MultiPoint"",""coordinates"":[]}"
20230302T163747_20230304T083240_1,CENTENARIO,2023-03-02,184.28097526472524,"{""type"":""MultiPoint"",""coordinates"":[]}"
20230302T163747_20230304T083240_2,LA_BOCA,2023-03-02,202.6808933494532,"{""type"":""MultiPoint"",""coordinates"":[]}"
20230303T161851_20230305T081906_0,CORDOBA,2023-03-03,67.55398022978115,"{""type"":""MultiPoint"",""coordinates"":[]}"
20230303T161851_20230305T081906_1,CENTENARIO,2023-03-03,94.97073254207899,"{""type"":""MultiPoint"",""coordinates"":[]}"
20230303T161851_20230305T081906_2,LA_BOCA,2023-03-03,63.943021011728284,"{""type"":""MultiPoint"",""coordinates"":[]}"
20230303T180022_20230305T101750_0,CORDOBA,2023-03-03,71.28420838852747,"{""type"":""MultiPoint"",""coordinates"":[]}"
20230303T180022_20230305T101750_1,CENTENARIO,2023-03-03,71.28420839182995,"{""type"":""MultiPoint"",""coordinates"":[]}"
20230303T180022_20230305T101750_2,LA_BOCA,2023-03-03,72.93096652878313,"{""type"":""MultiPoint"",""coordinates"":[]}"
20230304T174126_20230306T095555_0,CORDOBA,2023-03-04,84.79805406985378,"{""type"":""MultiPoint"",""coordinates"":[]}"
20230304T174126_20230306T095555_1,CENTENARIO,2023-03-04,114.21984124057994,"{""type"":""MultiPoint"",""coordinates"":[]}"
20230304T174126_20230306T095555_2,LA_BOCA,2023-03-04,74.51133270673638,"{""type"":""MultiPoint"",""coordinates"":[]}"
20230305T172230_20230307T093127_0,CORDOBA,2023-03-05,78.13794756795396,"{""type"":""MultiPoint"",""coordinates"":[]}"
20230305T172230_20230307T093127_1,CENTENARIO,2023-03-05,118.67138508172287,"{""type"":""MultiPoint"",""coordinates"":[]}"
20230305T172230_20230307T093127_2,LA_BOCA,2023-03-05,80.12384279785493,"{""type"":""MultiPoint"",""coordinates"":[]}"
20230306T170335_20230308T090743_0,CORDOBA,2023-03-06,113.6161785559422,"{""type"":""MultiPoint"",""coordinates"":[]}"
20230306T170335_20230308T090743_1,CENTENARIO,2023-03-06,89.38396924534058,"{""type"":""MultiPoint"",""coordinates"":[]}"
20230306T170335_20230308T090743_2,LA_BOCA,2023-03-06,103.65412232768874,"{""type"":""MultiPoint"",""coordinates"":[]}"
20230307T164439_20230309T084414_0,CORDOBA,2023-03-07,97.48239833819521,"{""type"":""MultiPoint"",""coordinates"":[]}"
20230307T164439_20230309T084414_1,CENTENARIO,2023-03-07,120.97959462368296,"{""type"":""MultiPoint"",""coordinates"":[]}"
20230307T164439_20230309T084414_2,LA_BOCA,2023-03-07,113.02404463675182,"{""type"":""MultiPoint"",""coordinates"":[]}"
20230308T162543_20230310T083130_0,CORDOBA,2023-03-08,64.88281476578409,"{""type"":""MultiPoint"",""coordinates"":[]}"
20230308T162543_20230310T083130_1,CENTENARIO,2023-03-08,119.2326240621485,"{""type"":""MultiPoint"",""coordinates"":[]}"
20230308T162543_20230310T083130_2,LA_BOCA,2023-03-08,71.07849900659855,"{""type"":""MultiPoint"",""coordinates"":[]}"
20230308T180713_20230310T102101_0,CORDOBA,2023-03-08,121.10031255835885,"{""type"":""MultiPoint"",""coordinates"":[]}"
20230308T180713_20230310T102101_1,CENTENARIO,2023-03-08,167.7373417094963,"{""type"":""MultiPoint"",""coordinates"":[]}"
20230308T180713_20230310T102101_2,LA_BOCA,2023-03-08,92.8765056832789,"{""type"":""MultiPoint"",""coordinates"":[]}"
20230309T174818_20230311T095848_0,CORDOBA,2023-03-09,111.10644187886814,"{""type"":""MultiPoint"",""coordinates"":[]}"
20230309T174818_20230311T095848_1,CENTENARIO,2023-03-09,114.90690393728781,"{""type"":""MultiPoint"",""coordinates"":[]}"
20230309T174818_20230311T095848_2,LA_BOCA,2023-03-09,104.77427877915265,"{""type"":""MultiPoint"",""coordinates"":[]}"
20230310T172922_20230312T094306_0,CORDOBA,2023-03-10,168.5210802808847,"{""type"":""MultiPoint"",""coordinates"":[]}"
20230310T172922_20230312T094306_1,CENTENARIO,2023-03-10,203.1686708363124,"{""type"":""MultiPoint"",""coordinates"":[]}"
20230310T172922_20230312T094306_2,LA_BOCA,2023-03-10,254.19917117484152,"{""type"":""MultiPoint"",""coordinates"":[]}"
20230311T171026_20230313T091720_0,CORDOBA,2023-03-11,75.91525707522683,"{""type"":""MultiPoint"",""coordinates"":[]}"
20230311T171026_20230313T091720_1,CENTENARIO,2023-03-11,70.47495346504296,"{""type"":""MultiPoint"",""coordinates"":[]}"
20230311T171026_20230313T091720_2,LA_BOCA,2023-03-11,113.71228739204629,"{""type"":""MultiPoint"",""coordinates"":[]}"
20230312T165130_20230315T181835_0,CORDOBA,2023-03-12,66.72575291377254,"{""type"":""MultiPoint"",""coordinates"":[]}"
20230312T165130_20230315T181835_1,CENTENARIO,2023-03-12,47.826870826678764,"{""type"":""MultiPoint"",""coordinates"":[]}"
20230312T165130_20230315T181835_2,LA_BOCA,2023-03-12,61.986929658718836,"{""type"":""MultiPoint"",""coordinates"":[]}"
20230313T163234_20230316T090558_0,CORDOBA,2023-03-13,88.2105192775108,"{""type"":""MultiPoint"",""coordinates"":[]}"
20230313T163234_20230316T090558_1,CENTENARIO,2023-03-13,91.55412692060243,"{""type"":""MultiPoint"",""coordinates"":[]}"
20230313T163234_20230316T090558_2,LA_BOCA,2023-03-13,99.21028504474661,"{""type"":""MultiPoint"",""coordinates"":[]}"
20230314T161338_20230317T180057_0,CORDOBA,2023-03-14,52.28338747237003,"{""type"":""MultiPoint"",""coordinates"":[]}"
20230314T161338_20230317T180057_1,CENTENARIO,2023-03-14,68.04987682903494,"{""type"":""MultiPoint"",""coordinates"":[]}"
20230314T161338_20230317T180057_2,LA_BOCA,2023-03-14,78.49908796766458,"{""type"":""MultiPoint"",""coordinates"":[]}"
20230314T175509_20230317T180735_0,CORDOBA,2023-03-14,85.48317395398308,"{""type"":""MultiPoint"",""coordinates"":[]}"
20230314T175509_20230317T180735_1,CENTENARIO,2023-03-14,123.5883591460072,"{""type"":""MultiPoint"",""coordinates"":[]}"
20230314T175509_20230317T180735_2,LA_BOCA,2023-03-14,69.04520257322369,"{""type"":""MultiPoint"",""coordinates"":[]}"
20230316T171720_20230318T231223_0,CORDOBA,2023-03-16,107.783551468099,"{""type"":""MultiPoint"",""coordinates"":[]}"
20230316T171720_20230318T231223_1,CENTENARIO,2023-03-16,173.6509716405536,"{""type"":""MultiPoint"",""coordinates"":[]}"
20230316T171720_20230318T231223_2,LA_BOCA,2023-03-16,103.13487049901818,"{""type"":""MultiPoint"",""coordinates"":[]}"
20230317T165828_20230319T131517_0,CORDOBA,2023-03-17,164.89070555612594,"{""type"":""MultiPoint"",""coordinates"":[]}"
20230317T165828_20230319T131517_1,CENTENARIO,2023-03-17,270.1189637538596,"{""type"":""MultiPoint"",""coordinates"":[]}"
20230317T165828_20230319T131517_2,LA_BOCA,2023-03-17,163.97470706851226,"{""type"":""MultiPoint"",""coordinates"":[]}"
20230318T163936_20230320T085401_0,CORDOBA,2023-03-18,38.44328389653567,"{""type"":""MultiPoint"",""coordinates"":[]}"
20230318T163936_20230320T085401_1,CENTENARIO,2023-03-18,42.99584506724361,"{""type"":""MultiPoint"",""coordinates"":[]}"
20230318T163936_20230320T085401_2,LA_BOCA,2023-03-18,23.771701333815,"{""type"":""MultiPoint"",""coordinates"":[]}"
20230319T162044_20230321T082009_0,CORDOBA,2023-03-19,91.28207587506971,"{""type"":""MultiPoint"",""coordinates"":[]}"
20230319T162044_20230321T082009_1,CENTENARIO,2023-03-19,89.89892669853388,"{""type"":""MultiPoint"",""coordinates"":[]}"
20230319T162044_20230321T082009_2,LA_BOCA,2023-03-19,94.60266271212134,"{""type"":""MultiPoint"",""coordinates"":[]}"
20230319T180214_20230321T102408_0,CORDOBA,2023-03-19,121.18184919341759,"{""type"":""MultiPoint"",""coordinates"":[]}"
20230319T180214_20230321T102408_1,CENTENARIO,2023-03-19,108.7262563244554,"{""type"":""MultiPoint"",""coordinates"":[]}"
20230319T180214_20230321T102408_2,LA_BOCA,2023-03-19,110.23185373750896,"{""type"":""MultiPoint"",""coordinates"":[]}"
20230320T174322_20230322T101059_0,CORDOBA,2023-03-20,93.53854492897374,"{""type"":""MultiPoint"",""coordinates"":[]}"
20230320T174322_20230322T101059_1,CENTENARIO,2023-03-20,103.72044809848951,"{""type"":""MultiPoint"",""coordinates"":[]}"
20230320T174322_20230322T101059_2,LA_BOCA,2023-03-20,102.79067602499639,"{""type"":""MultiPoint"",""coordinates"":[]}"
20230321T172430_20230323T094431_0,CORDOBA,2023-03-21,54.73549650729241,"{""type"":""MultiPoint"",""coordinates"":[]}"
20230321T172430_20230323T094431_1,CENTENARIO,2023-03-21,69.39081162728853,"{""type"":""MultiPoint"",""coordinates"":[]}"
20230321T172430_20230323T094431_2,LA_BOCA,2023-03-21,56.87584135167742,"{""type"":""MultiPoint"",""coordinates"":[]}"
20230322T170537_20230324T091647_0,CORDOBA,2023-03-22,54.438097612096726,"{""type"":""MultiPoint"",""coordinates"":[]}"
20230322T170537_20230324T091647_1,CENTENARIO,2023-03-22,86.75298594456964,"{""type"":""MultiPoint"",""coordinates"":[]}"
20230322T170537_20230324T091647_2,LA_BOCA,2023-03-22,54.65203482337024,"{""type"":""MultiPoint"",""coordinates"":[]}"
20230323T164645_20230325T085656_0,CORDOBA,2023-03-23,508.4700531742959,"{""type"":""MultiPoint"",""coordinates"":[]}"
20230323T164645_20230325T085656_2,LA_BOCA,2023-03-23,508.47004226472313,"{""type"":""MultiPoint"",""coordinates"":[]}"
20230324T162752_20230326T084501_0,CORDOBA,2023-03-24,21.891828519435816,"{""type"":""MultiPoint"",""coordinates"":[]}"
20230324T162752_20230326T084501_1,CENTENARIO,2023-03-24,32.7435609065492,"{""type"":""MultiPoint"",""coordinates"":[]}"
20230324T162752_20230326T084501_2,LA_BOCA,2023-03-24,24.40512865330466,"{""type"":""MultiPoint"",""coordinates"":[]}"
20230325T175031_20230327T101123_2,LA_BOCA,2023-03-25,70.91137786444966,"{""type"":""MultiPoint"",""coordinates"":[]}"
20230326T173138_20230328T094157_0,CORDOBA,2023-03-26,98.06014158452662,"{""type"":""MultiPoint"",""coordinates"":[]}"
20230326T173138_20230328T094157_1,CENTENARIO,2023-03-26,89.98345561803694,"{""type"":""MultiPoint"",""coordinates"":[]}"
20230326T173138_20230328T094157_2,LA_BOCA,2023-03-26,94.26885099728021,"{""type"":""MultiPoint"",""coordinates"":[]}"
20230327T171245_20230329T092355_0,CORDOBA,2023-03-27,55.41930104226089,"{""type"":""MultiPoint"",""coordinates"":[]}"
20230327T171245_20230329T092355_1,CENTENARIO,2023-03-27,59.416732264060585,"{""type"":""MultiPoint"",""coordinates"":[]}"
20230327T171245_20230329T092355_2,LA_BOCA,2023-03-27,61.86663974471475,"{""type"":""MultiPoint"",""coordinates"":[]}"
20230328T165353_20230330T091105_0,CORDOBA,2023-03-28,95.62204142009998,"{""type"":""MultiPoint"",""coordinates"":[]}"
20230328T165353_20230330T091105_1,CENTENARIO,2023-03-28,117.24522229274673,"{""type"":""MultiPoint"",""coordinates"":[]}"
20230328T165353_20230330T091105_2,LA_BOCA,2023-03-28,96.71551926227788,"{""type"":""MultiPoint"",""coordinates"":[]}"
20230329T163500_20230331T084340_0,CORDOBA,2023-03-29,242.38635400316028,"{""type"":""MultiPoint"",""coordinates"":[]}"
20230329T163500_20230331T084340_1,CENTENARIO,2023-03-29,255.85060438069823,"{""type"":""MultiPoint"",""coordinates"":[]}"
20230329T163500_20230331T084340_2,LA_BOCA,2023-03-29,206.54387404339258,"{""type"":""MultiPoint"",""coordinates"":[]}"
20230330T161607_20230401T082300_0,CORDOBA,2023-03-30,50.17474898933185,"{""type"":""MultiPoint"",""coordinates"":[]}"
20230330T161607_20230401T082300_1,CENTENARIO,2023-03-30,63.13829316193485,"{""type"":""MultiPoint"",""coordinates"":[]}"
20230330T161607_20230401T082300_2,LA_BOCA,2023-03-30,57.30758691574005,"{""type"":""MultiPoint"",""coordinates"":[]}"
20230331T173845_20230402T095105_0,CORDOBA,2023-03-31,72.1356943351753,"{""type"":""MultiPoint"",""coordinates"":[]}"
20230331T173845_20230402T095105_1,CENTENARIO,2023-03-31,75.33741628000742,"{""type"":""MultiPoint"",""coordinates"":[]}"
20230331T173845_20230402T095105_2,LA_BOCA,2023-03-31,66.09376947992956,"{""type"":""MultiPoint"",""coordinates"":[]}"
20230401T171952_20230403T093329_0,CORDOBA,2023-04-01,85.77502249919301,"{""type"":""MultiPoint"",""coordinates"":[]}"
20230401T171952_20230403T093329_1,CENTENARIO,2023-04-01,102.55049800903267,"{""type"":""MultiPoint"",""coordinates"":[]}"
20230401T171952_20230403T093329_2,LA_BOCA,2023-04-01,82.17467041294846,"{""type"":""MultiPoint"",""coordinates"":[]}"
20230404T162314_20230406T084530_0,CORDOBA,2023-04-04,65.79226753509349,"{""type"":""MultiPoint"",""coordinates"":[]}"
20230404T162314_20230406T084530_1,CENTENARIO,2023-04-04,65.28188383823259,"{""type"":""MultiPoint"",""coordinates"":[]}"
20230404T162314_20230406T084530_2,LA_BOCA,2023-04-04,69.62062858500707,"{""type"":""MultiPoint"",""coordinates"":[]}"
20230404T180444_20230406T101622_0,CORDOBA,2023-04-04,139.24514284932783,"{""type"":""MultiPoint"",""coordinates"":[]}"
20230404T180444_20230406T101622_1,CENTENARIO,2023-04-04,140.0116369378723,"{""type"":""MultiPoint"",""coordinates"":[]}"
20230404T180444_20230406T101622_2,LA_BOCA,2023-04-04,118.62517372422886,"{""type"":""MultiPoint"",""coordinates"":[]}"
20230405T174551_20230407T095633_0,CORDOBA,2023-04-05,64.96495916507602,"{""type"":""MultiPoint"",""coordinates"":[]}"
20230405T174551_20230407T095633_1,CENTENARIO,2023-04-05,119.82387740668557,"{""type"":""MultiPoint"",""coordinates"":[]}"
20230405T174551_20230407T095633_2,LA_BOCA,2023-04-05,65.23644883056241,"{""type"":""MultiPoint"",""coordinates"":[]}"
20230406T172658_20230408T094050_0,CORDOBA,2023-04-06,45.184080245022734,"{""type"":""MultiPoint"",""coordinates"":[]}"
20230406T172658_20230408T094050_1,CENTENARIO,2023-04-06,62.44304035893994,"{""type"":""MultiPoint"",""coordinates"":[]}"
20230406T172658_20230408T094050_2,LA_BOCA,2023-04-06,36.20295956094692,"{""type"":""MultiPoint"",""coordinates"":[]}"
20230407T170805_20230409T091602_0,CORDOBA,2023-04-07,52.98566839281034,"{""type"":""MultiPoint"",""coordinates"":[]}"
20230407T170805_20230409T091602_1,CENTENARIO,2023-04-07,69.91060950983236,"{""type"":""MultiPoint"",""coordinates"":[]}"
20230407T170805_20230409T091602_2,LA_BOCA,2023-04-07,36.69531300540579,"{""type"":""MultiPoint"",""coordinates"":[]}"
20230408T164912_20230410T085616_0,CORDOBA,2023-04-08,64.04878744060778,"{""type"":""MultiPoint"",""coordinates"":[]}"
20230408T164912_20230410T085616_1,CENTENARIO,2023-04-08,75.69714503933848,"{""type"":""MultiPoint"",""coordinates"":[]}"
20230408T164912_20230410T085616_2,LA_BOCA,2023-04-08,55.32749978611855,"{""type"":""MultiPoint"",""coordinates"":[]}"
20230409T163018_20230411T083520_0,CORDOBA,2023-04-09,29.28624873490841,"{""type"":""MultiPoint"",""coordinates"":[]}"
20230409T163018_20230411T083520_1,CENTENARIO,2023-04-09,53.232177553836564,"{""type"":""MultiPoint"",""coordinates"":[]}"
20230409T163018_20230411T083520_2,LA_BOCA,2023-04-09,13.088023170122392,"{""type"":""MultiPoint"",""coordinates"":[]}"
20230409T181149_20230411T102234_0,CORDOBA,2023-04-09,45.869819700088456,"{""type"":""MultiPoint"",""coordinates"":[]}"
20230409T181149_20230411T102234_1,CENTENARIO,2023-04-09,44.82741318743718,"{""type"":""MultiPoint"",""coordinates"":[]}"
20230409T181149_20230411T102234_2,LA_BOCA,2023-04-09,41.49863948182194,"{""type"":""MultiPoint"",""coordinates"":[]}"
20230410T175255_20230412T100909_0,CORDOBA,2023-04-10,162.05068332810228,"{""type"":""MultiPoint"",""coordinates"":[]}"
20230410T175255_20230412T100909_1,CENTENARIO,2023-04-10,268.56444725910984,"{""type"":""MultiPoint"",""coordinates"":[]}"
20230410T175255_20230412T100909_2,LA_BOCA,2023-04-10,181.46798248704434,"{""type"":""MultiPoint"",""coordinates"":[]}"
20230411T173402_20230413T095453_0,CORDOBA,2023-04-11,137.22318244948733,"{""type"":""MultiPoint"",""coordinates"":[]}"
20230411T173402_20230413T095453_1,CENTENARIO,2023-04-11,158.8471573076879,"{""type"":""MultiPoint"",""coordinates"":[]}"
20230411T173402_20230413T095453_2,LA_BOCA,2023-04-11,159.31030675388803,"{""type"":""MultiPoint"",""coordinates"":[]}"
20230413T165615_20230415T090521_0,CORDOBA,2023-04-13,229.65932711627104,"{""type"":""MultiPoint"",""coordinates"":[]}"
20230413T165615_20230415T090521_1,CENTENARIO,2023-04-13,200.6995882965944,"{""type"":""MultiPoint"",""coordinates"":[]}"
20230413T165615_20230415T090521_2,LA_BOCA,2023-04-13,225.97966164240725,"{""type"":""MultiPoint"",""coordinates"":[]}"
20230414T163721_20230416T065651_0,CORDOBA,2023-04-14,352.8015142027102,"{""type"":""MultiPoint"",""coordinates"":[]}"
20230414T163721_20230416T065651_1,CENTENARIO,2023-04-14,512.8405613749237,"{""type"":""MultiPoint"",""coordinates"":[]}"
20230414T163721_20230416T065651_2,LA_BOCA,2023-04-14,298.66061909398104,"{""type"":""MultiPoint"",""coordinates"":[]}"
20230415T161827_20230417T083225_0,CORDOBA,2023-04-15,62.83487623546206,"{""type"":""MultiPoint"",""coordinates"":[]}"
20230415T161827_20230417T083225_1,CENTENARIO,2023-04-15,98.39133047934527,"{""type"":""MultiPoint"",""coordinates"":[]}"
20230415T161827_20230417T083225_2,LA_BOCA,2023-04-15,64.55060307978493,"{""type"":""MultiPoint"",""coordinates"":[]}"
20230415T175958_20230417T101515_0,CORDOBA,2023-04-15,89.02347200110559,"{""type"":""MultiPoint"",""coordinates"":[]}"
20230415T175958_20230417T101515_1,CENTENARIO,2023-04-15,197.23085137388728,"{""type"":""MultiPoint"",""coordinates"":[]}"
20230415T175958_20230417T101515_2,LA_BOCA,2023-04-15,80.21689187173462,"{""type"":""MultiPoint"",""coordinates"":[]}"
20230417T172211_20230419T093232_2,LA_BOCA,2023-04-17,373.8383956241603,"{""type"":""MultiPoint"",""coordinates"":[]}"
20230418T170317_20230420T072952_0,CORDOBA,2023-04-18,107.48970186880831,"{""type"":""MultiPoint"",""coordinates"":[]}"
20230418T170317_20230420T072952_1,CENTENARIO,2023-04-18,95.91559497417452,"{""type"":""MultiPoint"",""coordinates"":[]}"
20230420T162529_20230422T084216_0,CORDOBA,2023-04-20,160.5991462625677,"{""type"":""MultiPoint"",""coordinates"":[]}"
20230420T162529_20230422T084216_1,CENTENARIO,2023-04-20,238.54818944792495,"{""type"":""MultiPoint"",""coordinates"":[]}"
20230420T162529_20230422T084216_2,LA_BOCA,2023-04-20,209.2517932610667,"{""type"":""MultiPoint"",""coordinates"":[]}"
20230420T180700_20230422T101810_0,CORDOBA,2023-04-20,152.82173878491503,"{""type"":""MultiPoint"",""coordinates"":[]}"
20230420T180700_20230422T101810_1,CENTENARIO,2023-04-20,150.49882574723944,"{""type"":""MultiPoint"",""coordinates"":[]}"
20230420T180700_20230422T101810_2,LA_BOCA,2023-04-20,186.17047426713887,"{""type"":""MultiPoint"",""coordinates"":[]}"
20230421T174806_20230423T095909_0,CORDOBA,2023-04-21,30.260399268446736,"{""type"":""MultiPoint"",""coordinates"":[]}"
20230421T174806_20230423T095909_1,CENTENARIO,2023-04-21,53.988230942695814,"{""type"":""MultiPoint"",""coordinates"":[]}"
20230421T174806_20230423T095909_2,LA_BOCA,2023-04-21,36.55520043401796,"{""type"":""MultiPoint"",""coordinates"":[]}"
20230422T172912_20230424T094206_0,CORDOBA,2023-04-22,142.9532809096166,"{""type"":""MultiPoint"",""coordinates"":[]}"
20230422T172912_20230424T094206_1,CENTENARIO,2023-04-22,212.63814088012074,"{""type"":""MultiPoint"",""coordinates"":[]}"
20230422T172912_20230424T094206_2,LA_BOCA,2023-04-22,126.57497910533122,"{""type"":""MultiPoint"",""coordinates"":[]}"
20230426T161335_20230428T082430_0,CORDOBA,2023-04-26,218.74878847115653,"{""type"":""MultiPoint"",""coordinates"":[]}"
20230426T161335_20230428T082430_2,LA_BOCA,2023-04-26,164.23045796316507,"{""type"":""MultiPoint"",""coordinates"":[]}"
20230426T175505_20230428T100929_0,CORDOBA,2023-04-26,238.24161527164173,"{""type"":""MultiPoint"",""coordinates"":[]}"
20230426T175505_20230428T100929_1,CENTENARIO,2023-04-26,192.48934020681804,"{""type"":""MultiPoint"",""coordinates"":[]}"
20230426T175505_20230428T100929_2,LA_BOCA,2023-04-26,201.87350265146694,"{""type"":""MultiPoint"",""coordinates"":[]}"
20230427T173611_20230429T094927_2,LA_BOCA,2023-04-27,376.11422242222636,"{""type"":""MultiPoint"",""coordinates"":[]}"
20230428T171716_20230430T092720_0,CORDOBA,2023-04-28,65.87436937709585,"{""type"":""MultiPoint"",""coordinates"":[]}"
20230428T171716_20230430T092720_1,CENTENARIO,2023-04-28,67.48037135596356,"{""type"":""MultiPoint"",""coordinates"":[]}"
20230428T171716_20230430T092720_2,LA_BOCA,2023-04-28,88.32203761948969,"{""type"":""MultiPoint"",""coordinates"":[]}"
20230429T165821_20230501T091012_0,CORDOBA,2023-04-29,50.74447312022095,"{""type"":""MultiPoint"",""coordinates"":[]}"
20230429T165821_20230501T091012_1,CENTENARIO,2023-04-29,53.72052513577841,"{""type"":""MultiPoint"",""coordinates"":[]}"
20230429T165821_20230501T091012_2,LA_BOCA,2023-04-29,47.39818754058577,"{""type"":""MultiPoint"",""coordinates"":[]}"
20230501T162032_20230503T082158_0,CORDOBA,2023-05-01,134.7953441224065,"{""type"":""MultiPoint"",""coordinates"":[]}"
20230501T162032_20230503T082158_1,CENTENARIO,2023-05-01,126.6272230712628,"{""type"":""MultiPoint"",""coordinates"":[]}"
20230501T162032_20230503T082158_2,LA_BOCA,2023-05-01,99.67300183610593,"{""type"":""MultiPoint"",""coordinates"":[]}"
20230501T180202_20230503T102244_0,CORDOBA,2023-05-01,74.56444771179734,"{""type"":""MultiPoint"",""coordinates"":[]}"
20230501T180202_20230503T102244_1,CENTENARIO,2023-05-01,74.88460102668766,"{""type"":""MultiPoint"",""coordinates"":[]}"
20230501T180202_20230503T102244_2,LA_BOCA,2023-05-01,68.39149338713224,"{""type"":""MultiPoint"",""coordinates"":[]}"
20230502T174307_20230504T094510_0,CORDOBA,2023-05-02,343.8792553822018,"{""type"":""MultiPoint"",""coordinates"":[]}"
20230502T174307_20230504T094510_1,CENTENARIO,2023-05-02,288.5238564324312,"{""type"":""MultiPoint"",""coordinates"":[]}"
20230502T174307_20230504T094510_2,LA_BOCA,2023-05-02,336.62367637941145,"{""type"":""MultiPoint"",""coordinates"":[]}"
20230504T170515_20230506T092417_0,CORDOBA,2023-05-04,129.91692981097208,"{""type"":""MultiPoint"",""coordinates"":[]}"
20230504T170515_20230506T092417_1,CENTENARIO,2023-05-04,153.39404665275816,"{""type"":""MultiPoint"",""coordinates"":[]}"
20230504T170515_20230506T092417_2,LA_BOCA,2023-05-04,113.27106327831727,"{""type"":""MultiPoint"",""coordinates"":[]}"
20230507T174954_20230509T100746_0,CORDOBA,2023-05-07,70.83238754043455,"{""type"":""MultiPoint"",""coordinates"":[]}"
20230507T174954_20230509T100746_1,CENTENARIO,2023-05-07,68.29384325610926,"{""type"":""MultiPoint"",""coordinates"":[]}"
20230507T174954_20230509T100746_2,LA_BOCA,2023-05-07,71.52180044135424,"{""type"":""MultiPoint"",""coordinates"":[]}"
20230508T173056_20230510T094305_0,CORDOBA,2023-05-08,328.890585695645,"{""type"":""MultiPoint"",""coordinates"":[]}"
20230508T173056_20230510T094305_1,CENTENARIO,2023-05-08,280.93218677143244,"{""type"":""MultiPoint"",""coordinates"":[]}"
20230508T173056_20230510T094305_2,LA_BOCA,2023-05-08,383.28186130413593,"{""type"":""MultiPoint"",""coordinates"":[]}"
20230510T165301_20230512T090542_0,CORDOBA,2023-05-10,174.89927690235461,"{""type"":""MultiPoint"",""coordinates"":[]}"
20230510T165301_20230512T090542_1,CENTENARIO,2023-05-10,161.94951783737508,"{""type"":""MultiPoint"",""coordinates"":[]}"
20230510T165301_20230512T090542_2,LA_BOCA,2023-05-10,154.31843456606154,"{""type"":""MultiPoint"",""coordinates"":[]}"
20230511T163403_20230513T084840_0,CORDOBA,2023-05-11,157.9082325882947,"{""type"":""MultiPoint"",""coordinates"":[]}"
20230511T163403_20230513T084840_1,CENTENARIO,2023-05-11,393.471063947618,"{""type"":""MultiPoint"",""coordinates"":[]}"
20230511T163403_20230513T084840_2,LA_BOCA,2023-05-11,157.908231273848,"{""type"":""MultiPoint"",""coordinates"":[]}"
20230511T181533_20230513T102914_0,CORDOBA,2023-05-11,241.7280015995104,"{""type"":""MultiPoint"",""coordinates"":[]}"
20230511T181533_20230513T102914_1,CENTENARIO,2023-05-11,304.257524356454,"{""type"":""MultiPoint"",""coordinates"":[]}"
20230511T181533_20230513T102914_2,LA_BOCA,2023-05-11,251.68555385596693,"{""type"":""MultiPoint"",""coordinates"":[]}"
20230512T175635_20230514T101019_0,CORDOBA,2023-05-12,41.09387622219463,"{""type"":""MultiPoint"",""coordinates"":[]}"
20230512T175635_20230514T101019_1,CENTENARIO,2023-05-12,43.84526032118184,"{""type"":""MultiPoint"",""coordinates"":[]}"
20230512T175635_20230514T101019_2,LA_BOCA,2023-05-12,56.78677478207923,"{""type"":""MultiPoint"",""coordinates"":[]}"
20230513T173737_20230515T094658_0,CORDOBA,2023-05-13,254.87126955271765,"{""type"":""MultiPoint"",""coordinates"":[]}"
20230513T173737_20230515T094658_1,CENTENARIO,2023-05-13,211.69431787549763,"{""type"":""MultiPoint"",""coordinates"":[]}"
20230513T173737_20230515T094658_2,LA_BOCA,2023-05-13,261.93009823114744,"{""type"":""MultiPoint"",""coordinates"":[]}"
20230514T171839_20230516T092151_0,CORDOBA,2023-05-14,115.08133630141462,"{""type"":""MultiPoint"",""coordinates"":[]}"
20230514T171839_20230516T092151_1,CENTENARIO,2023-05-14,93.35983939481473,"{""type"":""MultiPoint"",""coordinates"":[]}"
20230514T171839_20230516T092151_2,LA_BOCA,2023-05-14,121.63924895924518,"{""type"":""MultiPoint"",""coordinates"":[]}"
20230515T165941_20230517T090633_0,CORDOBA,2023-05-15,208.24480356739852,"{""type"":""MultiPoint"",""coordinates"":[]}"
20230515T165941_20230517T090633_1,CENTENARIO,2023-05-15,241.3844036364548,"{""type"":""MultiPoint"",""coordinates"":[]}"
20230515T165941_20230517T090633_2,LA_BOCA,2023-05-15,200.05376282922526,"{""type"":""MultiPoint"",""coordinates"":[]}"
20230516T164042_20230518T084259_0,CORDOBA,2023-05-16,82.5779620613379,"{""type"":""MultiPoint"",""coordinates"":[]}"
20230516T164042_20230518T084259_1,CENTENARIO,2023-05-16,83.83848197945515,"{""type"":""MultiPoint"",""coordinates"":[]}"
20230516T164042_20230518T084259_2,LA_BOCA,2023-05-16,71.47888295044984,"{""type"":""MultiPoint"",""coordinates"":[]}"
20230517T162144_20230519T083125_0,CORDOBA,2023-05-17,79.32046812166995,"{""type"":""MultiPoint"",""coordinates"":[]}"
20230517T162144_20230519T083125_1,CENTENARIO,2023-05-17,78.15081123798718,"{""type"":""MultiPoint"",""coordinates"":[]}"
20230517T162144_20230519T083125_2,LA_BOCA,2023-05-17,74.34580226908237,"{""type"":""MultiPoint"",""coordinates"":[]}"
20230526T165351_20230528T085905_0,CORDOBA,2023-05-26,76.11454392230293,"{""type"":""MultiPoint"",""coordinates"":[]}"
20230526T165351_20230528T085905_1,CENTENARIO,2023-05-26,62.309334512302385,"{""type"":""MultiPoint"",""coordinates"":[]}"
20230526T165351_20230528T085905_2,LA_BOCA,2023-05-26,63.04889381278312,"{""type"":""MultiPoint"",""coordinates"":[]}"
20230527T163452_20230529T084308_0,CORDOBA,2023-05-27,77.72464999312169,"{""type"":""MultiPoint"",""coordinates"":[]}"
20230527T163452_20230529T084308_1,CENTENARIO,2023-05-27,71.23585330320374,"{""type"":""MultiPoint"",""coordinates"":[]}"
20230527T163452_20230529T084308_2,LA_BOCA,2023-05-27,73.96226082743075,"{""type"":""MultiPoint"",""coordinates"":[]}"
20230528T175722_20230530T100904_0,CORDOBA,2023-05-28,284.6194493350815,"{""type"":""MultiPoint"",""coordinates"":[]}"
20230528T175722_20230530T100904_1,CENTENARIO,2023-05-28,316.54827396892193,"{""type"":""MultiPoint"",""coordinates"":[]}"
20230528T175722_20230530T100904_2,LA_BOCA,2023-05-28,297.2066331701216,"{""type"":""MultiPoint"",""coordinates"":[]}"
20230530T171921_20230601T092523_0,CORDOBA,2023-05-30,117.04486249238458,"{""type"":""MultiPoint"",""coordinates"":[]}"
20230530T171921_20230601T092523_1,CENTENARIO,2023-05-30,157.3219406057653,"{""type"":""MultiPoint"",""coordinates"":[]}"
20230530T171921_20230601T092523_2,LA_BOCA,2023-05-30,156.318122952535,"{""type"":""MultiPoint"",""coordinates"":[]}"
20230531T170021_20230602T102657_0,CORDOBA,2023-05-31,128.80994235426738,"{""type"":""MultiPoint"",""coordinates"":[]}"
20230531T170021_20230602T102657_1,CENTENARIO,2023-05-31,152.70356644637428,"{""type"":""MultiPoint"",""coordinates"":[]}"
20230531T170021_20230602T102657_2,LA_BOCA,2023-05-31,167.11053243651662,"{""type"":""MultiPoint"",""coordinates"":[]}"
20230602T162220_20230604T082609_0,CORDOBA,2023-06-02,44.818154758387855,"{""type"":""MultiPoint"",""coordinates"":[]}"
20230602T162220_20230604T082609_1,CENTENARIO,2023-06-02,60.16168597010045,"{""type"":""MultiPoint"",""coordinates"":[]}"
20230602T162220_20230604T082609_2,LA_BOCA,2023-06-02,41.929002464664414,"{""type"":""MultiPoint"",""coordinates"":[]}"
20230602T180350_20230604T101555_0,CORDOBA,2023-06-02,51.809663762600344,"{""type"":""MultiPoint"",""coordinates"":[]}"
20230602T180350_20230604T101555_1,CENTENARIO,2023-06-02,81.645045493756,"{""type"":""MultiPoint"",""coordinates"":[]}"
20230602T180350_20230604T101555_2,LA_BOCA,2023-06-02,50.01336872341275,"{""type"":""MultiPoint"",""coordinates"":[]}"
20230604T172549_20230606T094732_0,CORDOBA,2023-06-04,43.997395676368,"{""type"":""MultiPoint"",""coordinates"":[]}"
20230604T172549_20230606T094732_1,CENTENARIO,2023-06-04,34.61058290571249,"{""type"":""MultiPoint"",""coordinates"":[]}"
20230604T172549_20230606T094732_2,LA_BOCA,2023-06-04,41.87142477879978,"{""type"":""MultiPoint"",""coordinates"":[]}"
20230605T170648_20230607T230443_0,CORDOBA,2023-06-05,74.42477283606766,"{""type"":""MultiPoint"",""coordinates"":[]}"
20230605T170648_20230607T230443_1,CENTENARIO,2023-06-05,131.78919242031336,"{""type"":""MultiPoint"",""coordinates"":[]}"
20230605T170648_20230607T230443_2,LA_BOCA,2023-06-05,34.092958894560404,"{""type"":""MultiPoint"",""coordinates"":[]}"
20230607T181015_20230609T181759_0,CORDOBA,2023-06-07,174.23152220818196,"{""type"":""MultiPoint"",""coordinates"":[]}"
20230607T181015_20230609T181759_1,CENTENARIO,2023-06-07,174.231519462172,"{""type"":""MultiPoint"",""coordinates"":[]}"
20230608T175114_20230610T183602_0,CORDOBA,2023-06-08,110.71070307100727,"{""type"":""MultiPoint"",""coordinates"":[]}"
20230608T175114_20230610T183602_1,CENTENARIO,2023-06-08,113.85449233518085,"{""type"":""MultiPoint"",""coordinates"":[]}"
20230608T175114_20230610T183602_2,LA_BOCA,2023-06-08,101.99200326597096,"{""type"":""MultiPoint"",""coordinates"":[]}"
20230611T165409_20230613T085924_0,CORDOBA,2023-06-11,92.18593629721205,"{""type"":""MultiPoint"",""coordinates"":[]}"
20230611T165409_20230613T085924_1,CENTENARIO,2023-06-11,87.81626471363093,"{""type"":""MultiPoint"",""coordinates"":[]}"
20230611T165409_20230613T085924_2,LA_BOCA,2023-06-11,90.08830063704258,"{""type"":""MultiPoint"",""coordinates"":[]}"
20230612T163507_20230614T083956_0,CORDOBA,2023-06-12,296.3913158368263,"{""type"":""MultiPoint"",""coordinates"":[]}"
20230612T163507_20230614T083956_1,CENTENARIO,2023-06-12,279.39934148356076,"{""type"":""MultiPoint"",""coordinates"":[]}"
20230612T163507_20230614T083956_2,LA_BOCA,2023-06-12,247.71430910786398,"{""type"":""MultiPoint"",""coordinates"":[]}"
20230612T181637_20230614T103445_1,CENTENARIO,2023-06-12,236.21864053463477,"{""type"":""MultiPoint"",""coordinates"":[]}"
20230612T181637_20230614T103445_2,LA_BOCA,2023-06-12,94.22509932237385,"{""type"":""MultiPoint"",""coordinates"":[]}"
20230613T161605_20230615T082245_0,CORDOBA,2023-06-13,347.2849493846013,"{""type"":""MultiPoint"",""coordinates"":[]}"
20230613T161605_20230615T082245_1,CENTENARIO,2023-06-13,347.20751239247244,"{""type"":""MultiPoint"",""coordinates"":[]}"
20230613T161605_20230615T082245_2,LA_BOCA,2023-06-13,352.07692997198563,"{""type"":""MultiPoint"",""coordinates"":[]}"
20230613T175735_20230615T100402_0,CORDOBA,2023-06-13,257.13344931447557,"{""type"":""MultiPoint"",""coordinates"":[]}"
20230613T175735_20230615T100402_1,CENTENARIO,2023-06-13,241.64615745465724,"{""type"":""MultiPoint"",""coordinates"":[]}"
20230613T175735_20230615T100402_2,LA_BOCA,2023-06-13,257.79423128734305,"{""type"":""MultiPoint"",""coordinates"":[]}"
20230614T173832_20230616T094014_0,CORDOBA,2023-06-14,189.3657109589718,"{""type"":""MultiPoint"",""coordinates"":[]}"
20230614T173832_20230616T094014_1,CENTENARIO,2023-06-14,225.0698415037172,"{""type"":""MultiPoint"",""coordinates"":[]}"
20230614T173832_20230616T094014_2,LA_BOCA,2023-06-14,258.7429986752372,"{""type"":""MultiPoint"",""coordinates"":[]}"
20230615T171930_20230617T093120_0,CORDOBA,2023-06-15,263.66277206220843,"{""type"":""MultiPoint"",""coordinates"":[]}"
20230615T171930_20230617T093120_1,CENTENARIO,2023-06-15,299.58944277555753,"{""type"":""MultiPoint"",""coordinates"":[]}"
20230615T171930_20230617T093120_2,LA_BOCA,2023-06-15,276.75273820879204,"{""type"":""MultiPoint"",""coordinates"":[]}"
20230617T164125_20230619T084955_0,CORDOBA,2023-06-17,136.5608168913345,"{""type"":""MultiPoint"",""coordinates"":[]}"
20230617T164125_20230619T084955_1,CENTENARIO,2023-06-17,136.8695963321315,"{""type"":""MultiPoint"",""coordinates"":[]}"
20230617T164125_20230619T084955_2,LA_BOCA,2023-06-17,112.63262031511519,"{""type"":""MultiPoint"",""coordinates"":[]}"
20230618T180352_20230620T101241_0,CORDOBA,2023-06-18,173.47756389638326,"{""type"":""MultiPoint"",""coordinates"":[]}"
20230618T180352_20230620T101241_1,CENTENARIO,2023-06-18,200.78065244088023,"{""type"":""MultiPoint"",""coordinates"":[]}"
20230618T180352_20230620T101241_2,LA_BOCA,2023-06-18,145.00719336533245,"{""type"":""MultiPoint"",""coordinates"":[]}"
20230619T174449_20230621T094828_1,CENTENARIO,2023-06-19,281.24661903014265,"{""type"":""MultiPoint"",""coordinates"":[]}"
20230622T164740_20230624T084910_0,CORDOBA,2023-06-22,473.6229500657648,"{""type"":""MultiPoint"",""coordinates"":[]}"
20230622T164740_20230624T084910_1,CENTENARIO,2023-06-22,533.1477426716552,"{""type"":""MultiPoint"",""coordinates"":[]}"
20230622T164740_20230624T084910_2,LA_BOCA,2023-06-22,712.6558816010461,"{""type"":""MultiPoint"",""coordinates"":[]}"
20230625T173159_20230627T093939_0,CORDOBA,2023-06-25,74.45068820917452,"{""type"":""MultiPoint"",""coordinates"":[]}"
20230625T173159_20230627T093939_1,CENTENARIO,2023-06-25,118.32214074911133,"{""type"":""MultiPoint"",""coordinates"":[]}"
20230625T173159_20230627T093939_2,LA_BOCA,2023-06-25,62.35996599690092,"{""type"":""MultiPoint"",""coordinates"":[]}"
20230626T171255_20230628T092200_0,CORDOBA,2023-06-26,237.24879629899516,"{""type"":""MultiPoint"",""coordinates"":[]}"
20230626T171255_20230628T092200_1,CENTENARIO,2023-06-26,214.76992864216504,"{""type"":""MultiPoint"",""coordinates"":[]}"
20230626T171255_20230628T092200_2,LA_BOCA,2023-06-26,194.27654941184323,"{""type"":""MultiPoint"",""coordinates"":[]}"
20230628T163448_20230630T083753_0,CORDOBA,2023-06-28,121.02000403934886,"{""type"":""MultiPoint"",""coordinates"":[]}"
20230628T163448_20230630T083753_1,CENTENARIO,2023-06-28,113.80189190840952,"{""type"":""MultiPoint"",""coordinates"":[]}"
20230628T163448_20230630T083753_2,LA_BOCA,2023-06-28,117.98994584307599,"{""type"":""MultiPoint"",""coordinates"":[]}"
20230628T181617_20230630T102127_0,CORDOBA,2023-06-28,121.05272238540428,"{""type"":""MultiPoint"",""coordinates"":[]}"
20230628T181617_20230630T102127_1,CENTENARIO,2023-06-28,80.76995197240332,"{""type"":""MultiPoint"",""coordinates"":[]}"
20230628T181617_20230630T102127_2,LA_BOCA,2023-06-28,117.3581769222878,"{""type"":""MultiPoint"",""coordinates"":[]}"
20230629T161543_20230701T082111_0,CORDOBA,2023-06-29,71.85419221402127,"{""type"":""MultiPoint"",""coordinates"":[]}"
20230629T161543_20230701T082111_1,CENTENARIO,2023-06-29,71.88285047661839,"{""type"":""MultiPoint"",""coordinates"":[]}"
20230629T161543_20230701T082111_2,LA_BOCA,2023-06-29,92.25255895574256,"{""type"":""MultiPoint"",""coordinates"":[]}"
20230629T175713_20230701T100316_0,CORDOBA,2023-06-29,114.58708305396222,"{""type"":""MultiPoint"",""coordinates"":[]}"
20230629T175713_20230701T100316_1,CENTENARIO,2023-06-29,115.45337114813198,"{""type"":""MultiPoint"",""coordinates"":[]}"
20230629T175713_20230701T100316_2,LA_BOCA,2023-06-29,107.69527306820216,"{""type"":""MultiPoint"",""coordinates"":[]}"
20230630T173809_20230702T094558_0,CORDOBA,2023-06-30,131.22854637863318,"{""type"":""MultiPoint"",""coordinates"":[]}"
20230630T173809_20230702T094558_1,CENTENARIO,2023-06-30,186.57863390734616,"{""type"":""MultiPoint"",""coordinates"":[]}"
20230630T173809_20230702T094558_2,LA_BOCA,2023-06-30,144.88820615033782,"{""type"":""MultiPoint"",""coordinates"":[]}"
20230701T171905_20230703T092209_0,CORDOBA,2023-07-01,128.80851124881877,"{""type"":""MultiPoint"",""coordinates"":[]}"
20230701T171905_20230703T092209_1,CENTENARIO,2023-07-01,186.17951662117628,"{""type"":""MultiPoint"",""coordinates"":[]}"
20230701T171905_20230703T092209_2,LA_BOCA,2023-07-01,95.60558022814932,"{""type"":""MultiPoint"",""coordinates"":[]}"
20230702T170000_20230704T090209_0,CORDOBA,2023-07-02,42.836897314534056,"{""type"":""MultiPoint"",""coordinates"":[]}"
20230702T170000_20230704T090209_1,CENTENARIO,2023-07-02,34.74643586551261,"{""type"":""MultiPoint"",""coordinates"":[]}"
20230702T170000_20230704T090209_2,LA_BOCA,2023-07-02,30.828028935111657,"{""type"":""MultiPoint"",""coordinates"":[]}"
20230704T180320_20230706T100527_0,CORDOBA,2023-07-04,66.45604701919409,"{""type"":""MultiPoint"",""coordinates"":[]}"
20230704T180320_20230706T100527_1,CENTENARIO,2023-07-04,66.04150578084663,"{""type"":""MultiPoint"",""coordinates"":[]}"
20230704T180320_20230706T100527_2,LA_BOCA,2023-07-04,79.33393402706315,"{""type"":""MultiPoint"",""coordinates"":[]}"
20230705T174416_20230707T094826_0,CORDOBA,2023-07-05,100.076554114987,"{""type"":""MultiPoint"",""coordinates"":[]}"
20230705T174416_20230707T094826_1,CENTENARIO,2023-07-05,148.55948782558482,"{""type"":""MultiPoint"",""coordinates"":[]}"
20230705T174416_20230707T094826_2,LA_BOCA,2023-07-05,79.95657154832558,"{""type"":""MultiPoint"",""coordinates"":[]}"
20230706T172511_20230708T093041_0,CORDOBA,2023-07-06,155.87241658602863,"{""type"":""MultiPoint"",""coordinates"":[]}"
20230706T172511_20230708T093041_1,CENTENARIO,2023-07-06,194.82624670157742,"{""type"":""MultiPoint"",""coordinates"":[]}"
20230706T172511_20230708T093041_2,LA_BOCA,2023-07-06,119.60697019807526,"{""type"":""MultiPoint"",""coordinates"":[]}"
20230707T170605_20230709T090944_0,CORDOBA,2023-07-07,72.81216382112328,"{""type"":""MultiPoint"",""coordinates"":[]}"
20230707T170605_20230709T090944_1,CENTENARIO,2023-07-07,113.81146028669136,"{""type"":""MultiPoint"",""coordinates"":[]}"
20230707T170605_20230709T090944_2,LA_BOCA,2023-07-07,83.54450839786628,"{""type"":""MultiPoint"",""coordinates"":[]}"
20230710T175019_20230712T095748_0,CORDOBA,2023-07-10,249.00790623360206,"{""type"":""MultiPoint"",""coordinates"":[]}"
20230710T175019_20230712T095748_1,CENTENARIO,2023-07-10,396.86104743790395,"{""type"":""MultiPoint"",""coordinates"":[]}"
20230710T175019_20230712T095748_2,LA_BOCA,2023-07-10,193.6366902942101,"{""type"":""MultiPoint"",""coordinates"":[]}"
20230713T165302_20230715T085259_0,CORDOBA,2023-07-13,224.7674471891148,"{""type"":""MultiPoint"",""coordinates"":[]}"
20230713T165302_20230715T085259_1,CENTENARIO,2023-07-13,201.94409220415264,"{""type"":""MultiPoint"",""coordinates"":[]}"
20230713T165302_20230715T085259_2,LA_BOCA,2023-07-13,220.57795579021558,"{""type"":""MultiPoint"",""coordinates"":[]}"
20230716T173714_20230720T142945_0,CORDOBA,2023-07-16,114.31899526728645,"{""type"":""MultiPoint"",""coordinates"":[]}"
20230716T173714_20230720T142945_1,CENTENARIO,2023-07-16,87.81134899764369,"{""type"":""MultiPoint"",""coordinates"":[]}"
20230716T173714_20230720T142945_2,LA_BOCA,2023-07-16,99.40731093588344,"{""type"":""MultiPoint"",""coordinates"":[]}"
20230717T171808_20230721T091037_0,CORDOBA,2023-07-17,185.54548330613525,"{""type"":""MultiPoint"",""coordinates"":[]}"
20230717T171808_20230721T091037_1,CENTENARIO,2023-07-17,162.33551196064226,"{""type"":""MultiPoint"",""coordinates"":[]}"
20230717T171808_20230721T091037_2,LA_BOCA,2023-07-17,176.778122666783,"{""type"":""MultiPoint"",""coordinates"":[]}"
20230718T165901_20230721T234208_0,CORDOBA,2023-07-18,433.06364967144077,"{""type"":""MultiPoint"",""coordinates"":[]}"
20230718T165901_20230721T234208_1,CENTENARIO,2023-07-18,547.5538830477651,"{""type"":""MultiPoint"",""coordinates"":[]}"
20230718T165901_20230721T234208_2,LA_BOCA,2023-07-18,511.26327704102493,"{""type"":""MultiPoint"",""coordinates"":[]}"
20230720T162049_20230723T044500_0,CORDOBA,2023-07-20,66.89550138875094,"{""type"":""MultiPoint"",""coordinates"":[]}"
20230720T162049_20230723T044500_1,CENTENARIO,2023-07-20,78.46595726090432,"{""type"":""MultiPoint"",""coordinates"":[]}"
20230720T162049_20230723T044500_2,LA_BOCA,2023-07-20,63.81605394194445,"{""type"":""MultiPoint"",""coordinates"":[]}"
20230720T180218_20230723T044904_0,CORDOBA,2023-07-20,83.00645393888712,"{""type"":""MultiPoint"",""coordinates"":[]}"
20230720T180218_20230723T044904_1,CENTENARIO,2023-07-20,139.96714586706426,"{""type"":""MultiPoint"",""coordinates"":[]}"
20230720T180218_20230723T044904_2,LA_BOCA,2023-07-20,90.39912095461241,"{""type"":""MultiPoint"",""coordinates"":[]}"
20230723T170458_20230725T091815_0,CORDOBA,2023-07-23,133.17775092304817,"{""type"":""MultiPoint"",""coordinates"":[]}"
20230723T170458_20230725T091815_1,CENTENARIO,2023-07-23,121.74645186777046,"{""type"":""MultiPoint"",""coordinates"":[]}"
20230723T170458_20230725T091815_2,LA_BOCA,2023-07-23,115.9059864123581,"{""type"":""MultiPoint"",""coordinates"":[]}"
20230726T174906_20230728T100234_0,CORDOBA,2023-07-26,78.83421506711423,"{""type"":""MultiPoint"",""coordinates"":[]}"
20230726T174906_20230728T100234_1,CENTENARIO,2023-07-26,63.509397227915095,"{""type"":""MultiPoint"",""coordinates"":[]}"
20230726T174906_20230728T100234_2,LA_BOCA,2023-07-26,75.4827439117848,"{""type"":""MultiPoint"",""coordinates"":[]}"
20230728T171052_20230730T093743_0,CORDOBA,2023-07-28,159.91794297775934,"{""type"":""MultiPoint"",""coordinates"":[]}"
20230728T171052_20230730T093743_1,CENTENARIO,2023-07-28,274.9794335402713,"{""type"":""MultiPoint"",""coordinates"":[]}"
20230728T171052_20230730T093743_2,LA_BOCA,2023-07-28,175.3507049905232,"{""type"":""MultiPoint"",""coordinates"":[]}"
20230729T165144_20230731T084156_0,CORDOBA,2023-07-29,67.68399738443493,"{""type"":""MultiPoint"",""coordinates"":[]}"
20230729T165144_20230731T084156_1,CENTENARIO,2023-07-29,68.15889002613481,"{""type"":""MultiPoint"",""coordinates"":[]}"
20230729T165144_20230731T084156_2,LA_BOCA,2023-07-29,59.45586286684937,"{""type"":""MultiPoint"",""coordinates"":[]}"
20230730T163237_20230801T083439_0,CORDOBA,2023-07-30,83.48276972261478,"{""type"":""MultiPoint"",""coordinates"":[]}"
20230730T163237_20230801T083439_1,CENTENARIO,2023-07-30,102.71915567399647,"{""type"":""MultiPoint"",""coordinates"":[]}"
20230730T163237_20230801T083439_2,LA_BOCA,2023-07-30,85.1619342853039,"{""type"":""MultiPoint"",""coordinates"":[]}"
20230731T175459_20230802T100203_0,CORDOBA,2023-07-31,66.93383703612976,"{""type"":""MultiPoint"",""coordinates"":[]}"
20230731T175459_20230802T100203_1,CENTENARIO,2023-07-31,68.20695134375596,"{""type"":""MultiPoint"",""coordinates"":[]}"
20230731T175459_20230802T100203_2,LA_BOCA,2023-07-31,82.6938586914506,"{""type"":""MultiPoint"",""coordinates"":[]}"
20230801T173551_20230803T094127_0,CORDOBA,2023-08-01,87.77738966756502,"{""type"":""MultiPoint"",""coordinates"":[]}"
20230801T173551_20230803T094127_1,CENTENARIO,2023-08-01,144.82338071038362,"{""type"":""MultiPoint"",""coordinates"":[]}"
20230801T173551_20230803T094127_2,LA_BOCA,2023-08-01,100.17382576036138,"{""type"":""MultiPoint"",""coordinates"":[]}"
20230802T171643_20230804T092058_0,CORDOBA,2023-08-02,174.66557534508027,"{""type"":""MultiPoint"",""coordinates"":[]}"
20230802T171643_20230804T092058_1,CENTENARIO,2023-08-02,167.99228444040483,"{""type"":""MultiPoint"",""coordinates"":[]}"
20230802T171643_20230804T092058_2,LA_BOCA,2023-08-02,177.70331766364495,"{""type"":""MultiPoint"",""coordinates"":[]}"
20230804T163828_20230806T084906_0,CORDOBA,2023-08-04,290.925108759285,"{""type"":""MultiPoint"",""coordinates"":[]}"
20230804T163828_20230806T084906_1,CENTENARIO,2023-08-04,282.64525917081863,"{""type"":""MultiPoint"",""coordinates"":[]}"
20230804T163828_20230806T084906_2,LA_BOCA,2023-08-04,252.39571362353692,"{""type"":""MultiPoint"",""coordinates"":[]}"
20230805T161920_20230807T082007_0,CORDOBA,2023-08-05,74.52908610530638,"{""type"":""MultiPoint"",""coordinates"":[]}"
20230805T161920_20230807T082007_1,CENTENARIO,2023-08-05,83.73446506585229,"{""type"":""MultiPoint"",""coordinates"":[]}"
20230805T161920_20230807T082007_2,LA_BOCA,2023-08-05,73.39687160346026,"{""type"":""MultiPoint"",""coordinates"":[]}"
20230805T180049_20230807T101611_2,LA_BOCA,2023-08-05,45.48151120949113,"{""type"":""MultiPoint"",""coordinates"":[]}"
20230806T174141_20230808T094205_1,CENTENARIO,2023-08-06,78.70694938858396,"{""type"":""MultiPoint"",""coordinates"":[]}"
20230807T172233_20230911T202539_0,CORDOBA,2023-08-07,88.16942434083228,"{""type"":""MultiPoint"",""coordinates"":[]}"
20230807T172233_20230911T202539_1,CENTENARIO,2023-08-07,133.69344723127043,"{""type"":""MultiPoint"",""coordinates"":[]}"
20230807T172233_20230911T202539_2,LA_BOCA,2023-08-07,81.49845137687441,"{""type"":""MultiPoint"",""coordinates"":[]}"
20230808T170324_20230913T182008_0,CORDOBA,2023-08-08,80.14167799704674,"{""type"":""MultiPoint"",""coordinates"":[]}"
20230808T170324_20230913T182008_1,CENTENARIO,2023-08-08,111.51453222752768,"{""type"":""MultiPoint"",""coordinates"":[]}"
20230808T170324_20230913T182008_2,LA_BOCA,2023-08-08,55.814838567949906,"{""type"":""MultiPoint"",""coordinates"":[]}"
20230809T164416_20230913T003342_0,CORDOBA,2023-08-09,106.01153950235178,"{""type"":""MultiPoint"",""coordinates"":[]}"
20230809T164416_20230913T003342_1,CENTENARIO,2023-08-09,182.84646478913174,"{""type"":""MultiPoint"",""coordinates"":[]}"
20230809T164416_20230913T003342_2,LA_BOCA,2023-08-09,149.80273906813179,"{""type"":""MultiPoint"",""coordinates"":[]}"
20230811T174728_20230813T100449_0,CORDOBA,2023-08-11,102.8485485887088,"{""type"":""MultiPoint"",""coordinates"":[]}"
20230811T174728_20230813T100449_1,CENTENARIO,2023-08-11,89.22049268674674,"{""type"":""MultiPoint"",""coordinates"":[]}"
20230811T174728_20230813T100449_2,LA_BOCA,2023-08-11,94.08189239583504,"{""type"":""MultiPoint"",""coordinates"":[]}"
20230812T172820_20230814T093445_0,CORDOBA,2023-08-12,88.8398869793343,"{""type"":""MultiPoint"",""coordinates"":[]}"
20230812T172820_20230814T093445_1,CENTENARIO,2023-08-12,80.95400358796721,"{""type"":""MultiPoint"",""coordinates"":[]}"
20230812T172820_20230814T093445_2,LA_BOCA,2023-08-12,84.81573198945117,"{""type"":""MultiPoint"",""coordinates"":[]}"
20230813T170911_20230815T090837_0,CORDOBA,2023-08-13,72.4820735371141,"{""type"":""MultiPoint"",""coordinates"":[]}"
20230813T170911_20230815T090837_1,CENTENARIO,2023-08-13,78.15993071177806,"{""type"":""MultiPoint"",""coordinates"":[]}"
20230813T170911_20230815T090837_2,LA_BOCA,2023-08-13,60.97408066352708,"{""type"":""MultiPoint"",""coordinates"":[]}"
20230814T165002_20230816T085046_0,CORDOBA,2023-08-14,163.0495227771919,"{""type"":""MultiPoint"",""coordinates"":[]}"
20230814T165002_20230816T085046_1,CENTENARIO,2023-08-14,167.29463441655844,"{""type"":""MultiPoint"",""coordinates"":[]}"
20230814T165002_20230816T085046_2,LA_BOCA,2023-08-14,186.40825230114953,"{""type"":""MultiPoint"",""coordinates"":[]}"
20230815T163053_20230817T083010_0,CORDOBA,2023-08-15,70.31493443599258,"{""type"":""MultiPoint"",""coordinates"":[]}"
20230815T163053_20230817T083010_1,CENTENARIO,2023-08-15,83.04580719428704,"{""type"":""MultiPoint"",""coordinates"":[]}"
20230815T163053_20230817T083010_2,LA_BOCA,2023-08-15,81.89738144989694,"{""type"":""MultiPoint"",""coordinates"":[]}"
20230815T181223_20230817T102419_0,CORDOBA,2023-08-15,69.91067968801221,"{""type"":""MultiPoint"",""coordinates"":[]}"
20230815T181223_20230817T102419_1,CENTENARIO,2023-08-15,68.96302106781411,"{""type"":""MultiPoint"",""coordinates"":[]}"
20230815T181223_20230817T102419_2,LA_BOCA,2023-08-15,55.4115712764921,"{""type"":""MultiPoint"",""coordinates"":[]}"
20230818T171456_20230820T091502_0,CORDOBA,2023-08-18,87.48419355874539,"{""type"":""MultiPoint"",""coordinates"":[]}"
20230818T171456_20230820T091502_1,CENTENARIO,2023-08-18,65.35460539828982,"{""type"":""MultiPoint"",""coordinates"":[]}"
20230818T171456_20230820T091502_2,LA_BOCA,2023-08-18,82.71757124793695,"{""type"":""MultiPoint"",""coordinates"":[]}"
20230820T163637_20230822T083119_0,CORDOBA,2023-08-20,61.64983354434618,"{""type"":""MultiPoint"",""coordinates"":[]}"
20230820T163637_20230822T083119_1,CENTENARIO,2023-08-20,62.201331957304085,"{""type"":""MultiPoint"",""coordinates"":[]}"
20230820T163637_20230822T083119_2,LA_BOCA,2023-08-20,43.789114956941546,"{""type"":""MultiPoint"",""coordinates"":[]}"
20230822T173948_20230824T094102_0,CORDOBA,2023-08-22,226.16046561421896,"{""type"":""MultiPoint"",""coordinates"":[]}"
20230822T173948_20230824T094102_1,CENTENARIO,2023-08-22,221.96228657792992,"{""type"":""MultiPoint"",""coordinates"":[]}"
20230822T173948_20230824T094102_2,LA_BOCA,2023-08-22,173.39405519429985,"{""type"":""MultiPoint"",""coordinates"":[]}"
20230825T164219_20230827T084655_0,CORDOBA,2023-08-25,136.352774961867,"{""type"":""MultiPoint"",""coordinates"":[]}"
20230825T164219_20230827T084655_1,CENTENARIO,2023-08-25,125.73297381306975,"{""type"":""MultiPoint"",""coordinates"":[]}"
20230825T164219_20230827T084655_2,LA_BOCA,2023-08-25,135.50410957475572,"{""type"":""MultiPoint"",""coordinates"":[]}"
20230826T162310_20230828T082545_0,CORDOBA,2023-08-26,160.30955942395542,"{""type"":""MultiPoint"",""coordinates"":[]}"
20230826T162310_20230828T082545_1,CENTENARIO,2023-08-26,171.53490256996832,"{""type"":""MultiPoint"",""coordinates"":[]}"
20230826T162310_20230828T082545_2,LA_BOCA,2023-08-26,127.1901979302805,"{""type"":""MultiPoint"",""coordinates"":[]}"
20230826T180439_20230828T101454_0,CORDOBA,2023-08-26,162.83043021539328,"{""type"":""MultiPoint"",""coordinates"":[]}"
20230826T180439_20230828T101454_1,CENTENARIO,2023-08-26,165.1799986136761,"{""type"":""MultiPoint"",""coordinates"":[]}"
20230826T180439_20230828T101454_2,LA_BOCA,2023-08-26,120.46122089028566,"{""type"":""MultiPoint"",""coordinates"":[]}"
20230827T174529_20230829T095206_0,CORDOBA,2023-08-27,51.92420716740098,"{""type"":""MultiPoint"",""coordinates"":[]}"
20230827T174529_20230829T095206_1,CENTENARIO,2023-08-27,80.28997346143468,"{""type"":""MultiPoint"",""coordinates"":[]}"
20230827T174529_20230829T095206_2,LA_BOCA,2023-08-27,57.98081622418094,"{""type"":""MultiPoint"",""coordinates"":[]}"
20230828T172619_20230830T093246_0,CORDOBA,2023-08-28,59.83630652012238,"{""type"":""MultiPoint"",""coordinates"":[]}"
20230828T172619_20230830T093246_1,CENTENARIO,2023-08-28,55.97500882250129,"{""type"":""MultiPoint"",""coordinates"":[]}"
20230828T172619_20230830T093246_2,LA_BOCA,2023-08-28,51.330685093228446,"{""type"":""MultiPoint"",""coordinates"":[]}"
20230829T170710_20230831T092000_0,CORDOBA,2023-08-29,127.88821185445713,"{""type"":""MultiPoint"",""coordinates"":[]}"
20230829T170710_20230831T092000_1,CENTENARIO,2023-08-29,184.0464390627679,"{""type"":""MultiPoint"",""coordinates"":[]}"
20230829T170710_20230831T092000_2,LA_BOCA,2023-08-29,105.29786993996015,"{""type"":""MultiPoint"",""coordinates"":[]}"
20230830T164800_20230905T103031_0,CORDOBA,2023-08-30,42.43727708407395,"{""type"":""MultiPoint"",""coordinates"":[]}"
20230830T164800_20230905T103031_1,CENTENARIO,2023-08-30,86.05478194912149,"{""type"":""MultiPoint"",""coordinates"":[]}"
20230830T164800_20230905T103031_2,LA_BOCA,2023-08-30,72.6873409094612,"{""type"":""MultiPoint"",""coordinates"":[]}"
20230831T181022_20230902T101839_0,CORDOBA,2023-08-31,303.4320496655114,"{""type"":""MultiPoint"",""coordinates"":[]}"
20230831T181022_20230902T101839_1,CENTENARIO,2023-08-31,395.0642023011444,"{""type"":""MultiPoint"",""coordinates"":[]}"
20230831T181022_20230902T101839_2,LA_BOCA,2023-08-31,287.73797187488617,"{""type"":""MultiPoint"",""coordinates"":[]}"
20230901T175116_20230903T151649_0,CORDOBA,2023-09-01,85.47981996722753,"{""type"":""MultiPoint"",""coordinates"":[]}"
20230901T175116_20230903T151649_1,CENTENARIO,2023-09-01,116.18204458871362,"{""type"":""MultiPoint"",""coordinates"":[]}"
20230901T175116_20230903T151649_2,LA_BOCA,2023-09-01,68.29749219270309,"{""type"":""MultiPoint"",""coordinates"":[]}"
20230905T163448_20230907T084938_0,CORDOBA,2023-09-05,456.3100024580855,"{""type"":""MultiPoint"",""coordinates"":[]}"
20230905T163448_20230907T084938_1,CENTENARIO,2023-09-05,492.12154436086826,"{""type"":""MultiPoint"",""coordinates"":[]}"
20230905T163448_20230907T084938_2,LA_BOCA,2023-09-05,305.94392719529355,"{""type"":""MultiPoint"",""coordinates"":[]}"
20230908T171856_20230910T092952_0,CORDOBA,2023-09-08,164.1692918505722,"{""type"":""MultiPoint"",""coordinates"":[]}"
20230908T171856_20230910T092952_1,CENTENARIO,2023-09-08,155.9514642122485,"{""type"":""MultiPoint"",""coordinates"":[]}"
20230908T171856_20230910T092952_2,LA_BOCA,2023-09-08,152.2242349819749,"{""type"":""MultiPoint"",""coordinates"":[]}"
20230910T164042_20230912T095313_0,CORDOBA,2023-09-10,66.60130560576995,"{""type"":""MultiPoint"",""coordinates"":[]}"
20230910T164042_20230912T095313_1,CENTENARIO,2023-09-10,69.72323893520647,"{""type"":""MultiPoint"",""coordinates"":[]}"
20230910T164042_20230912T095313_2,LA_BOCA,2023-09-10,55.703883407205474,"{""type"":""MultiPoint"",""coordinates"":[]}"
20230912T174357_20230914T095152_0,CORDOBA,2023-09-12,92.64891795670387,"{""type"":""MultiPoint"",""coordinates"":[]}"
20230912T174357_20230914T095152_1,CENTENARIO,2023-09-12,92.71923046206037,"{""type"":""MultiPoint"",""coordinates"":[]}"
20230913T172449_20230915T092708_0,CORDOBA,2023-09-13,364.9309129343863,"{""type"":""MultiPoint"",""coordinates"":[]}"
20230913T172449_20230915T092708_1,CENTENARIO,2023-09-13,283.41591068814813,"{""type"":""MultiPoint"",""coordinates"":[]}"
20230913T172449_20230915T092708_2,LA_BOCA,2023-09-13,279.3496575277012,"{""type"":""MultiPoint"",""coordinates"":[]}"
20230914T170542_20230916T090908_2,LA_BOCA,2023-09-14,62.05362627416869,"{""type"":""MultiPoint"",""coordinates"":[]}"
20230915T164634_20230917T084803_0,CORDOBA,2023-09-15,77.81317250594715,"{""type"":""MultiPoint"",""coordinates"":[]}"
20230915T164634_20230917T084803_1,CENTENARIO,2023-09-15,109.32365036024483,"{""type"":""MultiPoint"",""coordinates"":[]}"
20230915T164634_20230917T084803_2,LA_BOCA,2023-09-15,82.42257317486671,"{""type"":""MultiPoint"",""coordinates"":[]}"
20230916T162727_20230918T082017_0,CORDOBA,2023-09-16,107.09398922960206,"{""type"":""MultiPoint"",""coordinates"":[]}"
20230916T162727_20230918T082017_1,CENTENARIO,2023-09-16,106.95094595892212,"{""type"":""MultiPoint"",""coordinates"":[]}"
20230916T162727_20230918T082017_2,LA_BOCA,2023-09-16,122.2924360601575,"{""type"":""MultiPoint"",""coordinates"":[]}"
20230916T180856_20230918T102343_0,CORDOBA,2023-09-16,104.2486244962756,"{""type"":""MultiPoint"",""coordinates"":[]}"
20230916T180856_20230918T102343_1,CENTENARIO,2023-09-16,87.56220886299678,"{""type"":""MultiPoint"",""coordinates"":[]}"
20230916T180856_20230918T102343_2,LA_BOCA,2023-09-16,102.17139260144225,"{""type"":""MultiPoint"",""coordinates"":[]}"
20230918T173041_20230920T094408_0,CORDOBA,2023-09-18,126.15923100143846,"{""type"":""MultiPoint"",""coordinates"":[]}"
20230918T173041_20230920T094408_1,CENTENARIO,2023-09-18,125.39650279965394,"{""type"":""MultiPoint"",""coordinates"":[]}"
20230918T173041_20230920T094408_2,LA_BOCA,2023-09-18,97.87991671628336,"{""type"":""MultiPoint"",""coordinates"":[]}"
20230922T175539_20230924T101050_0,CORDOBA,2023-09-22,75.56284852926213,"{""type"":""MultiPoint"",""coordinates"":[]}"
20230922T175539_20230924T101050_1,CENTENARIO,2023-09-22,75.3121866179767,"{""type"":""MultiPoint"",""coordinates"":[]}"
20230922T175539_20230924T101050_2,LA_BOCA,2023-09-22,76.04696597755905,"{""type"":""MultiPoint"",""coordinates"":[]}"
20230925T165815_20230927T091204_0,CORDOBA,2023-09-25,84.36661700155317,"{""type"":""MultiPoint"",""coordinates"":[]}"
20230925T165815_20230927T091204_1,CENTENARIO,2023-09-25,110.6087995309617,"{""type"":""MultiPoint"",""coordinates"":[]}"
20230925T165815_20230927T091204_2,LA_BOCA,2023-09-25,84.89709455632324,"{""type"":""MultiPoint"",""coordinates"":[]}"
20230927T161959_20230929T082412_0,CORDOBA,2023-09-27,373.24411015074674,"{""type"":""MultiPoint"",""coordinates"":[]}"
20230927T161959_20230929T082412_1,CENTENARIO,2023-09-27,300.67711947108603,"{""type"":""MultiPoint"",""coordinates"":[]}"
20230927T161959_20230929T082412_2,LA_BOCA,2023-09-27,462.6338816371971,"{""type"":""MultiPoint"",""coordinates"":[]}"
20230927T180129_20230929T101608_0,CORDOBA,2023-09-27,244.70068409401205,"{""type"":""MultiPoint"",""coordinates"":[]}"
20230927T180129_20230929T101608_1,CENTENARIO,2023-09-27,242.6171478403995,"{""type"":""MultiPoint"",""coordinates"":[]}"
20230927T180129_20230929T101608_2,LA_BOCA,2023-09-27,270.0429584954236,"{""type"":""MultiPoint"",""coordinates"":[]}"
20230928T174220_20230930T095330_0,CORDOBA,2023-09-28,46.89694848901403,"{""type"":""MultiPoint"",""coordinates"":[]}"
20230928T174220_20230930T095330_1,CENTENARIO,2023-09-28,70.86518268146101,"{""type"":""MultiPoint"",""coordinates"":[]}"
20230928T174220_20230930T095330_2,LA_BOCA,2023-09-28,49.061394190021375,"{""type"":""MultiPoint"",""coordinates"":[]}"
20230929T172312_20231001T093110_0,CORDOBA,2023-09-29,84.92100015483254,"{""type"":""MultiPoint"",""coordinates"":[]}"
20230929T172312_20231001T093110_1,CENTENARIO,2023-09-29,80.37920432101883,"{""type"":""MultiPoint"",""coordinates"":[]}"
20230929T172312_20231001T093110_2,LA_BOCA,2023-09-29,77.11889799809622,"{""type"":""MultiPoint"",""coordinates"":[]}"
20230930T170404_20231002T090818_0,CORDOBA,2023-09-30,233.25055777011377,"{""type"":""MultiPoint"",""coordinates"":[]}"
20230930T170404_20231002T090818_1,CENTENARIO,2023-09-30,237.31057230361816,"{""type"":""MultiPoint"",""coordinates"":[]}"
20230930T170404_20231002T090818_2,LA_BOCA,2023-09-30,256.55490614326055,"{""type"":""MultiPoint"",""coordinates"":[]}"
20231001T164456_20231003T085028_0,CORDOBA,2023-10-01,188.66472501866198,"{""type"":""MultiPoint"",""coordinates"":[]}"
20231001T164456_20231003T085028_1,CENTENARIO,2023-10-01,233.81602699948206,"{""type"":""MultiPoint"",""coordinates"":[]}"
20231001T164456_20231003T085028_2,LA_BOCA,2023-10-01,173.4290436893785,"{""type"":""MultiPoint"",""coordinates"":[]}"
20231002T162547_20231004T082706_1,CENTENARIO,2023-10-02,36.38941779555281,"{""type"":""MultiPoint"",""coordinates"":[]}"
20231002T180717_20231004T102820_0,CORDOBA,2023-10-02,43.94756548892464,"{""type"":""MultiPoint"",""coordinates"":[]}"
20231002T180717_20231004T102820_1,CENTENARIO,2023-10-02,71.64100320218365,"{""type"":""MultiPoint"",""coordinates"":[]}"
20231002T180717_20231004T102820_2,LA_BOCA,2023-10-02,48.239370821662426,"{""type"":""MultiPoint"",""coordinates"":[]}"
20231004T172900_20231006T094013_0,CORDOBA,2023-10-04,116.35565918665024,"{""type"":""MultiPoint"",""coordinates"":[]}"
20231004T172900_20231006T094013_1,CENTENARIO,2023-10-04,102.89116587907967,"{""type"":""MultiPoint"",""coordinates"":[]}"
20231004T172900_20231006T094013_2,LA_BOCA,2023-10-04,98.79522214842954,"{""type"":""MultiPoint"",""coordinates"":[]}"
20231005T170952_20231007T091210_0,CORDOBA,2023-10-05,168.70274995601784,"{""type"":""MultiPoint"",""coordinates"":[]}"
20231005T170952_20231007T091210_1,CENTENARIO,2023-10-05,156.35950083159312,"{""type"":""MultiPoint"",""coordinates"":[]}"
20231005T170952_20231007T091210_2,LA_BOCA,2023-10-05,176.65785147611643,"{""type"":""MultiPoint"",""coordinates"":[]}"
20231006T165043_20231008T084532_0,CORDOBA,2023-10-06,197.3691882675128,"{""type"":""MultiPoint"",""coordinates"":[]}"
20231006T165043_20231008T084532_1,CENTENARIO,2023-10-06,167.0987619450159,"{""type"":""MultiPoint"",""coordinates"":[]}"
20231006T165043_20231008T084532_2,LA_BOCA,2023-10-06,172.10130853498913,"{""type"":""MultiPoint"",""coordinates"":[]}"
20231007T163135_20231009T082418_0,CORDOBA,2023-10-07,228.98171310586432,"{""type"":""MultiPoint"",""coordinates"":[]}"
20231007T163135_20231009T082418_1,CENTENARIO,2023-10-07,227.12227416514415,"{""type"":""MultiPoint"",""coordinates"":[]}"
20231007T163135_20231009T082418_2,LA_BOCA,2023-10-07,230.21462743692132,"{""type"":""MultiPoint"",""coordinates"":[]}"
20231008T161226_20231010T075050_0,CORDOBA,2023-10-08,72.25047304990777,"{""type"":""MultiPoint"",""coordinates"":[]}"
20231008T161226_20231010T075050_1,CENTENARIO,2023-10-08,75.03903250645422,"{""type"":""MultiPoint"",""coordinates"":[]}"
20231008T161226_20231010T075050_2,LA_BOCA,2023-10-08,66.6170435842507,"{""type"":""MultiPoint"",""coordinates"":[]}"
20231008T175356_20231010T100535_0,CORDOBA,2023-10-08,92.95903374399421,"{""type"":""MultiPoint"",""coordinates"":[]}"
20231008T175356_20231010T100535_1,CENTENARIO,2023-10-08,89.78488370701572,"{""type"":""MultiPoint"",""coordinates"":[]}"
20231008T175356_20231010T100535_2,LA_BOCA,2023-10-08,102.09462788793249,"{""type"":""MultiPoint"",""coordinates"":[]}"
20231009T173447_20231011T093724_0,CORDOBA,2023-10-09,102.35391468735133,"{""type"":""MultiPoint"",""coordinates"":[]}"
20231009T173447_20231011T093724_1,CENTENARIO,2023-10-09,147.17420929908346,"{""type"":""MultiPoint"",""coordinates"":[]}"
20231009T173447_20231011T093724_2,LA_BOCA,2023-10-09,154.79948989831792,"{""type"":""MultiPoint"",""coordinates"":[]}"
20231010T171539_20231012T092455_0,CORDOBA,2023-10-10,70.23586363288523,"{""type"":""MultiPoint"",""coordinates"":[]}"
20231010T171539_20231012T092455_1,CENTENARIO,2023-10-10,81.402250946484,"{""type"":""MultiPoint"",""coordinates"":[]}"
20231010T171539_20231012T092455_2,LA_BOCA,2023-10-10,64.05103185551582,"{""type"":""MultiPoint"",""coordinates"":[]}"
20231011T165630_20231013T090641_1,CENTENARIO,2023-10-11,48.599251041756105,"{""type"":""MultiPoint"",""coordinates"":[]}"
20231012T163721_20231014T084650_0,CORDOBA,2023-10-12,168.64439653808466,"{""type"":""MultiPoint"",""coordinates"":[]}"
20231012T163721_20231014T084650_1,CENTENARIO,2023-10-12,179.9109008108495,"{""type"":""MultiPoint"",""coordinates"":[]}"
20231012T163721_20231014T084650_2,LA_BOCA,2023-10-12,139.32433957580216,"{""type"":""MultiPoint"",""coordinates"":[]}"
20231013T161813_20231015T082531_0,CORDOBA,2023-10-13,42.36030736281216,"{""type"":""MultiPoint"",""coordinates"":[]}"
20231013T161813_20231015T082531_1,CENTENARIO,2023-10-13,42.2318342119422,"{""type"":""MultiPoint"",""coordinates"":[]}"
20231013T161813_20231015T082531_2,LA_BOCA,2023-10-13,57.704136114095725,"{""type"":""MultiPoint"",""coordinates"":[]}"
20231013T175942_20231015T102043_0,CORDOBA,2023-10-13,38.35532090040025,"{""type"":""MultiPoint"",""coordinates"":[]}"
20231013T175942_20231015T102043_1,CENTENARIO,2023-10-13,70.06169985026885,"{""type"":""MultiPoint"",""coordinates"":[]}"
20231013T175942_20231015T102043_2,LA_BOCA,2023-10-13,30.340903329147277,"{""type"":""MultiPoint"",""coordinates"":[]}"
20231014T174033_20231016T095015_0,CORDOBA,2023-10-14,46.89081997728687,"{""type"":""MultiPoint"",""coordinates"":[]}"
20231014T174033_20231016T095015_1,CENTENARIO,2023-10-14,47.34015004248403,"{""type"":""MultiPoint"",""coordinates"":[]}"
20231014T174033_20231016T095015_2,LA_BOCA,2023-10-14,41.95904021966982,"{""type"":""MultiPoint"",""coordinates"":[]}"
20231015T172125_20231017T094006_0,CORDOBA,2023-10-15,59.303729718955736,"{""type"":""MultiPoint"",""coordinates"":[]}"
20231015T172125_20231017T094006_1,CENTENARIO,2023-10-15,63.98600781488738,"{""type"":""MultiPoint"",""coordinates"":[]}"
20231015T172125_20231017T094006_2,LA_BOCA,2023-10-15,50.75583208273252,"{""type"":""MultiPoint"",""coordinates"":[]}"
20231017T164307_20231019T085903_0,CORDOBA,2023-10-17,133.70864445540582,"{""type"":""MultiPoint"",""coordinates"":[]}"
20231017T164307_20231019T085903_1,CENTENARIO,2023-10-17,159.2726386144655,"{""type"":""MultiPoint"",""coordinates"":[]}"
20231017T164307_20231019T085903_2,LA_BOCA,2023-10-17,123.34671177984507,"{""type"":""MultiPoint"",""coordinates"":[]}"
20231018T162359_20231020T083527_0,CORDOBA,2023-10-18,55.7641836970543,"{""type"":""MultiPoint"",""coordinates"":[]}"
20231018T162359_20231020T083527_1,CENTENARIO,2023-10-18,55.83218761772091,"{""type"":""MultiPoint"",""coordinates"":[]}"
20231018T162359_20231020T083527_2,LA_BOCA,2023-10-18,55.00308551484959,"{""type"":""MultiPoint"",""coordinates"":[]}"
20231018T180528_20231020T101824_0,CORDOBA,2023-10-18,31.562230895276205,"{""type"":""MultiPoint"",""coordinates"":[]}"
20231018T180528_20231020T101824_1,CENTENARIO,2023-10-18,31.497151139912262,"{""type"":""MultiPoint"",""coordinates"":[]}"
20231018T180528_20231020T101824_2,LA_BOCA,2023-10-18,37.35887760763805,"{""type"":""MultiPoint"",""coordinates"":[]}"
20231019T160450_20231021T080245_0,CORDOBA,2023-10-19,36.4239432149716,"{""type"":""MultiPoint"",""coordinates"":[]}"
20231019T160450_20231021T080245_2,LA_BOCA,2023-10-19,29.762377435020458,"{""type"":""MultiPoint"",""coordinates"":[]}"
20231019T174619_20231021T094902_0,CORDOBA,2023-10-19,63.171692281957256,"{""type"":""MultiPoint"",""coordinates"":[]}"
20231019T174619_20231021T094902_1,CENTENARIO,2023-10-19,82.7562752549107,"{""type"":""MultiPoint"",""coordinates"":[]}"
20231019T174619_20231021T094902_2,LA_BOCA,2023-10-19,62.79827553550101,"{""type"":""MultiPoint"",""coordinates"":[]}"
20231020T172711_20231022T092628_0,CORDOBA,2023-10-20,44.581686012940814,"{""type"":""MultiPoint"",""coordinates"":[]}"
20231020T172711_20231022T092628_1,CENTENARIO,2023-10-20,71.04351396437136,"{""type"":""MultiPoint"",""coordinates"":[]}"
20231020T172711_20231022T092628_2,LA_BOCA,2023-10-20,40.955917730984275,"{""type"":""MultiPoint"",""coordinates"":[]}"
20231025T173257_20231027T095751_0,CORDOBA,2023-10-25,207.25283302266035,"{""type"":""MultiPoint"",""coordinates"":[]}"
20231025T173257_20231027T095751_1,CENTENARIO,2023-10-25,202.58220278763594,"{""type"":""MultiPoint"",""coordinates"":[]}"
20231025T173257_20231027T095751_2,LA_BOCA,2023-10-25,139.09590776282565,"{""type"":""MultiPoint"",""coordinates"":[]}"
20231026T171348_20231028T093147_0,CORDOBA,2023-10-26,73.76349275304409,"{""type"":""MultiPoint"",""coordinates"":[]}"
20231026T171348_20231028T093147_1,CENTENARIO,2023-10-26,90.17292235731986,"{""type"":""MultiPoint"",""coordinates"":[]}"
20231026T171348_20231028T093147_2,LA_BOCA,2023-10-26,72.58751596939035,"{""type"":""MultiPoint"",""coordinates"":[]}"
20231027T165440_20231029T085854_0,CORDOBA,2023-10-27,85.40628841926738,"{""type"":""MultiPoint"",""coordinates"":[]}"
20231027T165440_20231029T085854_1,CENTENARIO,2023-10-27,107.70566050484419,"{""type"":""MultiPoint"",""coordinates"":[]}"
20231027T165440_20231029T085854_2,LA_BOCA,2023-10-27,83.04310798357535,"{""type"":""MultiPoint"",""coordinates"":[]}"
20231028T163531_20231030T084322_0,CORDOBA,2023-10-28,85.45429807294998,"{""type"":""MultiPoint"",""coordinates"":[]}"
20231028T163531_20231030T084322_1,CENTENARIO,2023-10-28,92.13876381520355,"{""type"":""MultiPoint"",""coordinates"":[]}"
20231028T163531_20231030T084322_2,LA_BOCA,2023-10-28,56.39731764729643,"{""type"":""MultiPoint"",""coordinates"":[]}"
20231029T161623_20231031T082003_0,CORDOBA,2023-10-29,39.90430969272025,"{""type"":""MultiPoint"",""coordinates"":[]}"
20231029T161623_20231031T082003_1,CENTENARIO,2023-10-29,39.65042969626059,"{""type"":""MultiPoint"",""coordinates"":[]}"
20231029T161623_20231031T082003_2,LA_BOCA,2023-10-29,39.566612116694444,"{""type"":""MultiPoint"",""coordinates"":[]}"
20231029T175752_20231031T100705_0,CORDOBA,2023-10-29,19.34907454882253,"{""type"":""MultiPoint"",""coordinates"":[]}"
20231029T175752_20231031T100705_1,CENTENARIO,2023-10-29,20.17496039115312,"{""type"":""MultiPoint"",""coordinates"":[]}"
20231029T175752_20231031T100705_2,LA_BOCA,2023-10-29,14.412605150653361,"{""type"":""MultiPoint"",""coordinates"":[]}"
20231030T173844_20231101T095608_0,CORDOBA,2023-10-30,48.44711664011974,"{""type"":""MultiPoint"",""coordinates"":[]}"
20231030T173844_20231101T095608_1,CENTENARIO,2023-10-30,48.47681051173125,"{""type"":""MultiPoint"",""coordinates"":[]}"
20231030T173844_20231101T095608_2,LA_BOCA,2023-10-30,49.45653527202097,"{""type"":""MultiPoint"",""coordinates"":[]}"
20231104T160302_20231106T094529_0,CORDOBA,2023-11-04,113.92924543043237,"{""type"":""MultiPoint"",""coordinates"":[]}"
20231104T160302_20231106T094529_2,LA_BOCA,2023-11-04,115.19771596683358,"{""type"":""MultiPoint"",""coordinates"":[]}"
20231104T174431_20231106T095533_0,CORDOBA,2023-11-04,111.11765212514511,"{""type"":""MultiPoint"",""coordinates"":[]}"
20231104T174431_20231106T095533_1,CENTENARIO,2023-11-04,101.51564967687983,"{""type"":""MultiPoint"",""coordinates"":[]}"
20231104T174431_20231106T095533_2,LA_BOCA,2023-11-04,132.66945144008955,"{""type"":""MultiPoint"",""coordinates"":[]}"
20231105T172523_20231107T134112_0,CORDOBA,2023-11-05,46.035842046492235,"{""type"":""MultiPoint"",""coordinates"":[]}"
20231105T172523_20231107T134112_1,CENTENARIO,2023-11-05,48.10754729179934,"{""type"":""MultiPoint"",""coordinates"":[]}"
20231105T172523_20231107T134112_2,LA_BOCA,2023-11-05,54.94408233241517,"{""type"":""MultiPoint"",""coordinates"":[]}"
20231106T170615_20231108T180316_0,CORDOBA,2023-11-06,83.20249942891951,"{""type"":""MultiPoint"",""coordinates"":[]}"
20231106T170615_20231108T180316_1,CENTENARIO,2023-11-06,105.42421254404678,"{""type"":""MultiPoint"",""coordinates"":[]}"
20231106T170615_20231108T180316_2,LA_BOCA,2023-11-06,70.16943222543347,"{""type"":""MultiPoint"",""coordinates"":[]}"
20231107T164707_20231109T101135_0,CORDOBA,2023-11-07,93.25022206411748,"{""type"":""MultiPoint"",""coordinates"":[]}"
20231107T164707_20231109T101135_1,CENTENARIO,2023-11-07,136.04721658804775,"{""type"":""MultiPoint"",""coordinates"":[]}"
20231107T164707_20231109T101135_2,LA_BOCA,2023-11-07,89.73446543519708,"{""type"":""MultiPoint"",""coordinates"":[]}"
20231109T160851_20231111T082325_0,CORDOBA,2023-11-09,54.31095110212007,"{""type"":""MultiPoint"",""coordinates"":[]}"
20231109T160851_20231111T082325_1,CENTENARIO,2023-11-09,57.96232814960727,"{""type"":""MultiPoint"",""coordinates"":[]}"
20231109T160851_20231111T082325_2,LA_BOCA,2023-11-09,42.67098573665056,"{""type"":""MultiPoint"",""coordinates"":[]}"
20231109T175020_20231111T095517_0,CORDOBA,2023-11-09,62.129108198021214,"{""type"":""MultiPoint"",""coordinates"":[]}"
20231109T175020_20231111T095517_1,CENTENARIO,2023-11-09,89.9561425924445,"{""type"":""MultiPoint"",""coordinates"":[]}"
20231109T175020_20231111T095517_2,LA_BOCA,2023-11-09,63.54083062686378,"{""type"":""MultiPoint"",""coordinates"":[]}"
20231111T171204_20231113T093025_0,CORDOBA,2023-11-11,131.4976397050191,"{""type"":""MultiPoint"",""coordinates"":[]}"
20231111T171204_20231113T093025_1,CENTENARIO,2023-11-11,118.42435357632925,"{""type"":""MultiPoint"",""coordinates"":[]}"
20231111T171204_20231113T093025_2,LA_BOCA,2023-11-11,108.93100630402937,"{""type"":""MultiPoint"",""coordinates"":[]}"
20231112T165256_20231114T090840_0,CORDOBA,2023-11-12,72.52035420946511,"{""type"":""MultiPoint"",""coordinates"":[]}"
20231112T165256_20231114T090840_1,CENTENARIO,2023-11-12,81.55770224338004,"{""type"":""MultiPoint"",""coordinates"":[]}"
20231112T165256_20231114T090840_2,LA_BOCA,2023-11-12,60.17478898546041,"{""type"":""MultiPoint"",""coordinates"":[]}"
20231114T161441_20231116T082716_0,CORDOBA,2023-11-14,39.39877476074886,"{""type"":""MultiPoint"",""coordinates"":[]}"
20231114T161441_20231116T082716_1,CENTENARIO,2023-11-14,65.76765543161957,"{""type"":""MultiPoint"",""coordinates"":[]}"
20231114T161441_20231116T082716_2,LA_BOCA,2023-11-14,69.49234113657175,"{""type"":""MultiPoint"",""coordinates"":[]}"
20231114T175610_20231116T101035_0,CORDOBA,2023-11-14,99.73904059017231,"{""type"":""MultiPoint"",""coordinates"":[]}"
20231114T175610_20231116T101035_1,CENTENARIO,2023-11-14,149.9151410245425,"{""type"":""MultiPoint"",""coordinates"":[]}"
20231114T175610_20231116T101035_2,LA_BOCA,2023-11-14,58.56332642296746,"{""type"":""MultiPoint"",""coordinates"":[]}"
20231115T173703_20231117T094339_0,CORDOBA,2023-11-15,214.71321716938226,"{""type"":""MultiPoint"",""coordinates"":[]}"
20231115T173703_20231117T094339_1,CENTENARIO,2023-11-15,214.71321917247383,"{""type"":""MultiPoint"",""coordinates"":[]}"
20231115T173703_20231117T094339_2,LA_BOCA,2023-11-15,213.54810465038793,"{""type"":""MultiPoint"",""coordinates"":[]}"
20231116T171755_20231118T092420_0,CORDOBA,2023-11-16,103.00822292903753,"{""type"":""MultiPoint"",""coordinates"":[]}"
20231116T171755_20231118T092420_1,CENTENARIO,2023-11-16,96.36378558274117,"{""type"":""MultiPoint"",""coordinates"":[]}"
20231116T171755_20231118T092420_2,LA_BOCA,2023-11-16,105.54116990285307,"{""type"":""MultiPoint"",""coordinates"":[]}"
20231118T163941_20231120T084923_0,CORDOBA,2023-11-18,58.59224237793034,"{""type"":""MultiPoint"",""coordinates"":[]}"
20231118T163941_20231120T084923_1,CENTENARIO,2023-11-18,51.97946114197056,"{""type"":""MultiPoint"",""coordinates"":[]}"
20231118T163941_20231120T084923_2,LA_BOCA,2023-11-18,61.045306891893695,"{""type"":""MultiPoint"",""coordinates"":[]}"
20231119T162033_20231121T082614_0,CORDOBA,2023-11-19,68.58287253100448,"{""type"":""MultiPoint"",""coordinates"":[]}"
20231119T162033_20231121T082614_1,CENTENARIO,2023-11-19,45.06512284222176,"{""type"":""MultiPoint"",""coordinates"":[]}"
20231119T162033_20231121T082614_2,LA_BOCA,2023-11-19,62.45712752341651,"{""type"":""MultiPoint"",""coordinates"":[]}"
20231119T180203_20231121T102250_0,CORDOBA,2023-11-19,46.94307562276053,"{""type"":""MultiPoint"",""coordinates"":[]}"
20231119T180203_20231121T102250_1,CENTENARIO,2023-11-19,34.96487436275391,"{""type"":""MultiPoint"",""coordinates"":[]}"
20231119T180203_20231121T102250_2,LA_BOCA,2023-11-19,54.049758686005326,"{""type"":""MultiPoint"",""coordinates"":[]}"
20231120T160126_20231123T042222_2,LA_BOCA,2023-11-20,28.908124700631024,"{""type"":""MultiPoint"",""coordinates"":[]}"
20231120T174256_20231123T043909_0,CORDOBA,2023-11-20,42.27694395220352,"{""type"":""MultiPoint"",""coordinates"":[]}"
20231120T174256_20231123T043909_1,CENTENARIO,2023-11-20,42.51854016430609,"{""type"":""MultiPoint"",""coordinates"":[]}"
20231120T174256_20231123T043909_2,LA_BOCA,2023-11-20,47.93115322761235,"{""type"":""MultiPoint"",""coordinates"":[]}"
20231122T170442_20231124T091919_0,CORDOBA,2023-11-22,96.94721841724193,"{""type"":""MultiPoint"",""coordinates"":[]}"
20231122T170442_20231124T091919_1,CENTENARIO,2023-11-22,138.8341479937281,"{""type"":""MultiPoint"",""coordinates"":[]}"
20231122T170442_20231124T091919_2,LA_BOCA,2023-11-22,93.47400998762367,"{""type"":""MultiPoint"",""coordinates"":[]}"
20231123T164535_20231125T090556_0,CORDOBA,2023-11-23,133.37429171755718,"{""type"":""MultiPoint"",""coordinates"":[]}"
20231123T164535_20231125T090556_1,CENTENARIO,2023-11-23,105.11356470876659,"{""type"":""MultiPoint"",""coordinates"":[]}"
20231123T164535_20231125T090556_2,LA_BOCA,2023-11-23,128.7384936730377,"{""type"":""MultiPoint"",""coordinates"":[]}"
20231124T162628_20231126T083859_0,CORDOBA,2023-11-24,122.72773818386145,"{""type"":""MultiPoint"",""coordinates"":[]}"
20231124T162628_20231126T083859_1,CENTENARIO,2023-11-24,235.02054906208872,"{""type"":""MultiPoint"",""coordinates"":[]}"
20231124T162628_20231126T083859_2,LA_BOCA,2023-11-24,122.15440054516071,"{""type"":""MultiPoint"",""coordinates"":[]}"
20231125T160722_20231127T082607_0,CORDOBA,2023-11-25,46.790438931653185,"{""type"":""MultiPoint"",""coordinates"":[]}"
20231125T160722_20231127T082607_1,CENTENARIO,2023-11-25,59.74071925638254,"{""type"":""MultiPoint"",""coordinates"":[]}"
20231125T160722_20231127T082607_2,LA_BOCA,2023-11-25,57.18371052012149,"{""type"":""MultiPoint"",""coordinates"":[]}"
20231125T174851_20231127T101059_0,CORDOBA,2023-11-25,62.32370561592637,"{""type"":""MultiPoint"",""coordinates"":[]}"
20231125T174851_20231127T101059_1,CENTENARIO,2023-11-25,73.7899005419287,"{""type"":""MultiPoint"",""coordinates"":[]}"
20231125T174851_20231127T101059_2,LA_BOCA,2023-11-25,52.33111343898376,"{""type"":""MultiPoint"",""coordinates"":[]}"
20231126T172945_20231129T123422_0,CORDOBA,2023-11-26,85.8429178622919,"{""type"":""MultiPoint"",""coordinates"":[]}"
20231126T172945_20231129T123422_1,CENTENARIO,2023-11-26,89.93338862680514,"{""type"":""MultiPoint"",""coordinates"":[]}"
20231126T172945_20231129T123422_2,LA_BOCA,2023-11-26,73.46694324924752,"{""type"":""MultiPoint"",""coordinates"":[]}"
20231127T171038_20231130T075345_0,CORDOBA,2023-11-27,56.54099379095068,"{""type"":""MultiPoint"",""coordinates"":[]}"
20231127T171038_20231130T075345_1,CENTENARIO,2023-11-27,84.67460184143177,"{""type"":""MultiPoint"",""coordinates"":[]}"
20231127T171038_20231130T075345_2,LA_BOCA,2023-11-27,48.2330646757367,"{""type"":""MultiPoint"",""coordinates"":[]}"
20231128T165132_20231130T230458_0,CORDOBA,2023-11-28,116.8657264789648,"{""type"":""MultiPoint"",""coordinates"":[]}"
20231128T165132_20231130T230458_1,CENTENARIO,2023-11-28,163.06333021242355,"{""type"":""MultiPoint"",""coordinates"":[]}"
20231128T165132_20231130T230458_2,LA_BOCA,2023-11-28,96.40649751081892,"{""type"":""MultiPoint"",""coordinates"":[]}"
20231130T161319_20231202T083308_0,CORDOBA,2023-11-30,71.78289017782372,"{""type"":""MultiPoint"",""coordinates"":[]}"
20231130T161319_20231202T083308_1,CENTENARIO,2023-11-30,89.23477356609587,"{""type"":""MultiPoint"",""coordinates"":[]}"
20231130T161319_20231202T083308_2,LA_BOCA,2023-11-30,51.78131974924684,"{""type"":""MultiPoint"",""coordinates"":[]}"
20231202T171637_20231204T094120_0,CORDOBA,2023-12-02,95.15127154628333,"{""type"":""MultiPoint"",""coordinates"":[]}"
20231202T171637_20231204T094120_1,CENTENARIO,2023-12-02,100.7905120318441,"{""type"":""MultiPoint"",""coordinates"":[]}"
20231202T171637_20231204T094120_2,LA_BOCA,2023-12-02,119.8712257322028,"{""type"":""MultiPoint"",""coordinates"":[]}"
20231207T172238_20231209T094910_0,CORDOBA,2023-12-07,49.343070566908935,"{""type"":""MultiPoint"",""coordinates"":[]}"
20231207T172238_20231209T094910_1,CENTENARIO,2023-12-07,89.901339101279,"{""type"":""MultiPoint"",""coordinates"":[]}"
20231207T172238_20231209T094910_2,LA_BOCA,2023-12-07,49.339486637916956,"{""type"":""MultiPoint"",""coordinates"":[]}"
20231208T170333_20231210T092959_0,CORDOBA,2023-12-08,55.534496772562555,"{""type"":""MultiPoint"",""coordinates"":[]}"
20231208T170333_20231210T092959_1,CENTENARIO,2023-12-08,81.27230535018715,"{""type"":""MultiPoint"",""coordinates"":[]}"
20231208T170333_20231210T092959_2,LA_BOCA,2023-12-08,62.86787536166996,"{""type"":""MultiPoint"",""coordinates"":[]}"
20231209T164427_20231211T090626_0,CORDOBA,2023-12-09,46.697879922761906,"{""type"":""MultiPoint"",""coordinates"":[]}"
20231209T164427_20231211T090626_1,CENTENARIO,2023-12-09,63.714739356233714,"{""type"":""MultiPoint"",""coordinates"":[]}"
20231209T164427_20231211T090626_2,LA_BOCA,2023-12-09,33.17157552085491,"{""type"":""MultiPoint"",""coordinates"":[]}"
20231210T162522_20231212T084432_0,CORDOBA,2023-12-10,36.92125723645514,"{""type"":""MultiPoint"",""coordinates"":[]}"
20231210T162522_20231212T084432_1,CENTENARIO,2023-12-10,65.70597732252848,"{""type"":""MultiPoint"",""coordinates"":[]}"
20231210T162522_20231212T084432_2,LA_BOCA,2023-12-10,42.63231317678895,"{""type"":""MultiPoint"",""coordinates"":[]}"
20231211T160617_20231213T081228_0,CORDOBA,2023-12-11,38.7181824832379,"{""type"":""MultiPoint"",""coordinates"":[]}"
20231211T160617_20231213T081228_1,CENTENARIO,2023-12-11,42.89078476123343,"{""type"":""MultiPoint"",""coordinates"":[]}"
20231211T160617_20231213T081228_2,LA_BOCA,2023-12-11,39.95735476323948,"{""type"":""MultiPoint"",""coordinates"":[]}"
20231211T174747_20231213T101940_0,CORDOBA,2023-12-11,53.07016265255382,"{""type"":""MultiPoint"",""coordinates"":[]}"
20231211T174747_20231213T101940_1,CENTENARIO,2023-12-11,64.06868660564545,"{""type"":""MultiPoint"",""coordinates"":[]}"
20231211T174747_20231213T101940_2,LA_BOCA,2023-12-11,55.84839402651701,"{""type"":""MultiPoint"",""coordinates"":[]}"
20231212T172842_20231214T094757_0,CORDOBA,2023-12-12,56.50404904752306,"{""type"":""MultiPoint"",""coordinates"":[]}"
20231212T172842_20231214T094757_1,CENTENARIO,2023-12-12,52.084777444442686,"{""type"":""MultiPoint"",""coordinates"":[]}"
20231212T172842_20231214T094757_2,LA_BOCA,2023-12-12,70.28514534476045,"{""type"":""MultiPoint"",""coordinates"":[]}"
20231213T170938_20231215T092155_0,CORDOBA,2023-12-13,438.04122909258575,"{""type"":""MultiPoint"",""coordinates"":[]}"
20231213T170938_20231215T092155_1,CENTENARIO,2023-12-13,320.00396803131423,"{""type"":""MultiPoint"",""coordinates"":[]}"
20231213T170938_20231215T092155_2,LA_BOCA,2023-12-13,398.9115741056275,"{""type"":""MultiPoint"",""coordinates"":[]}"
20231214T165033_20231216T090155_1,CENTENARIO,2023-12-14,70.48945363499371,"{""type"":""MultiPoint"",""coordinates"":[]}"
20231219T165642_20231221T092712_0,CORDOBA,2023-12-19,42.96122652887984,"{""type"":""MultiPoint"",""coordinates"":[]}"
20231219T165642_20231221T092712_1,CENTENARIO,2023-12-19,57.97531113318347,"{""type"":""MultiPoint"",""coordinates"":[]}"
20231219T165642_20231221T092712_2,LA_BOCA,2023-12-19,58.413924350071966,"{""type"":""MultiPoint"",""coordinates"":[]}"
20231220T163738_20231222T085536_0,CORDOBA,2023-12-20,53.0809825466291,"{""type"":""MultiPoint"",""coordinates"":[]}"
20231220T163738_20231222T085536_1,CENTENARIO,2023-12-20,61.75028553878467,"{""type"":""MultiPoint"",""coordinates"":[]}"
20231220T163738_20231222T085536_2,LA_BOCA,2023-12-20,45.34196910042064,"{""type"":""MultiPoint"",""coordinates"":[]}"
20231221T161837_20231223T083526_0,CORDOBA,2023-12-21,93.20881886671584,"{""type"":""MultiPoint"",""coordinates"":[]}"
20231221T161837_20231223T083526_1,CENTENARIO,2023-12-21,91.75640471502838,"{""type"":""MultiPoint"",""coordinates"":[]}"
20231221T161837_20231223T083526_2,LA_BOCA,2023-12-21,75.05806131668812,"{""type"":""MultiPoint"",""coordinates"":[]}"
20231221T180007_20231223T101920_0,CORDOBA,2023-12-21,81.21227280661866,"{""type"":""MultiPoint"",""coordinates"":[]}"
20231221T180007_20231223T101920_1,CENTENARIO,2023-12-21,78.31446963621232,"{""type"":""MultiPoint"",""coordinates"":[]}"
20231221T180007_20231223T101920_2,LA_BOCA,2023-12-21,65.18021701718781,"{""type"":""MultiPoint"",""coordinates"":[]}"
20231222T174105_20231224T100630_0,CORDOBA,2023-12-22,63.52203580339471,"{""type"":""MultiPoint"",""coordinates"":[]}"
20231222T174105_20231224T100630_1,CENTENARIO,2023-12-22,108.18473246984486,"{""type"":""MultiPoint"",""coordinates"":[]}"
20231222T174105_20231224T100630_2,LA_BOCA,2023-12-22,64.04654979494947,"{""type"":""MultiPoint"",""coordinates"":[]}"
20231223T172204_20231225T093503_0,CORDOBA,2023-12-23,165.88416411759957,"{""type"":""MultiPoint"",""coordinates"":[]}"
20231223T172204_20231225T093503_1,CENTENARIO,2023-12-23,185.1874146064897,"{""type"":""MultiPoint"",""coordinates"":[]}"
20231223T172204_20231225T093503_2,LA_BOCA,2023-12-23,193.1114771277419,"{""type"":""MultiPoint"",""coordinates"":[]}"
20231225T164402_20231227T084015_0,CORDOBA,2023-12-25,24.79003907868711,"{""type"":""MultiPoint"",""coordinates"":[]}"
20231225T164402_20231227T084015_1,CENTENARIO,2023-12-25,18.665488654020745,"{""type"":""MultiPoint"",""coordinates"":[]}"
20231225T164402_20231227T084015_2,LA_BOCA,2023-12-25,16.060121245447746,"{""type"":""MultiPoint"",""coordinates"":[]}"
20231226T162501_20231228T083247_0,CORDOBA,2023-12-26,164.20288169023513,"{""type"":""MultiPoint"",""coordinates"":[]}"
20231226T162501_20231228T083247_1,CENTENARIO,2023-12-26,165.75591890828443,"{""type"":""MultiPoint"",""coordinates"":[]}"
20231226T162501_20231228T083247_2,LA_BOCA,2023-12-26,111.26342340932361,"{""type"":""MultiPoint"",""coordinates"":[]}"
20231227T160600_20231229T081343_0,CORDOBA,2023-12-27,30.779708786556984,"{""type"":""MultiPoint"",""coordinates"":[]}"
20231227T160600_20231229T081343_1,CENTENARIO,2023-12-27,30.645177800942836,"{""type"":""MultiPoint"",""coordinates"":[]}"
20231227T160600_20231229T081343_2,LA_BOCA,2023-12-27,42.13645043647839,"{""type"":""MultiPoint"",""coordinates"":[]}"
20231227T174730_20231229T101041_0,CORDOBA,2023-12-27,39.448270674538485,"{""type"":""MultiPoint"",""coordinates"":[]}"
20231227T174730_20231229T101041_1,CENTENARIO,2023-12-27,43.59123713032918,"{""type"":""MultiPoint"",""coordinates"":[]}"
20231227T174730_20231229T101041_2,LA_BOCA,2023-12-27,38.32707551155064,"{""type"":""MultiPoint"",""coordinates"":[]}"
20231229T170929_20231231T093003_0,CORDOBA,2023-12-29,58.03082349837722,"{""type"":""MultiPoint"",""coordinates"":[]}"
20231229T170929_20231231T093003_1,CENTENARIO,2023-12-29,55.70324013079603,"{""type"":""MultiPoint"",""coordinates"":[]}"
20231229T170929_20231231T093003_2,LA_BOCA,2023-12-29,59.12647358402192,"{""type"":""MultiPoint"",""coordinates"":[]}"
20231230T165029_20240101T091827_0,CORDOBA,2023-12-30,75.66590112560594,"{""type"":""MultiPoint"",""coordinates"":[]}"
20231230T165029_20240101T091827_1,CENTENARIO,2023-12-30,72.04323226290532,"{""type"":""MultiPoint"",""coordinates"":[]}"
20231230T165029_20240101T091827_2,LA_BOCA,2023-12-30,66.57183844378567,"{""type"":""MultiPoint"",""coordinates"":[]}"
20231231T163129_20240102T085146_0,CORDOBA,2023-12-31,15.267088475682945,"{""type"":""MultiPoint"",""coordinates"":[]}"
20231231T163129_20240102T085146_1,CENTENARIO,2023-12-31,26.415374059855516,"{""type"":""MultiPoint"",""coordinates"":[]}"
20231231T163129_20240102T085146_2,LA_BOCA,2023-12-31,45.18077774703359,"{""type"":""MultiPoint"",""coordinates"":[]}"
20240101T161228_20240103T082604_0,CORDOBA,2024-01-01,56.75035017269094,"{""type"":""MultiPoint"",""coordinates"":[]}"
20240101T161228_20240103T082604_1,CENTENARIO,2024-01-01,60.8603241268509,"{""type"":""MultiPoint"",""coordinates"":[]}"
20240101T161228_20240103T082604_2,LA_BOCA,2024-01-01,59.541193502764884,"{""type"":""MultiPoint"",""coordinates"":[]}"
20240101T175358_20240103T102515_0,CORDOBA,2024-01-01,52.73405440147705,"{""type"":""MultiPoint"",""coordinates"":[]}"
20240101T175358_20240103T102515_1,CENTENARIO,2024-01-01,59.98974112998784,"{""type"":""MultiPoint"",""coordinates"":[]}"
20240101T175358_20240103T102515_2,LA_BOCA,2024-01-01,62.79619541708033,"{""type"":""MultiPoint"",""coordinates"":[]}"
20240102T173458_20240104T101204_0,CORDOBA,2024-01-02,58.59608334154375,"{""type"":""MultiPoint"",""coordinates"":[]}"
20240102T173458_20240104T101204_1,CENTENARIO,2024-01-02,59.863437986319916,"{""type"":""MultiPoint"",""coordinates"":[]}"
20240102T173458_20240104T101204_2,LA_BOCA,2024-01-02,46.601589754965985,"{""type"":""MultiPoint"",""coordinates"":[]}"
20240103T171558_20240105T094626_0,CORDOBA,2024-01-03,86.9914875601905,"{""type"":""MultiPoint"",""coordinates"":[]}"
20240103T171558_20240105T094626_1,CENTENARIO,2024-01-03,99.5901789406252,"{""type"":""MultiPoint"",""coordinates"":[]}"
20240103T171558_20240105T094626_2,LA_BOCA,2024-01-03,70.72938835936556,"{""type"":""MultiPoint"",""coordinates"":[]}"
20240104T165659_20240106T091653_0,CORDOBA,2024-01-04,77.70759877498651,"{""type"":""MultiPoint"",""coordinates"":[]}"
20240104T165659_20240106T091653_1,CENTENARIO,2024-01-04,109.56858406015515,"{""type"":""MultiPoint"",""coordinates"":[]}"
20240104T165659_20240106T091653_2,LA_BOCA,2024-01-04,66.56352380027911,"{""type"":""MultiPoint"",""coordinates"":[]}"
20240105T163759_20240107T090740_0,CORDOBA,2024-01-05,77.96468003481989,"{""type"":""MultiPoint"",""coordinates"":[]}"
20240105T163759_20240107T090740_1,CENTENARIO,2024-01-05,56.73845679214588,"{""type"":""MultiPoint"",""coordinates"":[]}"
20240105T163759_20240107T090740_2,LA_BOCA,2024-01-05,88.5342571273017,"{""type"":""MultiPoint"",""coordinates"":[]}"
20240106T180029_20240108T102627_0,CORDOBA,2024-01-06,53.83213406853592,"{""type"":""MultiPoint"",""coordinates"":[]}"
20240106T180029_20240108T102627_1,CENTENARIO,2024-01-06,54.458568957055235,"{""type"":""MultiPoint"",""coordinates"":[]}"
20240106T180029_20240108T102627_2,LA_BOCA,2024-01-06,53.62429039873171,"{""type"":""MultiPoint"",""coordinates"":[]}"
20240108T172231_20240110T094447_0,CORDOBA,2024-01-08,245.63697231348664,"{""type"":""MultiPoint"",""coordinates"":[]}"
20240108T172231_20240110T094447_1,CENTENARIO,2024-01-08,215.71841370074895,"{""type"":""MultiPoint"",""coordinates"":[]}"
20240108T172231_20240110T094447_2,LA_BOCA,2024-01-08,304.7634303912514,"{""type"":""MultiPoint"",""coordinates"":[]}"
20240109T170331_20240111T091518_0,CORDOBA,2024-01-09,138.0979221214193,"{""type"":""MultiPoint"",""coordinates"":[]}"
20240109T170331_20240111T091518_1,CENTENARIO,2024-01-09,91.05490609470293,"{""type"":""MultiPoint"",""coordinates"":[]}"
20240109T170331_20240111T091518_2,LA_BOCA,2024-01-09,136.11983124377184,"{""type"":""MultiPoint"",""coordinates"":[]}"
20240110T164432_20240112T085652_0,CORDOBA,2024-01-10,95.69523951763193,"{""type"":""MultiPoint"",""coordinates"":[]}"
20240110T164432_20240112T085652_1,CENTENARIO,2024-01-10,152.6213041004283,"{""type"":""MultiPoint"",""coordinates"":[]}"
20240110T164432_20240112T085652_2,LA_BOCA,2024-01-10,77.20869937623563,"{""type"":""MultiPoint"",""coordinates"":[]}"
20240111T162533_20240113T083434_0,CORDOBA,2024-01-11,62.5113768070808,"{""type"":""MultiPoint"",""coordinates"":[]}"
20240111T162533_20240113T083434_1,CENTENARIO,2024-01-11,84.49199482867306,"{""type"":""MultiPoint"",""coordinates"":[]}"
20240111T162533_20240113T083434_2,LA_BOCA,2024-01-11,47.19286152276249,"{""type"":""MultiPoint"",""coordinates"":[]}"
20240112T160634_20240114T082410_0,CORDOBA,2024-01-12,27.61895327241073,"{""type"":""MultiPoint"",""coordinates"":[]}"
20240112T160634_20240114T082410_1,CENTENARIO,2024-01-12,63.8522274546137,"{""type"":""MultiPoint"",""coordinates"":[]}"
20240112T160634_20240114T082410_2,LA_BOCA,2024-01-12,28.984891746897762,"{""type"":""MultiPoint"",""coordinates"":[]}"
20240112T174804_20240114T100221_0,CORDOBA,2024-01-12,46.0122577647887,"{""type"":""MultiPoint"",""coordinates"":[]}"
20240112T174804_20240114T100221_1,CENTENARIO,2024-01-12,68.27325432358967,"{""type"":""MultiPoint"",""coordinates"":[]}"
20240112T174804_20240114T100221_2,LA_BOCA,2024-01-12,33.109521024669675,"{""type"":""MultiPoint"",""coordinates"":[]}"
20240113T172905_20240115T094321_0,CORDOBA,2024-01-13,42.7705190109414,"{""type"":""MultiPoint"",""coordinates"":[]}"
20240113T172905_20240115T094321_1,CENTENARIO,2024-01-13,39.79252108157701,"{""type"":""MultiPoint"",""coordinates"":[]}"
20240113T172905_20240115T094321_2,LA_BOCA,2024-01-13,46.72074985529833,"{""type"":""MultiPoint"",""coordinates"":[]}"
20240114T171007_20240116T092621_0,CORDOBA,2024-01-14,25.713602292091387,"{""type"":""MultiPoint"",""coordinates"":[]}"
20240114T171007_20240116T092621_1,CENTENARIO,2024-01-14,26.126336814539318,"{""type"":""MultiPoint"",""coordinates"":[]}"
20240115T165108_20240117T091154_0,CORDOBA,2024-01-15,110.72080521840448,"{""type"":""MultiPoint"",""coordinates"":[]}"
20240115T165108_20240117T091154_1,CENTENARIO,2024-01-15,90.87977753820552,"{""type"":""MultiPoint"",""coordinates"":[]}"
20240115T165108_20240117T091154_2,LA_BOCA,2024-01-15,149.17873945613505,"{""type"":""MultiPoint"",""coordinates"":[]}"
20240117T161311_20240119T082544_0,CORDOBA,2024-01-17,38.30288969427481,"{""type"":""MultiPoint"",""coordinates"":[]}"
20240117T161311_20240119T082544_1,CENTENARIO,2024-01-17,47.155658927790235,"{""type"":""MultiPoint"",""coordinates"":[]}"
20240117T161311_20240119T082544_2,LA_BOCA,2024-01-17,50.55063199816387,"{""type"":""MultiPoint"",""coordinates"":[]}"
20240117T175441_20240119T102012_0,CORDOBA,2024-01-17,49.92181932476324,"{""type"":""MultiPoint"",""coordinates"":[]}"
20240117T175441_20240119T102012_1,CENTENARIO,2024-01-17,88.06470028543501,"{""type"":""MultiPoint"",""coordinates"":[]}"
20240117T175441_20240119T102012_2,LA_BOCA,2024-01-17,31.498614997244648,"{""type"":""MultiPoint"",""coordinates"":[]}"
20240118T173543_20240120T095249_0,CORDOBA,2024-01-18,68.66360153056618,"{""type"":""MultiPoint"",""coordinates"":[]}"
20240118T173543_20240120T095249_1,CENTENARIO,2024-01-18,74.95152787258849,"{""type"":""MultiPoint"",""coordinates"":[]}"
20240118T173543_20240120T095249_2,LA_BOCA,2024-01-18,65.14389783804336,"{""type"":""MultiPoint"",""coordinates"":[]}"
20240119T171644_20240121T093534_0,CORDOBA,2024-01-19,156.8319246472564,"{""type"":""MultiPoint"",""coordinates"":[]}"
20240119T171644_20240121T093534_1,CENTENARIO,2024-01-19,128.2293479967983,"{""type"":""MultiPoint"",""coordinates"":[]}"
20240119T171644_20240121T093534_2,LA_BOCA,2024-01-19,114.41544907601626,"{""type"":""MultiPoint"",""coordinates"":[]}"
20240120T165746_20240122T091804_0,CORDOBA,2024-01-20,53.29711239911996,"{""type"":""MultiPoint"",""coordinates"":[]}"
20240120T165746_20240122T091804_1,CENTENARIO,2024-01-20,78.49755157768291,"{""type"":""MultiPoint"",""coordinates"":[]}"
20240120T165746_20240122T091804_2,LA_BOCA,2024-01-20,42.83474498995798,"{""type"":""MultiPoint"",""coordinates"":[]}"
20240121T163848_20240123T085347_0,CORDOBA,2024-01-21,6.033504172726554,"{""type"":""MultiPoint"",""coordinates"":[]}"
20240121T163848_20240123T085347_1,CENTENARIO,2024-01-21,33.23567972096848,"{""type"":""MultiPoint"",""coordinates"":[]}"
20240121T163848_20240123T085347_2,LA_BOCA,2024-01-21,14.1203639475821,"{""type"":""MultiPoint"",""coordinates"":[]}"
20240122T161950_20240124T084356_0,CORDOBA,2024-01-22,22.64382921459716,"{""type"":""MultiPoint"",""coordinates"":[]}"
20240122T161950_20240124T084356_1,CENTENARIO,2024-01-22,70.41086681436592,"{""type"":""MultiPoint"",""coordinates"":[]}"
20240122T161950_20240124T084356_2,LA_BOCA,2024-01-22,19.85998117973787,"{""type"":""MultiPoint"",""coordinates"":[]}"
20240122T180120_20240124T103404_0,CORDOBA,2024-01-22,54.31705107005771,"{""type"":""MultiPoint"",""coordinates"":[]}"
20240122T180120_20240124T103404_1,CENTENARIO,2024-01-22,61.32575962103507,"{""type"":""MultiPoint"",""coordinates"":[]}"
20240122T180120_20240124T103404_2,LA_BOCA,2024-01-22,36.07984476941661,"{""type"":""MultiPoint"",""coordinates"":[]}"
20240123T174222_20240125T100356_0,CORDOBA,2024-01-23,69.71897250598994,"{""type"":""MultiPoint"",""coordinates"":[]}"
20240123T174222_20240125T100356_1,CENTENARIO,2024-01-23,73.72232480391864,"{""type"":""MultiPoint"",""coordinates"":[]}"
20240123T174222_20240125T100356_2,LA_BOCA,2024-01-23,67.58197744363369,"{""type"":""MultiPoint"",""coordinates"":[]}"
20240124T172324_20240126T095114_0,CORDOBA,2024-01-24,54.96255273453298,"{""type"":""MultiPoint"",""coordinates"":[]}"
20240124T172324_20240126T095114_1,CENTENARIO,2024-01-24,76.52624498577204,"{""type"":""MultiPoint"",""coordinates"":[]}"
20240124T172324_20240126T095114_2,LA_BOCA,2024-01-24,51.91401088024404,"{""type"":""MultiPoint"",""coordinates"":[]}"
20240126T164528_20240128T093311_0,CORDOBA,2024-01-26,57.33323406166797,"{""type"":""MultiPoint"",""coordinates"":[]}"
20240126T164528_20240128T093311_1,CENTENARIO,2024-01-26,71.03834458387489,"{""type"":""MultiPoint"",""coordinates"":[]}"
20240126T164528_20240128T093311_2,LA_BOCA,2024-01-26,47.68010846509442,"{""type"":""MultiPoint"",""coordinates"":[]}"
20240127T162630_20240129T083600_0,CORDOBA,2024-01-27,47.082190150015734,"{""type"":""MultiPoint"",""coordinates"":[]}"
20240127T162630_20240129T083600_1,CENTENARIO,2024-01-27,53.38056640590843,"{""type"":""MultiPoint"",""coordinates"":[]}"
20240127T162630_20240129T083600_2,LA_BOCA,2024-01-27,29.452929816071098,"{""type"":""MultiPoint"",""coordinates"":[]}"
20240128T160733_20240131T113714_0,CORDOBA,2024-01-28,29.438709236017004,"{""type"":""MultiPoint"",""coordinates"":[]}"
20240128T160733_20240131T113714_1,CENTENARIO,2024-01-28,30.973887710877033,"{""type"":""MultiPoint"",""coordinates"":[]}"
20240128T160733_20240131T113714_2,LA_BOCA,2024-01-28,8.217034040817616,"{""type"":""MultiPoint"",""coordinates"":[]}"
20240128T174903_20240131T120305_0,CORDOBA,2024-01-28,46.330549428759085,"{""type"":""MultiPoint"",""coordinates"":[]}"
20240128T174903_20240131T120305_1,CENTENARIO,2024-01-28,63.04817803143145,"{""type"":""MultiPoint"",""coordinates"":[]}"
20240128T174903_20240131T120305_2,LA_BOCA,2024-01-28,36.757398100199055,"{""type"":""MultiPoint"",""coordinates"":[]}"
20240129T173005_20240201T105601_0,CORDOBA,2024-01-29,83.87230996938183,"{""type"":""MultiPoint"",""coordinates"":[]}"
20240129T173005_20240201T105601_1,CENTENARIO,2024-01-29,136.67866583378014,"{""type"":""MultiPoint"",""coordinates"":[]}"
20240129T173005_20240201T105601_2,LA_BOCA,2024-01-29,72.77581820405153,"{""type"":""MultiPoint"",""coordinates"":[]}"
20240130T171108_20240202T070201_0,CORDOBA,2024-01-30,132.7072116009301,"{""type"":""MultiPoint"",""coordinates"":[]}"
20240130T171108_20240202T070201_1,CENTENARIO,2024-01-30,133.96578228313567,"{""type"":""MultiPoint"",""coordinates"":[]}"
20240130T171108_20240202T070201_2,LA_BOCA,2024-01-30,148.75525290968937,"{""type"":""MultiPoint"",""coordinates"":[]}"
20240131T165210_20240202T155529_0,CORDOBA,2024-01-31,89.0053597272822,"{""type"":""MultiPoint"",""coordinates"":[]}"
20240131T165210_20240202T155529_1,CENTENARIO,2024-01-31,123.2702106564419,"{""type"":""MultiPoint"",""coordinates"":[]}"
20240131T165210_20240202T155529_2,LA_BOCA,2024-01-31,74.71432244479102,"{""type"":""MultiPoint"",""coordinates"":[]}"
20240201T163313_20240203T084406_0,CORDOBA,2024-02-01,98.0820118151605,"{""type"":""MultiPoint"",""coordinates"":[]}"
20240201T163313_20240203T084406_1,CENTENARIO,2024-02-01,108.86653258687048,"{""type"":""MultiPoint"",""coordinates"":[]}"
20240201T163313_20240203T084406_2,LA_BOCA,2024-02-01,103.58932366547698,"{""type"":""MultiPoint"",""coordinates"":[]}"
20240202T161416_20240204T082055_0,CORDOBA,2024-02-02,56.86101634091622,"{""type"":""MultiPoint"",""coordinates"":[]}"
20240202T161416_20240204T082055_1,CENTENARIO,2024-02-02,84.51853911400362,"{""type"":""MultiPoint"",""coordinates"":[]}"
20240202T161416_20240204T082055_2,LA_BOCA,2024-02-02,56.95790975701029,"{""type"":""MultiPoint"",""coordinates"":[]}"
20240202T175546_20240204T101128_0,CORDOBA,2024-02-02,97.34991936930095,"{""type"":""MultiPoint"",""coordinates"":[]}"
20240202T175546_20240204T101128_1,CENTENARIO,2024-02-02,107.93070903251609,"{""type"":""MultiPoint"",""coordinates"":[]}"
20240202T175546_20240204T101128_2,LA_BOCA,2024-02-02,79.8267680995737,"{""type"":""MultiPoint"",""coordinates"":[]}"
20240204T171752_20240206T093902_0,CORDOBA,2024-02-04,42.81986276514275,"{""type"":""MultiPoint"",""coordinates"":[]}"
20240204T171752_20240206T093902_1,CENTENARIO,2024-02-04,57.71851182148013,"{""type"":""MultiPoint"",""coordinates"":[]}"
20240204T171752_20240206T093902_2,LA_BOCA,2024-02-04,36.98283392351526,"{""type"":""MultiPoint"",""coordinates"":[]}"
20240205T165855_20240207T090736_0,CORDOBA,2024-02-05,68.73124966453804,"{""type"":""MultiPoint"",""coordinates"":[]}"
20240205T165855_20240207T090736_1,CENTENARIO,2024-02-05,101.0450685244829,"{""type"":""MultiPoint"",""coordinates"":[]}"
20240205T165855_20240207T090736_2,LA_BOCA,2024-02-05,50.80164979318132,"{""type"":""MultiPoint"",""coordinates"":[]}"
20240211T164643_20240213T085719_0,CORDOBA,2024-02-11,99.81176001212008,"{""type"":""MultiPoint"",""coordinates"":[]}"
20240211T164643_20240213T085719_1,CENTENARIO,2024-02-11,85.43936205190309,"{""type"":""MultiPoint"",""coordinates"":[]}"
20240211T164643_20240213T085719_2,LA_BOCA,2024-02-11,139.36501423822017,"{""type"":""MultiPoint"",""coordinates"":[]}"
20240213T160850_20240215T081036_0,CORDOBA,2024-02-13,29.62315711110052,"{""type"":""MultiPoint"",""coordinates"":[]}"
20240213T160850_20240215T081036_1,CENTENARIO,2024-02-13,48.1208886019138,"{""type"":""MultiPoint"",""coordinates"":[]}"
20240213T160850_20240215T081036_2,LA_BOCA,2024-02-13,33.405207369450174,"{""type"":""MultiPoint"",""coordinates"":[]}"
20240213T175020_20240215T101452_0,CORDOBA,2024-02-13,60.30425291204051,"{""type"":""MultiPoint"",""coordinates"":[]}"
20240213T175020_20240215T101452_1,CENTENARIO,2024-02-13,60.56908568804477,"{""type"":""MultiPoint"",""coordinates"":[]}"
20240213T175020_20240215T101452_2,LA_BOCA,2024-02-13,49.39536688938005,"{""type"":""MultiPoint"",""coordinates"":[]}"
20240214T173123_20240216T095502_0,CORDOBA,2024-02-14,51.35284951445888,"{""type"":""MultiPoint"",""coordinates"":[]}"
20240214T173123_20240216T095502_1,CENTENARIO,2024-02-14,83.93816066290516,"{""type"":""MultiPoint"",""coordinates"":[]}"
20240214T173123_20240216T095502_2,LA_BOCA,2024-02-14,51.118172177864984,"{""type"":""MultiPoint"",""coordinates"":[]}"
20240215T171227_20240217T093849_0,CORDOBA,2024-02-15,76.14142745389924,"{""type"":""MultiPoint"",""coordinates"":[]}"
20240215T171227_20240217T093849_1,CENTENARIO,2024-02-15,83.69440162390678,"{""type"":""MultiPoint"",""coordinates"":[]}"
20240215T171227_20240217T093849_2,LA_BOCA,2024-02-15,62.42488423848359,"{""type"":""MultiPoint"",""coordinates"":[]}"
20240216T165330_20240222T093728_0,CORDOBA,2024-02-16,51.340845341434495,"{""type"":""MultiPoint"",""coordinates"":[]}"
20240216T165330_20240222T093728_1,CENTENARIO,2024-02-16,76.21986794803144,"{""type"":""MultiPoint"",""coordinates"":[]}"
20240216T165330_20240222T093728_2,LA_BOCA,2024-02-16,34.14143555149921,"{""type"":""MultiPoint"",""coordinates"":[]}"
20240217T163433_20240219T192542_0,CORDOBA,2024-02-17,60.93671319858584,"{""type"":""MultiPoint"",""coordinates"":[]}"
20240217T163433_20240219T192542_1,CENTENARIO,2024-02-17,70.80434131685884,"{""type"":""MultiPoint"",""coordinates"":[]}"
20240217T163433_20240219T192542_2,LA_BOCA,2024-02-17,57.07708348881591,"{""type"":""MultiPoint"",""coordinates"":[]}"
20240219T173811_20240221T150854_0,CORDOBA,2024-02-19,80.8099911251966,"{""type"":""MultiPoint"",""coordinates"":[]}"
20240219T173811_20240221T150854_1,CENTENARIO,2024-02-19,96.86311093749005,"{""type"":""MultiPoint"",""coordinates"":[]}"
20240219T173811_20240221T150854_2,LA_BOCA,2024-02-19,57.6413476727179,"{""type"":""MultiPoint"",""coordinates"":[]}"
20240220T171914_20240222T100047_0,CORDOBA,2024-02-20,94.14861353502181,"{""type"":""MultiPoint"",""coordinates"":[]}"
20240220T171914_20240222T100047_1,CENTENARIO,2024-02-20,141.94148353997775,"{""type"":""MultiPoint"",""coordinates"":[]}"
20240220T171914_20240222T100047_2,LA_BOCA,2024-02-20,71.87906023373102,"{""type"":""MultiPoint"",""coordinates"":[]}"
20240221T170018_20240223T091327_0,CORDOBA,2024-02-21,80.6929378594283,"{""type"":""MultiPoint"",""coordinates"":[]}"
20240221T170018_20240223T091327_1,CENTENARIO,2024-02-21,98.6148128060378,"{""type"":""MultiPoint"",""coordinates"":[]}"
20240221T170018_20240223T091327_2,LA_BOCA,2024-02-21,71.67513382571215,"{""type"":""MultiPoint"",""coordinates"":[]}"
20240222T164123_20240224T085322_0,CORDOBA,2024-02-22,90.21757116339484,"{""type"":""MultiPoint"",""coordinates"":[]}"
20240222T164123_20240224T085322_1,CENTENARIO,2024-02-22,115.08447020002724,"{""type"":""MultiPoint"",""coordinates"":[]}"
20240222T164123_20240224T085322_2,LA_BOCA,2024-02-22,62.239482524962234,"{""type"":""MultiPoint"",""coordinates"":[]}"
20240224T174505_20240226T100335_0,CORDOBA,2024-02-24,32.93166077981522,"{""type"":""MultiPoint"",""coordinates"":[]}"
20240224T174505_20240226T100335_1,CENTENARIO,2024-02-24,34.243434047203124,"{""type"":""MultiPoint"",""coordinates"":[]}"
20240224T174505_20240226T100335_2,LA_BOCA,2024-02-24,28.776349740378127,"{""type"":""MultiPoint"",""coordinates"":[]}"
20240227T164822_20240229T091024_0,CORDOBA,2024-02-27,161.51214299080553,"{""type"":""MultiPoint"",""coordinates"":[]}"
20240227T164822_20240229T091024_1,CENTENARIO,2024-02-27,242.3758339008392,"{""type"":""MultiPoint"",""coordinates"":[]}"
20240227T164822_20240229T091024_2,LA_BOCA,2024-02-27,107.36146236294246,"{""type"":""MultiPoint"",""coordinates"":[]}"
20240228T162928_20240301T084320_0,CORDOBA,2024-02-28,52.160135457121186,"{""type"":""MultiPoint"",""coordinates"":[]}"
20240228T162928_20240301T084320_1,CENTENARIO,2024-02-28,153.2791144664567,"{""type"":""MultiPoint"",""coordinates"":[]}"
20240228T162928_20240301T084320_2,LA_BOCA,2024-02-28,63.97232918676564,"{""type"":""MultiPoint"",""coordinates"":[]}"
20240301T173310_20240303T094657_0,CORDOBA,2024-03-01,71.82608356397701,"{""type"":""MultiPoint"",""coordinates"":[]}"
20240301T173310_20240303T094657_1,CENTENARIO,2024-03-01,86.52028048858004,"{""type"":""MultiPoint"",""coordinates"":[]}"
20240301T173310_20240303T094657_2,LA_BOCA,2024-03-01,69.48877152084162,"{""type"":""MultiPoint"",""coordinates"":[]}"
20240303T165521_20240305T090839_0,CORDOBA,2024-03-03,85.24422485016277,"{""type"":""MultiPoint"",""coordinates"":[]}"
20240303T165521_20240305T090839_1,CENTENARIO,2024-03-03,81.32968013737013,"{""type"":""MultiPoint"",""coordinates"":[]}"
20240303T165521_20240305T090839_2,LA_BOCA,2024-03-03,70.15608438865146,"{""type"":""MultiPoint"",""coordinates"":[]}"
20240304T163627_20240306T084611_0,CORDOBA,2024-03-04,247.88149801306673,"{""type"":""MultiPoint"",""coordinates"":[]}"
20240304T163627_20240306T084611_1,CENTENARIO,2024-03-04,242.24355823351905,"{""type"":""MultiPoint"",""coordinates"":[]}"
20240304T163627_20240306T084611_2,LA_BOCA,2024-03-04,268.73253993400886,"{""type"":""MultiPoint"",""coordinates"":[]}"
20240305T161733_20240307T082634_0,CORDOBA,2024-03-05,166.85280575077823,"{""type"":""MultiPoint"",""coordinates"":[]}"
20240305T161733_20240307T082634_1,CENTENARIO,2024-03-05,173.1081344355912,"{""type"":""MultiPoint"",""coordinates"":[]}"
20240305T161733_20240307T082634_2,LA_BOCA,2024-03-05,142.11166679816182,"{""type"":""MultiPoint"",""coordinates"":[]}"
20240305T175903_20240307T100936_0,CORDOBA,2024-03-05,182.80188303310965,"{""type"":""MultiPoint"",""coordinates"":[]}"
20240305T175903_20240307T100936_1,CENTENARIO,2024-03-05,182.64323622984116,"{""type"":""MultiPoint"",""coordinates"":[]}"
20240305T175903_20240307T100936_2,LA_BOCA,2024-03-05,147.11947082164556,"{""type"":""MultiPoint"",""coordinates"":[]}"
20240306T174009_20240308T100105_0,CORDOBA,2024-03-06,67.57666509249171,"{""type"":""MultiPoint"",""coordinates"":[]}"
20240306T174009_20240308T100105_1,CENTENARIO,2024-03-06,76.66413512233255,"{""type"":""MultiPoint"",""coordinates"":[]}"
20240306T174009_20240308T100105_2,LA_BOCA,2024-03-06,96.29455723023682,"{""type"":""MultiPoint"",""coordinates"":[]}"
20240307T172115_20240309T074041_0,CORDOBA,2024-03-07,119.96409823106508,"{""type"":""MultiPoint"",""coordinates"":[]}"
20240307T172115_20240309T074041_1,CENTENARIO,2024-03-07,109.3093951472199,"{""type"":""MultiPoint"",""coordinates"":[]}"
20240307T172115_20240309T074041_2,LA_BOCA,2024-03-07,112.0934912272568,"{""type"":""MultiPoint"",""coordinates"":[]}"
20240308T170220_20240310T091255_0,CORDOBA,2024-03-08,104.67390733234585,"{""type"":""MultiPoint"",""coordinates"":[]}"
20240308T170220_20240310T091255_1,CENTENARIO,2024-03-08,140.41109317701017,"{""type"":""MultiPoint"",""coordinates"":[]}"
20240308T170220_20240310T091255_2,LA_BOCA,2024-03-08,91.5816550609852,"{""type"":""MultiPoint"",""coordinates"":[]}"
20240309T164326_20240311T084033_0,CORDOBA,2024-03-09,111.78115667973528,"{""type"":""MultiPoint"",""coordinates"":[]}"
20240309T164326_20240311T084033_1,CENTENARIO,2024-03-09,108.91063319005568,"{""type"":""MultiPoint"",""coordinates"":[]}"
20240309T164326_20240311T084033_2,LA_BOCA,2024-03-09,104.07772401646356,"{""type"":""MultiPoint"",""coordinates"":[]}"
20240317T173516_20240319T233608_0,CORDOBA,2024-03-17,34.976182143302495,"{""type"":""MultiPoint"",""coordinates"":[]}"
20240317T173516_20240319T233608_1,CENTENARIO,2024-03-17,29.950138199966865,"{""type"":""MultiPoint"",""coordinates"":[]}"
20240317T173516_20240319T233608_2,LA_BOCA,2024-03-17,29.32095615825169,"{""type"":""MultiPoint"",""coordinates"":[]}"
20240319T165728_20240322T123806_0,CORDOBA,2024-03-19,47.46601527066701,"{""type"":""MultiPoint"",""coordinates"":[]}"
20240319T165728_20240322T123806_1,CENTENARIO,2024-03-19,78.47548313780851,"{""type"":""MultiPoint"",""coordinates"":[]}"
20240319T165728_20240322T123806_2,LA_BOCA,2024-03-19,41.55846800056808,"{""type"":""MultiPoint"",""coordinates"":[]}"
20240321T161940_20240323T221838_0,CORDOBA,2024-03-21,73.08906477537819,"{""type"":""MultiPoint"",""coordinates"":[]}"
20240321T161940_20240323T221838_1,CENTENARIO,2024-03-21,74.98339090916986,"{""type"":""MultiPoint"",""coordinates"":[]}"
20240321T161940_20240323T221838_2,LA_BOCA,2024-03-21,51.18155079720087,"{""type"":""MultiPoint"",""coordinates"":[]}"
20240321T180110_20240324T000610_0,CORDOBA,2024-03-21,87.40398198969618,"{""type"":""MultiPoint"",""coordinates"":[]}"
20240321T180110_20240324T000610_1,CENTENARIO,2024-03-21,80.03831079128217,"{""type"":""MultiPoint"",""coordinates"":[]}"
20240321T180110_20240324T000610_2,LA_BOCA,2024-03-21,64.94691251092455,"{""type"":""MultiPoint"",""coordinates"":[]}"
20240322T174216_20240324T141357_0,CORDOBA,2024-03-22,65.75212605553718,"{""type"":""MultiPoint"",""coordinates"":[]}"
20240322T174216_20240324T141357_1,CENTENARIO,2024-03-22,74.59939103946095,"{""type"":""MultiPoint"",""coordinates"":[]}"
20240322T174216_20240324T141357_2,LA_BOCA,2024-03-22,67.3793895691897,"{""type"":""MultiPoint"",""coordinates"":[]}"
20240323T172322_20240325T093337_0,CORDOBA,2024-03-23,50.19608925847938,"{""type"":""MultiPoint"",""coordinates"":[]}"
20240323T172322_20240325T093337_1,CENTENARIO,2024-03-23,42.400468474901785,"{""type"":""MultiPoint"",""coordinates"":[]}"
20240323T172322_20240325T093337_2,LA_BOCA,2024-03-23,46.053851763890805,"{""type"":""MultiPoint"",""coordinates"":[]}"
20240324T170428_20240326T091505_0,CORDOBA,2024-03-24,185.93879581219215,"{""type"":""MultiPoint"",""coordinates"":[]}"
20240324T170428_20240326T091505_1,CENTENARIO,2024-03-24,115.40751040097676,"{""type"":""MultiPoint"",""coordinates"":[]}"
20240324T170428_20240326T091505_2,LA_BOCA,2024-03-24,205.9688309353991,"{""type"":""MultiPoint"",""coordinates"":[]}"
20240325T164534_20240327T090746_0,CORDOBA,2024-03-25,125.5313814766048,"{""type"":""MultiPoint"",""coordinates"":[]}"
20240325T164534_20240327T090746_1,CENTENARIO,2024-03-25,242.59360318557475,"{""type"":""MultiPoint"",""coordinates"":[]}"
20240325T164534_20240327T090746_2,LA_BOCA,2024-03-25,153.5020578043579,"{""type"":""MultiPoint"",""coordinates"":[]}"
20240326T162640_20240328T084214_0,CORDOBA,2024-03-26,90.85193082458935,"{""type"":""MultiPoint"",""coordinates"":[]}"
20240326T162640_20240328T084214_1,CENTENARIO,2024-03-26,89.33206005721593,"{""type"":""MultiPoint"",""coordinates"":[]}"
20240326T162640_20240328T084214_2,LA_BOCA,2024-03-26,96.66075396970014,"{""type"":""MultiPoint"",""coordinates"":[]}"
20240326T180810_20240328T103100_0,CORDOBA,2024-03-26,121.04322125887651,"{""type"":""MultiPoint"",""coordinates"":[]}"
20240326T180810_20240328T103100_1,CENTENARIO,2024-03-26,118.71504415436854,"{""type"":""MultiPoint"",""coordinates"":[]}"
20240326T180810_20240328T103100_2,LA_BOCA,2024-03-26,102.3601803801158,"{""type"":""MultiPoint"",""coordinates"":[]}"
20240327T174916_20240329T235110_0,CORDOBA,2024-03-27,215.16298266366633,"{""type"":""MultiPoint"",""coordinates"":[]}"
20240327T174916_20240329T235110_1,CENTENARIO,2024-03-27,240.19846072117102,"{""type"":""MultiPoint"",""coordinates"":[]}"
20240327T174916_20240329T235110_2,LA_BOCA,2024-03-27,240.97267530678712,"{""type"":""MultiPoint"",""coordinates"":[]}"
20240328T173022_20240330T132712_0,CORDOBA,2024-03-28,115.25419751869066,"{""type"":""MultiPoint"",""coordinates"":[]}"
20240328T173022_20240330T132712_1,CENTENARIO,2024-03-28,154.67372344171065,"{""type"":""MultiPoint"",""coordinates"":[]}"
20240328T173022_20240330T132712_2,LA_BOCA,2024-03-28,122.59999935948446,"{""type"":""MultiPoint"",""coordinates"":[]}"
20240329T171128_20240331T093408_0,CORDOBA,2024-03-29,40.2202086291075,"{""type"":""MultiPoint"",""coordinates"":[]}"
20240329T171128_20240331T093408_1,CENTENARIO,2024-03-29,47.90297744333884,"{""type"":""MultiPoint"",""coordinates"":[]}"
20240329T171128_20240331T093408_2,LA_BOCA,2024-03-29,56.89941584042368,"{""type"":""MultiPoint"",""coordinates"":[]}"
20240330T165233_20240401T090840_0,CORDOBA,2024-03-30,90.22405622359771,"{""type"":""MultiPoint"",""coordinates"":[]}"
20240330T165233_20240401T090840_1,CENTENARIO,2024-03-30,114.53166067778001,"{""type"":""MultiPoint"",""coordinates"":[]}"
20240330T165233_20240401T090840_2,LA_BOCA,2024-03-30,126.20337758935992,"{""type"":""MultiPoint"",""coordinates"":[]}"
20240402T173720_20240404T114459_0,CORDOBA,2024-04-02,20.477894210158397,"{""type"":""MultiPoint"",""coordinates"":[]}"
20240402T173720_20240404T114459_1,CENTENARIO,2024-04-02,23.850701877349135,"{""type"":""MultiPoint"",""coordinates"":[]}"
20240402T173720_20240404T114459_2,LA_BOCA,2024-04-02,17.39304915280093,"{""type"":""MultiPoint"",""coordinates"":[]}"
20240403T171826_20240405T093547_1,CENTENARIO,2024-04-03,61.68365520098709,"{""type"":""MultiPoint"",""coordinates"":[]}"
20240404T165931_20240407T013609_0,CORDOBA,2024-04-04,93.1548724421598,"{""type"":""MultiPoint"",""coordinates"":[]}"
20240404T165931_20240407T013609_1,CENTENARIO,2024-04-04,154.76750893447124,"{""type"":""MultiPoint"",""coordinates"":[]}"
20240404T165931_20240407T013609_2,LA_BOCA,2024-04-04,114.05056733684799,"{""type"":""MultiPoint"",""coordinates"":[]}"
20240405T164036_20240407T173430_0,CORDOBA,2024-04-05,208.05049977754612,"{""type"":""MultiPoint"",""coordinates"":[]}"
20240405T164036_20240407T173430_1,CENTENARIO,2024-04-05,224.73562858925914,"{""type"":""MultiPoint"",""coordinates"":[]}"
20240405T164036_20240407T173430_2,LA_BOCA,2024-04-05,214.5880248289648,"{""type"":""MultiPoint"",""coordinates"":[]}"
20240407T174417_20240409T100303_0,CORDOBA,2024-04-07,51.74721505815686,"{""type"":""MultiPoint"",""coordinates"":[]}"
20240407T174417_20240409T100303_1,CENTENARIO,2024-04-07,76.75297066916805,"{""type"":""MultiPoint"",""coordinates"":[]}"
20240407T174417_20240409T100303_2,LA_BOCA,2024-04-07,36.147052063388266,"{""type"":""MultiPoint"",""coordinates"":[]}"
20240408T172522_20240410T093809_0,CORDOBA,2024-04-08,50.149364188598845,"{""type"":""MultiPoint"",""coordinates"":[]}"
20240408T172522_20240410T093809_1,CENTENARIO,2024-04-08,46.426006290097945,"{""type"":""MultiPoint"",""coordinates"":[]}"
20240408T172522_20240410T093809_2,LA_BOCA,2024-04-08,58.53261298092538,"{""type"":""MultiPoint"",""coordinates"":[]}"
20240409T170627_20240411T092659_0,CORDOBA,2024-04-09,136.7829986602863,"{""type"":""MultiPoint"",""coordinates"":[]}"
20240409T170627_20240411T092659_1,CENTENARIO,2024-04-09,109.63675733428443,"{""type"":""MultiPoint"",""coordinates"":[]}"
20240409T170627_20240411T092659_2,LA_BOCA,2024-04-09,138.39118731820417,"{""type"":""MultiPoint"",""coordinates"":[]}"
20240410T164733_20240413T140549_0,CORDOBA,2024-04-10,86.56525329840836,"{""type"":""MultiPoint"",""coordinates"":[]}"
20240410T164733_20240413T140549_1,CENTENARIO,2024-04-10,118.23426428660066,"{""type"":""MultiPoint"",""coordinates"":[]}"
20240410T164733_20240413T140549_2,LA_BOCA,2024-04-10,60.4710947116696,"{""type"":""MultiPoint"",""coordinates"":[]}"
20240417T161636_20240420T192548_0,CORDOBA,2024-04-17,53.16949441652236,"{""type"":""MultiPoint"",""coordinates"":[]}"
20240417T161636_20240420T192548_1,CENTENARIO,2024-04-17,55.3799728880981,"{""type"":""MultiPoint"",""coordinates"":[]}"
20240417T161636_20240420T192548_2,LA_BOCA,2024-04-17,60.81793936482604,"{""type"":""MultiPoint"",""coordinates"":[]}"
20240417T175806_20240421T011952_0,CORDOBA,2024-04-17,50.98999828312402,"{""type"":""MultiPoint"",""coordinates"":[]}"
20240417T175806_20240421T011952_1,CENTENARIO,2024-04-17,48.90563170771217,"{""type"":""MultiPoint"",""coordinates"":[]}"
20240417T175806_20240421T011952_2,LA_BOCA,2024-04-17,52.457163304149084,"{""type"":""MultiPoint"",""coordinates"":[]}"
20240418T173911_20240421T105807_0,CORDOBA,2024-04-18,206.771343922814,"{""type"":""MultiPoint"",""coordinates"":[]}"
20240418T173911_20240421T105807_1,CENTENARIO,2024-04-18,229.43578705907208,"{""type"":""MultiPoint"",""coordinates"":[]}"
20240418T173911_20240421T105807_2,LA_BOCA,2024-04-18,263.35077168183074,"{""type"":""MultiPoint"",""coordinates"":[]}"
20240419T172015_20240422T050718_0,CORDOBA,2024-04-19,85.17316676884279,"{""type"":""MultiPoint"",""coordinates"":[]}"
20240419T172015_20240422T050718_1,CENTENARIO,2024-04-19,100.67317215338373,"{""type"":""MultiPoint"",""coordinates"":[]}"
20240419T172015_20240422T050718_2,LA_BOCA,2024-04-19,114.23888021092206,"{""type"":""MultiPoint"",""coordinates"":[]}"
20240420T170119_20240422T162929_0,CORDOBA,2024-04-20,57.49926338930214,"{""type"":""MultiPoint"",""coordinates"":[]}"
20240420T170119_20240422T162929_1,CENTENARIO,2024-04-20,108.89632540913054,"{""type"":""MultiPoint"",""coordinates"":[]}"
20240420T170119_20240422T162929_2,LA_BOCA,2024-04-20,49.53513055412119,"{""type"":""MultiPoint"",""coordinates"":[]}"
20240423T174601_20240425T171317_0,CORDOBA,2024-04-23,106.55017497903341,"{""type"":""MultiPoint"",""coordinates"":[]}"
20240423T174601_20240425T171317_1,CENTENARIO,2024-04-23,89.2031089529823,"{""type"":""MultiPoint"",""coordinates"":[]}"
20240423T174601_20240425T171317_2,LA_BOCA,2024-04-23,95.38681928050981,"{""type"":""MultiPoint"",""coordinates"":[]}"
20240424T172704_20240426T192527_0,CORDOBA,2024-04-24,237.24349556322852,"{""type"":""MultiPoint"",""coordinates"":[]}"
20240424T172704_20240426T192527_1,CENTENARIO,2024-04-24,253.81527838496945,"{""type"":""MultiPoint"",""coordinates"":[]}"
20240424T172704_20240426T192527_2,LA_BOCA,2024-04-24,195.60432989465116,"{""type"":""MultiPoint"",""coordinates"":[]}"
20240428T161118_20240501T162434_2,LA_BOCA,2024-04-28,98.67863043581168,"{""type"":""MultiPoint"",""coordinates"":[]}"
20240428T175248_20240501T163254_0,CORDOBA,2024-04-28,130.046119941249,"{""type"":""MultiPoint"",""coordinates"":[]}"
20240428T175248_20240501T163254_1,CENTENARIO,2024-04-28,128.6772742181154,"{""type"":""MultiPoint"",""coordinates"":[]}"
20240428T175248_20240501T163254_2,LA_BOCA,2024-04-28,147.26007888779452,"{""type"":""MultiPoint"",""coordinates"":[]}"
20240502T163659_20240505T061926_0,CORDOBA,2024-05-02,115.89472194311243,"{""type"":""MultiPoint"",""coordinates"":[]}"
20240502T163659_20240505T061926_1,CENTENARIO,2024-05-02,90.44624683572152,"{""type"":""MultiPoint"",""coordinates"":[]}"
20240502T163659_20240505T061926_2,LA_BOCA,2024-05-02,91.23329079745584,"{""type"":""MultiPoint"",""coordinates"":[]}"
20240503T161802_20240507T014049_0,CORDOBA,2024-05-03,73.60436024184972,"{""type"":""MultiPoint"",""coordinates"":[]}"
20240503T161802_20240507T014049_1,CENTENARIO,2024-05-03,96.6357435654408,"{""type"":""MultiPoint"",""coordinates"":[]}"
20240503T161802_20240507T014049_2,LA_BOCA,2024-05-03,86.8344766768334,"{""type"":""MultiPoint"",""coordinates"":[]}"
20240503T175932_20240507T014735_0,CORDOBA,2024-05-03,37.7597315556598,"{""type"":""MultiPoint"",""coordinates"":[]}"
20240503T175932_20240507T014735_2,LA_BOCA,2024-05-03,38.18684808229573,"{""type"":""MultiPoint"",""coordinates"":[]}"
20240508T162443_20240510T083447_0,CORDOBA,2024-05-08,67.84305703745345,"{""type"":""MultiPoint"",""coordinates"":[]}"
20240508T162443_20240510T083447_1,CENTENARIO,2024-05-08,50.02467029165843,"{""type"":""MultiPoint"",""coordinates"":[]}"
20240508T162443_20240510T083447_2,LA_BOCA,2024-05-08,66.56237504882435,"{""type"":""MultiPoint"",""coordinates"":[]}"
20240508T180613_20240510T102202_0,CORDOBA,2024-05-08,62.55568850884806,"{""type"":""MultiPoint"",""coordinates"":[]}"
20240508T180613_20240510T102202_1,CENTENARIO,2024-05-08,62.55947286570345,"{""type"":""MultiPoint"",""coordinates"":[]}"
20240508T180613_20240510T102202_2,LA_BOCA,2024-05-08,64.06513011367718,"{""type"":""MultiPoint"",""coordinates"":[]}"
20240509T174715_20240511T100001_0,CORDOBA,2024-05-09,353.4969293647897,"{""type"":""MultiPoint"",""coordinates"":[]}"
20240509T174715_20240511T100001_1,CENTENARIO,2024-05-09,406.72789361443847,"{""type"":""MultiPoint"",""coordinates"":[]}"
20240509T174715_20240511T100001_2,LA_BOCA,2024-05-09,288.4262984788537,"{""type"":""MultiPoint"",""coordinates"":[]}"
20240510T172817_20240512T094026_0,CORDOBA,2024-05-10,152.282730338113,"{""type"":""MultiPoint"",""coordinates"":[]}"
20240510T172817_20240512T094026_1,CENTENARIO,2024-05-10,258.9156291038994,"{""type"":""MultiPoint"",""coordinates"":[]}"
20240510T172817_20240512T094026_2,LA_BOCA,2024-05-10,121.55351535651484,"{""type"":""MultiPoint"",""coordinates"":[]}"
20240511T170919_20240513T184839_0,CORDOBA,2024-05-11,62.85607741576411,"{""type"":""MultiPoint"",""coordinates"":[]}"
20240511T170919_20240513T184839_1,CENTENARIO,2024-05-11,86.77331724401753,"{""type"":""MultiPoint"",""coordinates"":[]}"
20240511T170919_20240513T184839_2,LA_BOCA,2024-05-11,63.33249636876792,"{""type"":""MultiPoint"",""coordinates"":[]}"
20240513T163121_20240515T094133_0,CORDOBA,2024-05-13,115.90155123373403,"{""type"":""MultiPoint"",""coordinates"":[]}"
20240513T163121_20240515T094133_2,LA_BOCA,2024-05-13,115.90155367308996,"{""type"":""MultiPoint"",""coordinates"":[]}"
20240513T181252_20240515T103232_0,CORDOBA,2024-05-13,103.1740574573246,"{""type"":""MultiPoint"",""coordinates"":[]}"
20240513T181252_20240515T103232_1,CENTENARIO,2024-05-13,103.27021087666704,"{""type"":""MultiPoint"",""coordinates"":[]}"
20240513T181252_20240515T103232_2,LA_BOCA,2024-05-13,96.1300859707122,"{""type"":""MultiPoint"",""coordinates"":[]}"
20240514T175352_20240516T100827_0,CORDOBA,2024-05-14,125.46643051680739,"{""type"":""MultiPoint"",""coordinates"":[]}"
20240514T175352_20240516T100827_1,CENTENARIO,2024-05-14,102.13941561762708,"{""type"":""MultiPoint"",""coordinates"":[]}"
20240514T175352_20240516T100827_2,LA_BOCA,2024-05-14,121.1179777790676,"{""type"":""MultiPoint"",""coordinates"":[]}"
20240515T173453_20240517T095600_0,CORDOBA,2024-05-15,148.6130113880136,"{""type"":""MultiPoint"",""coordinates"":[]}"
20240515T173453_20240517T095600_1,CENTENARIO,2024-05-15,121.23830475038423,"{""type"":""MultiPoint"",""coordinates"":[]}"
20240515T173453_20240517T095600_2,LA_BOCA,2024-05-15,157.58573797640312,"{""type"":""MultiPoint"",""coordinates"":[]}"
20240516T171554_20240518T093837_0,CORDOBA,2024-05-16,221.16873559554892,"{""type"":""MultiPoint"",""coordinates"":[]}"
20240516T171554_20240518T093837_1,CENTENARIO,2024-05-16,241.78464514326336,"{""type"":""MultiPoint"",""coordinates"":[]}"
20240516T171554_20240518T093837_2,LA_BOCA,2024-05-16,251.9542686457208,"{""type"":""MultiPoint"",""coordinates"":[]}"
20240517T165655_20240519T091613_0,CORDOBA,2024-05-17,144.37479899486348,"{""type"":""MultiPoint"",""coordinates"":[]}"
20240517T165655_20240519T091613_1,CENTENARIO,2024-05-17,140.61995041961535,"{""type"":""MultiPoint"",""coordinates"":[]}"
20240517T165655_20240519T091613_2,LA_BOCA,2024-05-17,137.6320868045416,"{""type"":""MultiPoint"",""coordinates"":[]}"
20240518T163755_20240520T085647_2,LA_BOCA,2024-05-18,147.1799586659089,"{""type"":""MultiPoint"",""coordinates"":[]}"
20240519T161856_20240521T083750_0,CORDOBA,2024-05-19,354.54707346056097,"{""type"":""MultiPoint"",""coordinates"":[]}"
20240519T161856_20240521T083750_1,CENTENARIO,2024-05-19,352.0319557256982,"{""type"":""MultiPoint"",""coordinates"":[]}"
20240519T161856_20240521T083750_2,LA_BOCA,2024-05-19,323.30535853277837,"{""type"":""MultiPoint"",""coordinates"":[]}"
20240519T180026_20240521T101741_0,CORDOBA,2024-05-19,300.63296321935627,"{""type"":""MultiPoint"",""coordinates"":[]}"
20240519T180026_20240521T101741_1,CENTENARIO,2024-05-19,300.63296216080556,"{""type"":""MultiPoint"",""coordinates"":[]}"
20240519T180026_20240521T101741_2,LA_BOCA,2024-05-19,309.93341205463435,"{""type"":""MultiPoint"",""coordinates"":[]}"
20240520T174126_20240522T095729_0,CORDOBA,2024-05-20,76.00227221435111,"{""type"":""MultiPoint"",""coordinates"":[]}"
20240520T174126_20240522T095729_1,CENTENARIO,2024-05-20,85.20230983459665,"{""type"":""MultiPoint"",""coordinates"":[]}"
20240520T174126_20240522T095729_2,LA_BOCA,2024-05-20,85.89019369245314,"{""type"":""MultiPoint"",""coordinates"":[]}"
20240524T162525_20240526T083349_0,CORDOBA,2024-05-24,102.47477470806724,"{""type"":""MultiPoint"",""coordinates"":[]}"
20240524T162525_20240526T083349_1,CENTENARIO,2024-05-24,104.15596355853354,"{""type"":""MultiPoint"",""coordinates"":[]}"
20240524T162525_20240526T083349_2,LA_BOCA,2024-05-24,74.63059313197239,"{""type"":""MultiPoint"",""coordinates"":[]}"
20240525T174754_20240527T095746_0,CORDOBA,2024-05-25,139.518734901839,"{""type"":""MultiPoint"",""coordinates"":[]}"
20240525T174754_20240527T095746_1,CENTENARIO,2024-05-25,115.44015338431231,"{""type"":""MultiPoint"",""coordinates"":[]}"
20240525T174754_20240527T095746_2,LA_BOCA,2024-05-25,132.42331671438802,"{""type"":""MultiPoint"",""coordinates"":[]}"
20240526T172854_20240528T094207_2,LA_BOCA,2024-05-26,44.68163214454536,"{""type"":""MultiPoint"",""coordinates"":[]}"
20240528T165052_20240530T135521_0,CORDOBA,2024-05-28,151.7932378594076,"{""type"":""MultiPoint"",""coordinates"":[]}"
20240528T165052_20240530T135521_1,CENTENARIO,2024-05-28,314.9540149524291,"{""type"":""MultiPoint"",""coordinates"":[]}"
20240528T165052_20240530T135521_2,LA_BOCA,2024-05-28,141.14526209441462,"{""type"":""MultiPoint"",""coordinates"":[]}"
20240530T175419_20240604T101702_0,CORDOBA,2024-05-30,194.1967289656722,"{""type"":""MultiPoint"",""coordinates"":[]}"
20240530T175419_20240604T101702_1,CENTENARIO,2024-05-30,202.89269929553905,"{""type"":""MultiPoint"",""coordinates"":[]}"
20240530T175419_20240604T101702_2,LA_BOCA,2024-05-30,370.6346031463077,"{""type"":""MultiPoint"",""coordinates"":[]}"
20240601T171616_20240608T023740_0,CORDOBA,2024-06-01,118.55261215010862,"{""type"":""MultiPoint"",""coordinates"":[]}"
20240601T171616_20240608T023740_1,CENTENARIO,2024-06-01,101.0533584651205,"{""type"":""MultiPoint"",""coordinates"":[]}"
20240601T171616_20240608T023740_2,LA_BOCA,2024-06-01,158.70675158726206,"{""type"":""MultiPoint"",""coordinates"":[]}"
20240603T163813_20240609T122429_0,CORDOBA,2024-06-03,156.57033319110874,"{""type"":""MultiPoint"",""coordinates"":[]}"
20240603T163813_20240609T122429_1,CENTENARIO,2024-06-03,157.8101739309487,"{""type"":""MultiPoint"",""coordinates"":[]}"
20240603T163813_20240609T122429_2,LA_BOCA,2024-06-03,126.00574034570856,"{""type"":""MultiPoint"",""coordinates"":[]}"
20240604T180041_20240610T155049_0,CORDOBA,2024-06-04,92.99455973518515,"{""type"":""MultiPoint"",""coordinates"":[]}"
20240604T180041_20240610T155049_1,CENTENARIO,2024-06-04,92.99455943899507,"{""type"":""MultiPoint"",""coordinates"":[]}"
20240606T172240_20240611T233437_0,CORDOBA,2024-06-06,564.7838859900608,"{""type"":""MultiPoint"",""coordinates"":[]}"
20240606T172240_20240611T233437_1,CENTENARIO,2024-06-06,589.0404404062198,"{""type"":""MultiPoint"",""coordinates"":[]}"
20240606T172240_20240611T233437_2,LA_BOCA,2024-06-06,552.7017169257268,"{""type"":""MultiPoint"",""coordinates"":[]}"
20240607T170340_20240612T142952_0,CORDOBA,2024-06-07,82.27934306641468,"{""type"":""MultiPoint"",""coordinates"":[]}"
20240607T170340_20240612T142952_1,CENTENARIO,2024-06-07,80.43758823926846,"{""type"":""MultiPoint"",""coordinates"":[]}"
20240607T170340_20240612T142952_2,LA_BOCA,2024-06-07,84.47836319937251,"{""type"":""MultiPoint"",""coordinates"":[]}"
20240609T162541_20240613T200026_0,CORDOBA,2024-06-09,92.59708251404614,"{""type"":""MultiPoint"",""coordinates"":[]}"
20240609T162541_20240613T200026_1,CENTENARIO,2024-06-09,73.98330945717866,"{""type"":""MultiPoint"",""coordinates"":[]}"
20240609T162541_20240613T200026_2,LA_BOCA,2024-06-09,97.45141140954098,"{""type"":""MultiPoint"",""coordinates"":[]}"
20240610T174811_20240614T125017_0,CORDOBA,2024-06-10,137.610739322023,"{""type"":""MultiPoint"",""coordinates"":[]}"
20240610T174811_20240614T125017_1,CENTENARIO,2024-06-10,148.72521146789845,"{""type"":""MultiPoint"",""coordinates"":[]}"
20240610T174811_20240614T125017_2,LA_BOCA,2024-06-10,134.30052720722784,"{""type"":""MultiPoint"",""coordinates"":[]}"
20240613T165111_20240616T070914_2,LA_BOCA,2024-06-13,98.27196949645338,"{""type"":""MultiPoint"",""coordinates"":[]}"
20240614T181340_20240616T224459_0,CORDOBA,2024-06-14,22.47757414625487,"{""type"":""MultiPoint"",""coordinates"":[]}"
20240614T181340_20240616T224459_1,CENTENARIO,2024-06-14,24.40666126196562,"{""type"":""MultiPoint"",""coordinates"":[]}"
20240614T181340_20240616T224459_2,LA_BOCA,2024-06-14,16.962723976537575,"{""type"":""MultiPoint"",""coordinates"":[]}"
20240615T175440_20240617T141932_0,CORDOBA,2024-06-15,258.9758514022752,"{""type"":""MultiPoint"",""coordinates"":[]}"
20240615T175440_20240617T141932_1,CENTENARIO,2024-06-15,257.10241296508394,"{""type"":""MultiPoint"",""coordinates"":[]}"
20240615T175440_20240617T141932_2,LA_BOCA,2024-06-15,210.44698614683466,"{""type"":""MultiPoint"",""coordinates"":[]}"
20240617T171638_20240619T091241_0,CORDOBA,2024-06-17,42.396279766896,"{""type"":""MultiPoint"",""coordinates"":[]}"
20240617T171638_20240619T091241_1,CENTENARIO,2024-06-17,84.86999059602422,"{""type"":""MultiPoint"",""coordinates"":[]}"
20240617T171638_20240619T091241_2,LA_BOCA,2024-06-17,39.4241768126558,"{""type"":""MultiPoint"",""coordinates"":[]}"
20240619T163836_20240621T084515_0,CORDOBA,2024-06-19,162.77319922998998,"{""type"":""MultiPoint"",""coordinates"":[]}"
20240619T163836_20240621T084515_1,CENTENARIO,2024-06-19,144.83562205346556,"{""type"":""MultiPoint"",""coordinates"":[]}"
20240619T163836_20240621T084515_2,LA_BOCA,2024-06-19,153.22654469333133,"{""type"":""MultiPoint"",""coordinates"":[]}"
20240620T161935_20240622T082250_0,CORDOBA,2024-06-20,48.8856637950284,"{""type"":""MultiPoint"",""coordinates"":[]}"
20240620T161935_20240622T082250_1,CENTENARIO,2024-06-20,59.0586724262812,"{""type"":""MultiPoint"",""coordinates"":[]}"
20240620T161935_20240622T082250_2,LA_BOCA,2024-06-20,49.815439891828575,"{""type"":""MultiPoint"",""coordinates"":[]}"
20240620T180105_20240622T101247_0,CORDOBA,2024-06-20,69.13410174929143,"{""type"":""MultiPoint"",""coordinates"":[]}"
20240620T180105_20240622T101247_1,CENTENARIO,2024-06-20,88.67310426671575,"{""type"":""MultiPoint"",""coordinates"":[]}"
20240620T180105_20240622T101247_2,LA_BOCA,2024-06-20,60.38928297814391,"{""type"":""MultiPoint"",""coordinates"":[]}"
20240623T170401_20240625T085857_0,CORDOBA,2024-06-23,82.07893758552738,"{""type"":""MultiPoint"",""coordinates"":[]}"
20240623T170401_20240625T085857_1,CENTENARIO,2024-06-23,74.11777321225355,"{""type"":""MultiPoint"",""coordinates"":[]}"
20240623T170401_20240625T085857_2,LA_BOCA,2024-06-23,87.79753099584684,"{""type"":""MultiPoint"",""coordinates"":[]}"
20240626T174825_20240628T100829_0,CORDOBA,2024-06-26,145.99182724993122,"{""type"":""MultiPoint"",""coordinates"":[]}"
20240626T174825_20240628T100829_1,CENTENARIO,2024-06-26,145.4581471643209,"{""type"":""MultiPoint"",""coordinates"":[]}"
20240626T174825_20240628T100829_2,LA_BOCA,2024-06-26,163.4339669977401,"{""type"":""MultiPoint"",""coordinates"":[]}"
20240627T172923_20240629T094848_0,CORDOBA,2024-06-27,249.57438376885707,"{""type"":""MultiPoint"",""coordinates"":[]}"
20240627T172923_20240629T094848_1,CENTENARIO,2024-06-27,230.62260747009455,"{""type"":""MultiPoint"",""coordinates"":[]}"
20240627T172923_20240629T094848_2,LA_BOCA,2024-06-27,236.83854778827035,"{""type"":""MultiPoint"",""coordinates"":[]}"
20240628T171021_20240630T092731_0,CORDOBA,2024-06-28,113.26785405731428,"{""type"":""MultiPoint"",""coordinates"":[]}"
20240628T171021_20240630T092731_1,CENTENARIO,2024-06-28,90.37915067221306,"{""type"":""MultiPoint"",""coordinates"":[]}"
20240628T171021_20240630T092731_2,LA_BOCA,2024-06-28,98.99140958655848,"{""type"":""MultiPoint"",""coordinates"":[]}"
20240629T165119_20240701T085929_0,CORDOBA,2024-06-29,123.16963100750534,"{""type"":""MultiPoint"",""coordinates"":[]}"
20240629T165119_20240701T085929_1,CENTENARIO,2024-06-29,107.55326341918395,"{""type"":""MultiPoint"",""coordinates"":[]}"
20240629T165119_20240701T085929_2,LA_BOCA,2024-06-29,113.21726110883057,"{""type"":""MultiPoint"",""coordinates"":[]}"
20240630T163216_20240702T084812_0,CORDOBA,2024-06-30,84.3383617904209,"{""type"":""MultiPoint"",""coordinates"":[]}"
20240630T163216_20240702T084812_1,CENTENARIO,2024-06-30,83.28112846254027,"{""type"":""MultiPoint"",""coordinates"":[]}"
20240630T163216_20240702T084812_2,LA_BOCA,2024-06-30,83.83341555488037,"{""type"":""MultiPoint"",""coordinates"":[]}"
20240630T181346_20240702T102337_0,CORDOBA,2024-06-30,91.9298999972303,"{""type"":""MultiPoint"",""coordinates"":[]}"
20240630T181346_20240702T102337_1,CENTENARIO,2024-06-30,91.74750663190451,"{""type"":""MultiPoint"",""coordinates"":[]}"
20240630T181346_20240702T102337_2,LA_BOCA,2024-06-30,87.93354785000554,"{""type"":""MultiPoint"",""coordinates"":[]}"
20240701T175443_20240703T105543_0,CORDOBA,2024-07-01,352.0592207765284,"{""type"":""MultiPoint"",""coordinates"":[]}"
20240701T175443_20240703T105543_1,CENTENARIO,2024-07-01,336.67498163063044,"{""type"":""MultiPoint"",""coordinates"":[]}"
20240701T175443_20240703T105543_2,LA_BOCA,2024-07-01,428.55703948916766,"{""type"":""MultiPoint"",""coordinates"":[]}"
20240702T173540_20240704T094508_0,CORDOBA,2024-07-02,181.57436623462678,"{""type"":""MultiPoint"",""coordinates"":[]}"
20240702T173540_20240704T094508_1,CENTENARIO,2024-07-02,158.79510867327645,"{""type"":""MultiPoint"",""coordinates"":[]}"
20240702T173540_20240704T094508_2,LA_BOCA,2024-07-02,185.12986116977694,"{""type"":""MultiPoint"",""coordinates"":[]}"
20240703T171637_20240705T093001_0,CORDOBA,2024-07-03,209.16170327516448,"{""type"":""MultiPoint"",""coordinates"":[]}"
20240703T171637_20240705T093001_1,CENTENARIO,2024-07-03,192.47564033571305,"{""type"":""MultiPoint"",""coordinates"":[]}"
20240703T171637_20240705T093001_2,LA_BOCA,2024-07-03,192.5712674919817,"{""type"":""MultiPoint"",""coordinates"":[]}"
20240704T165734_20240706T090523_0,CORDOBA,2024-07-04,174.34918329996316,"{""type"":""MultiPoint"",""coordinates"":[]}"
20240704T165734_20240706T090523_1,CENTENARIO,2024-07-04,151.50901003255734,"{""type"":""MultiPoint"",""coordinates"":[]}"
20240704T165734_20240706T090523_2,LA_BOCA,2024-07-04,156.18582573376395,"{""type"":""MultiPoint"",""coordinates"":[]}"
20240705T163831_20240707T101553_0,CORDOBA,2024-07-05,135.7115811340639,"{""type"":""MultiPoint"",""coordinates"":[]}"
20240705T163831_20240707T101553_1,CENTENARIO,2024-07-05,126.74941104005292,"{""type"":""MultiPoint"",""coordinates"":[]}"
20240705T163831_20240707T101553_2,LA_BOCA,2024-07-05,145.1067818093822,"{""type"":""MultiPoint"",""coordinates"":[]}"
20240706T161928_20240708T081926_0,CORDOBA,2024-07-06,140.71674862734267,"{""type"":""MultiPoint"",""coordinates"":[]}"
20240706T161928_20240708T081926_1,CENTENARIO,2024-07-06,204.31377008503605,"{""type"":""MultiPoint"",""coordinates"":[]}"
20240706T161928_20240708T081926_2,LA_BOCA,2024-07-06,100.96495159193724,"{""type"":""MultiPoint"",""coordinates"":[]}"
20240707T174154_20240709T095153_0,CORDOBA,2024-07-07,95.04550596023616,"{""type"":""MultiPoint"",""coordinates"":[]}"
20240707T174154_20240709T095153_1,CENTENARIO,2024-07-07,79.47119834438183,"{""type"":""MultiPoint"",""coordinates"":[]}"
20240707T174154_20240709T095153_2,LA_BOCA,2024-07-07,65.2992957054866,"{""type"":""MultiPoint"",""coordinates"":[]}"
20240708T172251_20240710T093202_0,CORDOBA,2024-07-08,265.8801652878004,"{""type"":""MultiPoint"",""coordinates"":[]}"
20240708T172251_20240710T093202_1,CENTENARIO,2024-07-08,185.74991109015215,"{""type"":""MultiPoint"",""coordinates"":[]}"
20240708T172251_20240710T093202_2,LA_BOCA,2024-07-08,208.31651934037004,"{""type"":""MultiPoint"",""coordinates"":[]}"
20240709T170347_20240711T093806_0,CORDOBA,2024-07-09,233.93708557377306,"{""type"":""MultiPoint"",""coordinates"":[]}"
20240709T170347_20240711T093806_1,CENTENARIO,2024-07-09,243.14575373554078,"{""type"":""MultiPoint"",""coordinates"":[]}"
20240709T170347_20240711T093806_2,LA_BOCA,2024-07-09,177.22632238134358,"{""type"":""MultiPoint"",""coordinates"":[]}"
20240710T164443_20240712T102950_0,CORDOBA,2024-07-10,654.2212768230405,"{""type"":""MultiPoint"",""coordinates"":[]}"
20240710T164443_20240712T102950_1,CENTENARIO,2024-07-10,640.9145881392461,"{""type"":""MultiPoint"",""coordinates"":[]}"
20240710T164443_20240712T102950_2,LA_BOCA,2024-07-10,592.7372898734794,"{""type"":""MultiPoint"",""coordinates"":[]}"
20240711T162540_20240713T084701_0,CORDOBA,2024-07-11,687.4519698286455,"{""type"":""MultiPoint"",""coordinates"":[]}"
20240711T162540_20240713T084701_1,CENTENARIO,2024-07-11,479.2267087539078,"{""type"":""MultiPoint"",""coordinates"":[]}"
20240711T162540_20240713T084701_2,LA_BOCA,2024-07-11,681.6180662488181,"{""type"":""MultiPoint"",""coordinates"":[]}"
20240711T180709_20240713T121418_0,CORDOBA,2024-07-11,541.0122603544273,"{""type"":""MultiPoint"",""coordinates"":[]}"
20240711T180709_20240713T121418_1,CENTENARIO,2024-07-11,540.7076154678836,"{""type"":""MultiPoint"",""coordinates"":[]}"
20240711T180709_20240713T121418_2,LA_BOCA,2024-07-11,480.1642536949133,"{""type"":""MultiPoint"",""coordinates"":[]}"
20240712T174805_20240714T123538_0,CORDOBA,2024-07-12,666.0768910776062,"{""type"":""MultiPoint"",""coordinates"":[]}"
20240712T174805_20240714T123538_1,CENTENARIO,2024-07-12,503.90208320667335,"{""type"":""MultiPoint"",""coordinates"":[]}"
20240712T174805_20240714T123538_2,LA_BOCA,2024-07-12,883.5205855389099,"{""type"":""MultiPoint"",""coordinates"":[]}"
20240713T172901_20240716T054510_0,CORDOBA,2024-07-13,958.3741572387871,"{""type"":""MultiPoint"",""coordinates"":[]}"
20240713T172901_20240716T054510_1,CENTENARIO,2024-07-13,950.4515580197457,"{""type"":""MultiPoint"",""coordinates"":[]}"
20240713T172901_20240716T054510_2,LA_BOCA,2024-07-13,968.5848988270786,"{""type"":""MultiPoint"",""coordinates"":[]}"
20240714T170957_20240717T055537_0,CORDOBA,2024-07-14,83.65127446058517,"{""type"":""MultiPoint"",""coordinates"":[]}"
20240714T170957_20240717T055537_1,CENTENARIO,2024-07-14,132.35534105885986,"{""type"":""MultiPoint"",""coordinates"":[]}"
20240714T170957_20240717T055537_2,LA_BOCA,2024-07-14,80.78142914021693,"{""type"":""MultiPoint"",""coordinates"":[]}"
20240715T165053_20240718T012004_0,CORDOBA,2024-07-15,81.15994578907107,"{""type"":""MultiPoint"",""coordinates"":[]}"
20240715T165053_20240718T012004_1,CENTENARIO,2024-07-15,103.068150929276,"{""type"":""MultiPoint"",""coordinates"":[]}"
20240715T165053_20240718T012004_2,LA_BOCA,2024-07-15,77.20513568879362,"{""type"":""MultiPoint"",""coordinates"":[]}"
20240716T163148_20240719T060424_0,CORDOBA,2024-07-16,81.95593403537977,"{""type"":""MultiPoint"",""coordinates"":[]}"
20240716T163148_20240719T060424_1,CENTENARIO,2024-07-16,193.29548444331692,"{""type"":""MultiPoint"",""coordinates"":[]}"
20240716T163148_20240719T060424_2,LA_BOCA,2024-07-16,79.62328032197664,"{""type"":""MultiPoint"",""coordinates"":[]}"
20240716T181318_20240719T060658_0,CORDOBA,2024-07-16,85.06833257395114,"{""type"":""MultiPoint"",""coordinates"":[]}"
20240716T181318_20240719T060658_1,CENTENARIO,2024-07-16,117.15465612149788,"{""type"":""MultiPoint"",""coordinates"":[]}"
20240716T181318_20240719T060658_2,LA_BOCA,2024-07-16,87.83119771289388,"{""type"":""MultiPoint"",""coordinates"":[]}"
20240717T175413_20240720T070334_0,CORDOBA,2024-07-17,406.7943325042373,"{""type"":""MultiPoint"",""coordinates"":[]}"
20240717T175413_20240720T070334_1,CENTENARIO,2024-07-17,405.708005439248,"{""type"":""MultiPoint"",""coordinates"":[]}"
20240717T175413_20240720T070334_2,LA_BOCA,2024-07-17,509.0460165502649,"{""type"":""MultiPoint"",""coordinates"":[]}"
20240718T173509_20240721T014638_0,CORDOBA,2024-07-18,75.81915445069805,"{""type"":""MultiPoint"",""coordinates"":[]}"
20240718T173509_20240721T014638_1,CENTENARIO,2024-07-18,125.4796592386619,"{""type"":""MultiPoint"",""coordinates"":[]}"
20240718T173509_20240721T014638_2,LA_BOCA,2024-07-18,85.1420509939755,"{""type"":""MultiPoint"",""coordinates"":[]}"
20240722T180018_20240724T101441_0,CORDOBA,2024-07-22,120.21603377790723,"{""type"":""MultiPoint"",""coordinates"":[]}"
20240722T180018_20240724T101441_1,CENTENARIO,2024-07-22,118.32350040617624,"{""type"":""MultiPoint"",""coordinates"":[]}"
20240722T180018_20240724T101441_2,LA_BOCA,2024-07-22,127.65214314807801,"{""type"":""MultiPoint"",""coordinates"":[]}"
20240725T170302_20240728T181508_0,CORDOBA,2024-07-25,217.04258563809864,"{""type"":""MultiPoint"",""coordinates"":[]}"
20240725T170302_20240728T181508_1,CENTENARIO,2024-07-25,179.38781979374454,"{""type"":""MultiPoint"",""coordinates"":[]}"
20240725T170302_20240728T181508_2,LA_BOCA,2024-07-25,218.53309333653732,"{""type"":""MultiPoint"",""coordinates"":[]}"
20240726T164356_20240730T101240_0,CORDOBA,2024-07-26,78.94731275823632,"{""type"":""MultiPoint"",""coordinates"":[]}"
20240726T164356_20240730T101240_1,CENTENARIO,2024-07-26,131.67725679764078,"{""type"":""MultiPoint"",""coordinates"":[]}"
20240726T164356_20240730T101240_2,LA_BOCA,2024-07-26,78.07999702247169,"{""type"":""MultiPoint"",""coordinates"":[]}"
20240727T162450_20240731T093335_0,CORDOBA,2024-07-27,167.93804324294487,"{""type"":""MultiPoint"",""coordinates"":[]}"
20240727T162450_20240731T093335_1,CENTENARIO,2024-07-27,151.71686342716387,"{""type"":""MultiPoint"",""coordinates"":[]}"
20240727T162450_20240731T093335_2,LA_BOCA,2024-07-27,157.13564937269567,"{""type"":""MultiPoint"",""coordinates"":[]}"
20240727T180620_20240801T073929_0,CORDOBA,2024-07-27,145.04173528269655,"{""type"":""MultiPoint"",""coordinates"":[]}"
20240727T180620_20240801T073929_1,CENTENARIO,2024-07-27,145.10686598958253,"{""type"":""MultiPoint"",""coordinates"":[]}"
20240727T180620_20240801T073929_2,LA_BOCA,2024-07-27,115.8405698955345,"{""type"":""MultiPoint"",""coordinates"":[]}"
20240728T174714_20240802T162159_1,CENTENARIO,2024-07-28,79.54482837165098,"{""type"":""MultiPoint"",""coordinates"":[]}"
20240729T172808_20240804T092710_0,CORDOBA,2024-07-29,145.7327130605252,"{""type"":""MultiPoint"",""coordinates"":[]}"
20240729T172808_20240804T092710_1,CENTENARIO,2024-07-29,241.3465390330024,"{""type"":""MultiPoint"",""coordinates"":[]}"
20240729T172808_20240804T092710_2,LA_BOCA,2024-07-29,117.72615786637832,"{""type"":""MultiPoint"",""coordinates"":[]}"
20240730T170902_20240806T082339_0,CORDOBA,2024-07-30,80.55430240490287,"{""type"":""MultiPoint"",""coordinates"":[]}"
20240730T170902_20240806T082339_1,CENTENARIO,2024-07-30,78.91210657062366,"{""type"":""MultiPoint"",""coordinates"":[]}"
20240730T170902_20240806T082339_2,LA_BOCA,2024-07-30,82.05554417050462,"{""type"":""MultiPoint"",""coordinates"":[]}"
20240802T175313_20240809T032109_0,CORDOBA,2024-08-02,40.867805059970046,"{""type"":""MultiPoint"",""coordinates"":[]}"
20240802T175313_20240809T032109_1,CENTENARIO,2024-08-02,40.82004589198012,"{""type"":""MultiPoint"",""coordinates"":[]}"
20240802T175313_20240809T032109_2,LA_BOCA,2024-08-02,43.72310740385281,"{""type"":""MultiPoint"",""coordinates"":[]}"
20240804T171500_20240810T084148_0,CORDOBA,2024-08-04,69.91742725388333,"{""type"":""MultiPoint"",""coordinates"":[]}"
20240804T171500_20240810T084148_1,CENTENARIO,2024-08-04,97.62806591671917,"{""type"":""MultiPoint"",""coordinates"":[]}"
20240804T171500_20240810T084148_2,LA_BOCA,2024-08-04,63.05015694831125,"{""type"":""MultiPoint"",""coordinates"":[]}"
20240807T161740_20240812T082023_0,CORDOBA,2024-08-07,86.60001133401497,"{""type"":""MultiPoint"",""coordinates"":[]}"
20240807T161740_20240812T082023_1,CENTENARIO,2024-08-07,71.64205296610143,"{""type"":""MultiPoint"",""coordinates"":[]}"
20240807T161740_20240812T082023_2,LA_BOCA,2024-08-07,87.24266625491771,"{""type"":""MultiPoint"",""coordinates"":[]}"
20240807T175909_20240812T103053_0,CORDOBA,2024-08-07,76.18248781732447,"{""type"":""MultiPoint"",""coordinates"":[]}"
20240807T175909_20240812T103053_1,CENTENARIO,2024-08-07,67.40007071835291,"{""type"":""MultiPoint"",""coordinates"":[]}"
20240807T175909_20240812T103053_2,LA_BOCA,2024-08-07,80.07867831885612,"{""type"":""MultiPoint"",""coordinates"":[]}"
20240809T172055_20240813T164231_0,CORDOBA,2024-08-09,194.05322877726866,"{""type"":""MultiPoint"",""coordinates"":[]}"
20240809T172055_20240813T164231_1,CENTENARIO,2024-08-09,158.76642087084807,"{""type"":""MultiPoint"",""coordinates"":[]}"
20240809T172055_20240813T164231_2,LA_BOCA,2024-08-09,186.26744694422132,"{""type"":""MultiPoint"",""coordinates"":[]}"
20240810T170148_20240814T090435_0,CORDOBA,2024-08-10,125.75108549207398,"{""type"":""MultiPoint"",""coordinates"":[]}"
20240810T170148_20240814T090435_1,CENTENARIO,2024-08-10,115.3346214814052,"{""type"":""MultiPoint"",""coordinates"":[]}"
20240810T170148_20240814T090435_2,LA_BOCA,2024-08-10,125.39791258564787,"{""type"":""MultiPoint"",""coordinates"":[]}"
20240811T164241_20240814T232607_0,CORDOBA,2024-08-11,60.310047367241914,"{""type"":""MultiPoint"",""coordinates"":[]}"
20240811T164241_20240814T232607_1,CENTENARIO,2024-08-11,58.66936903838367,"{""type"":""MultiPoint"",""coordinates"":[]}"
20240811T164241_20240814T232607_2,LA_BOCA,2024-08-11,48.51622464187977,"{""type"":""MultiPoint"",""coordinates"":[]}"
20240812T162333_20240815T104055_0,CORDOBA,2024-08-12,247.67929802926955,"{""type"":""MultiPoint"",""coordinates"":[]}"
20240812T162333_20240815T104055_1,CENTENARIO,2024-08-12,235.72449056898301,"{""type"":""MultiPoint"",""coordinates"":[]}"
20240812T162333_20240815T104055_2,LA_BOCA,2024-08-12,223.400315288071,"{""type"":""MultiPoint"",""coordinates"":[]}"
20240812T180503_20240815T104738_0,CORDOBA,2024-08-12,259.21278477277355,"{""type"":""MultiPoint"",""coordinates"":[]}"
20240812T180503_20240815T104738_1,CENTENARIO,2024-08-12,259.70041484680974,"{""type"":""MultiPoint"",""coordinates"":[]}"
20240812T180503_20240815T104738_2,LA_BOCA,2024-08-12,249.26178308282076,"{""type"":""MultiPoint"",""coordinates"":[]}"
20240813T174555_20240816T020931_0,CORDOBA,2024-08-13,63.50151691913629,"{""type"":""MultiPoint"",""coordinates"":[]}"
20240813T174555_20240816T020931_1,CENTENARIO,2024-08-13,117.08794051369098,"{""type"":""MultiPoint"",""coordinates"":[]}"
20240813T174555_20240816T020931_2,LA_BOCA,2024-08-13,92.41656648788357,"{""type"":""MultiPoint"",""coordinates"":[]}"
20240814T172647_20240816T164608_2,LA_BOCA,2024-08-14,58.37857223250347,"{""type"":""MultiPoint"",""coordinates"":[]}"
20240815T170739_20240817T092404_1,CENTENARIO,2024-08-15,348.3922439247847,"{""type"":""MultiPoint"",""coordinates"":[]}"
20240816T164831_20240818T085908_0,CORDOBA,2024-08-16,93.75921191151855,"{""type"":""MultiPoint"",""coordinates"":[]}"
20240816T164831_20240818T085908_1,CENTENARIO,2024-08-16,114.96187007594794,"{""type"":""MultiPoint"",""coordinates"":[]}"
20240816T164831_20240818T085908_2,LA_BOCA,2024-08-16,101.3750225991873,"{""type"":""MultiPoint"",""coordinates"":[]}"
20240817T181053_20240819T102422_0,CORDOBA,2024-08-17,71.44096772594449,"{""type"":""MultiPoint"",""coordinates"":[]}"
20240817T181053_20240819T102422_1,CENTENARIO,2024-08-17,76.48314297890748,"{""type"":""MultiPoint"",""coordinates"":[]}"
20240817T181053_20240819T102422_2,LA_BOCA,2024-08-17,59.75487325612918,"{""type"":""MultiPoint"",""coordinates"":[]}"
20240823T161602_20240825T081742_0,CORDOBA,2024-08-23,172.93060298885055,"{""type"":""MultiPoint"",""coordinates"":[]}"
20240823T161602_20240825T081742_1,CENTENARIO,2024-08-23,162.56369584401455,"{""type"":""MultiPoint"",""coordinates"":[]}"
20240823T161602_20240825T081742_2,LA_BOCA,2024-08-23,196.04750720852712,"{""type"":""MultiPoint"",""coordinates"":[]}"
20240823T175732_20240825T101001_0,CORDOBA,2024-08-23,155.07607895414003,"{""type"":""MultiPoint"",""coordinates"":[]}"
20240823T175732_20240825T101001_1,CENTENARIO,2024-08-23,155.0676248642971,"{""type"":""MultiPoint"",""coordinates"":[]}"
20240823T175732_20240825T101001_2,LA_BOCA,2024-08-23,125.98002207463999,"{""type"":""MultiPoint"",""coordinates"":[]}"
20240825T171914_20240827T102014_0,CORDOBA,2024-08-25,61.428181533059785,"{""type"":""MultiPoint"",""coordinates"":[]}"
20240825T171914_20240827T102014_1,CENTENARIO,2024-08-25,56.65159623372528,"{""type"":""MultiPoint"",""coordinates"":[]}"
20240825T171914_20240827T102014_2,LA_BOCA,2024-08-25,60.73261311042178,"{""type"":""MultiPoint"",""coordinates"":[]}"
20240826T170005_20240828T091019_0,CORDOBA,2024-08-26,69.2867523722589,"{""type"":""MultiPoint"",""coordinates"":[]}"
20240826T170005_20240828T091019_1,CENTENARIO,2024-08-26,92.79273382587036,"{""type"":""MultiPoint"",""coordinates"":[]}"
20240826T170005_20240828T091019_2,LA_BOCA,2024-08-26,56.16282252735126,"{""type"":""MultiPoint"",""coordinates"":[]}"
20240827T164056_20240829T084525_0,CORDOBA,2024-08-27,452.219256352098,"{""type"":""MultiPoint"",""coordinates"":[]}"
20240827T164056_20240829T084525_1,CENTENARIO,2024-08-27,508.6926480564754,"{""type"":""MultiPoint"",""coordinates"":[]}"
20240827T164056_20240829T084525_2,LA_BOCA,2024-08-27,435.9651963352545,"{""type"":""MultiPoint"",""coordinates"":[]}"
20240828T162147_20240830T082033_0,CORDOBA,2024-08-28,57.72824429206052,"{""type"":""MultiPoint"",""coordinates"":[]}"
20240828T162147_20240830T082033_1,CENTENARIO,2024-08-28,57.60441297728365,"{""type"":""MultiPoint"",""coordinates"":[]}"
20240828T162147_20240830T082033_2,LA_BOCA,2024-08-28,77.61033638657898,"{""type"":""MultiPoint"",""coordinates"":[]}"
20240829T174407_20240831T095448_0,CORDOBA,2024-08-29,91.9520048406065,"{""type"":""MultiPoint"",""coordinates"":[]}"
20240829T174407_20240831T095448_1,CENTENARIO,2024-08-29,184.03632411309758,"{""type"":""MultiPoint"",""coordinates"":[]}"
20240829T174407_20240831T095448_2,LA_BOCA,2024-08-29,85.97544827783727,"{""type"":""MultiPoint"",""coordinates"":[]}"
20240902T162729_20240904T082350_0,CORDOBA,2024-09-02,25.189929194333885,"{""type"":""MultiPoint"",""coordinates"":[]}"
20240902T162729_20240904T082350_1,CENTENARIO,2024-09-02,56.238151772610465,"{""type"":""MultiPoint"",""coordinates"":[]}"
20240902T162729_20240904T082350_2,LA_BOCA,2024-09-02,29.802314756089373,"{""type"":""MultiPoint"",""coordinates"":[]}"
20240902T180859_20240904T101930_0,CORDOBA,2024-09-02,25.859885946176345,"{""type"":""MultiPoint"",""coordinates"":[]}"
20240902T180859_20240904T101930_1,CENTENARIO,2024-09-02,28.397425214640485,"{""type"":""MultiPoint"",""coordinates"":[]}"
20240902T180859_20240904T101930_2,LA_BOCA,2024-09-02,26.781594155479432,"{""type"":""MultiPoint"",""coordinates"":[]}"
20240903T174949_20240905T095506_0,CORDOBA,2024-09-03,98.17566024138715,"{""type"":""MultiPoint"",""coordinates"":[]}"
20240903T174949_20240905T095506_1,CENTENARIO,2024-09-03,94.06007751471412,"{""type"":""MultiPoint"",""coordinates"":[]}"
20240903T174949_20240905T095506_2,LA_BOCA,2024-09-03,89.41931993177779,"{""type"":""MultiPoint"",""coordinates"":[]}"
20240904T173039_20240906T092819_0,CORDOBA,2024-09-04,264.9017502188484,"{""type"":""MultiPoint"",""coordinates"":[]}"
20240904T173039_20240906T092819_1,CENTENARIO,2024-09-04,204.51552860361733,"{""type"":""MultiPoint"",""coordinates"":[]}"
20240904T173039_20240906T092819_2,LA_BOCA,2024-09-04,277.76009035894725,"{""type"":""MultiPoint"",""coordinates"":[]}"
20240905T171133_20240907T090621_0,CORDOBA,2024-09-05,97.90509237852488,"{""type"":""MultiPoint"",""coordinates"":[]}"
20240905T171133_20240907T090621_1,CENTENARIO,2024-09-05,131.52485951471056,"{""type"":""MultiPoint"",""coordinates"":[]}"
20240905T171133_20240907T090621_2,LA_BOCA,2024-09-05,70.34802921064538,"{""type"":""MultiPoint"",""coordinates"":[]}"
20240906T165226_20240908T084909_0,CORDOBA,2024-09-06,102.39561816025018,"{""type"":""MultiPoint"",""coordinates"":[]}"
20240906T165226_20240908T084909_1,CENTENARIO,2024-09-06,122.26402834648526,"{""type"":""MultiPoint"",""coordinates"":[]}"
20240906T165226_20240908T084909_2,LA_BOCA,2024-09-06,146.30216125601262,"{""type"":""MultiPoint"",""coordinates"":[]}"
20240907T163320_20240909T082833_0,CORDOBA,2024-09-07,247.80754769231123,"{""type"":""MultiPoint"",""coordinates"":[]}"
20240907T163320_20240909T082833_1,CENTENARIO,2024-09-07,303.73547207793877,"{""type"":""MultiPoint"",""coordinates"":[]}"
20240907T163320_20240909T082833_2,LA_BOCA,2024-09-07,194.13778312559964,"{""type"":""MultiPoint"",""coordinates"":[]}"
20240908T161413_20240911T115054_0,CORDOBA,2024-09-08,56.28165354660622,"{""type"":""MultiPoint"",""coordinates"":[]}"
20240908T161413_20240911T115054_1,CENTENARIO,2024-09-08,75.18477250766931,"{""type"":""MultiPoint"",""coordinates"":[]}"
20240908T161413_20240911T115054_2,LA_BOCA,2024-09-08,56.48557344827929,"{""type"":""MultiPoint"",""coordinates"":[]}"
20240908T175543_20240911T195719_0,CORDOBA,2024-09-08,68.30914106325734,"{""type"":""MultiPoint"",""coordinates"":[]}"
20240908T175543_20240911T195719_1,CENTENARIO,2024-09-08,88.8026762644189,"{""type"":""MultiPoint"",""coordinates"":[]}"
20240908T175543_20240911T195719_2,LA_BOCA,2024-09-08,65.84765882555998,"{""type"":""MultiPoint"",""coordinates"":[]}"
20240913T180138_20240915T212754_0,CORDOBA,2024-09-13,188.60894604440284,"{""type"":""MultiPoint"",""coordinates"":[]}"
20240913T180138_20240915T212754_1,CENTENARIO,2024-09-13,195.80672010547858,"{""type"":""MultiPoint"",""coordinates"":[]}"
20240913T180138_20240915T212754_2,LA_BOCA,2024-09-13,163.41617988141704,"{""type"":""MultiPoint"",""coordinates"":[]}"
20240914T174231_20240916T172511_0,CORDOBA,2024-09-14,95.5554034558138,"{""type"":""MultiPoint"",""coordinates"":[]}"
20240914T174231_20240916T172511_1,CENTENARIO,2024-09-14,84.68950440854017,"{""type"":""MultiPoint"",""coordinates"":[]}"
20240914T174231_20240916T172511_2,LA_BOCA,2024-09-14,70.34444916296741,"{""type"":""MultiPoint"",""coordinates"":[]}"
20240915T172323_20240917T112543_0,CORDOBA,2024-09-15,46.07422465505077,"{""type"":""MultiPoint"",""coordinates"":[]}"
20240915T172323_20240917T112543_1,CENTENARIO,2024-09-15,56.31303507938444,"{""type"":""MultiPoint"",""coordinates"":[]}"
20240915T172323_20240917T112543_2,LA_BOCA,2024-09-15,44.009681111436485,"{""type"":""MultiPoint"",""coordinates"":[]}"
20240916T170416_20240918T120539_0,CORDOBA,2024-09-16,216.76947174078128,"{""type"":""MultiPoint"",""coordinates"":[]}"
20240916T170416_20240918T120539_1,CENTENARIO,2024-09-16,181.061945142326,"{""type"":""MultiPoint"",""coordinates"":[]}"
20240916T170416_20240918T120539_2,LA_BOCA,2024-09-16,204.00056817835775,"{""type"":""MultiPoint"",""coordinates"":[]}"
20240918T162601_20240920T080216_0,CORDOBA,2024-09-18,88.64052249307609,"{""type"":""MultiPoint"",""coordinates"":[]}"
20240918T162601_20240920T080216_1,CENTENARIO,2024-09-18,93.0196953699571,"{""type"":""MultiPoint"",""coordinates"":[]}"
20240918T162601_20240920T080216_2,LA_BOCA,2024-09-18,61.987350759026704,"{""type"":""MultiPoint"",""coordinates"":[]}"
20240918T180731_20240920T100402_0,CORDOBA,2024-09-18,125.37410961602858,"{""type"":""MultiPoint"",""coordinates"":[]}"
20240918T180731_20240920T100402_1,CENTENARIO,2024-09-18,123.93899938701739,"{""type"":""MultiPoint"",""coordinates"":[]}"
20240918T180731_20240920T100402_2,LA_BOCA,2024-09-18,106.7751655278021,"{""type"":""MultiPoint"",""coordinates"":[]}"
20240920T172916_20240922T092154_0,CORDOBA,2024-09-20,337.081966137286,"{""type"":""MultiPoint"",""coordinates"":[]}"
20240920T172916_20240922T092154_1,CENTENARIO,2024-09-20,286.0329877420245,"{""type"":""MultiPoint"",""coordinates"":[]}"
20240920T172916_20240922T092154_2,LA_BOCA,2024-09-20,290.7611529970358,"{""type"":""MultiPoint"",""coordinates"":[]}"
20240921T171008_20240923T085849_0,CORDOBA,2024-09-21,47.68252345374555,"{""type"":""MultiPoint"",""coordinates"":[]}"
20240921T171008_20240923T085849_1,CENTENARIO,2024-09-21,64.70247483926902,"{""type"":""MultiPoint"",""coordinates"":[]}"
20240921T171008_20240923T085849_2,LA_BOCA,2024-09-21,54.10226711880525,"{""type"":""MultiPoint"",""coordinates"":[]}"
20240923T163152_20240925T081459_0,CORDOBA,2024-09-23,41.81732795606523,"{""type"":""MultiPoint"",""coordinates"":[]}"
20240923T163152_20240925T081459_1,CENTENARIO,2024-09-23,64.11996507358525,"{""type"":""MultiPoint"",""coordinates"":[]}"
20240923T163152_20240925T081459_2,LA_BOCA,2024-09-23,31.160314596146307,"{""type"":""MultiPoint"",""coordinates"":[]}"
20240924T161245_20240926T080219_0,CORDOBA,2024-09-24,46.02833597333147,"{""type"":""MultiPoint"",""coordinates"":[]}"
20240924T161245_20240926T080219_1,CENTENARIO,2024-09-24,47.09411656094104,"{""type"":""MultiPoint"",""coordinates"":[]}"
20240924T161245_20240926T080219_2,LA_BOCA,2024-09-24,39.85924303726861,"{""type"":""MultiPoint"",""coordinates"":[]}"
20240924T175414_20240926T094446_0,CORDOBA,2024-09-24,58.81018969225711,"{""type"":""MultiPoint"",""coordinates"":[]}"
20240924T175414_20240926T094446_1,CENTENARIO,2024-09-24,60.9467663607679,"{""type"":""MultiPoint"",""coordinates"":[]}"
20240924T175414_20240926T094446_2,LA_BOCA,2024-09-24,44.97374699067343,"{""type"":""MultiPoint"",""coordinates"":[]}"
20240925T173506_20240927T130729_0,CORDOBA,2024-09-25,55.37223411268755,"{""type"":""MultiPoint"",""coordinates"":[]}"
20240925T173506_20240927T130729_1,CENTENARIO,2024-09-25,62.13056912113853,"{""type"":""MultiPoint"",""coordinates"":[]}"
20240925T173506_20240927T130729_2,LA_BOCA,2024-09-25,49.856258633200866,"{""type"":""MultiPoint"",""coordinates"":[]}"
20240926T171558_20241001T065828_0,CORDOBA,2024-09-26,110.26567980583657,"{""type"":""MultiPoint"",""coordinates"":[]}"
20240926T171558_20241001T065828_1,CENTENARIO,2024-09-26,116.64261303130559,"{""type"":""MultiPoint"",""coordinates"":[]}"
20240926T171558_20241001T065828_2,LA_BOCA,2024-09-26,86.74251150711864,"{""type"":""MultiPoint"",""coordinates"":[]}"
20240927T165650_20241002T074333_0,CORDOBA,2024-09-27,81.08900808737555,"{""type"":""MultiPoint"",""coordinates"":[]}"
20240927T165650_20241002T074333_1,CENTENARIO,2024-09-27,109.28122729668712,"{""type"":""MultiPoint"",""coordinates"":[]}"
20240927T165650_20241002T074333_2,LA_BOCA,2024-09-27,61.43955272834076,"{""type"":""MultiPoint"",""coordinates"":[]}"
20240928T163742_20241003T133120_0,CORDOBA,2024-09-28,62.23389180974966,"{""type"":""MultiPoint"",""coordinates"":[]}"
20240928T163742_20241003T133120_1,CENTENARIO,2024-09-28,95.07681972764796,"{""type"":""MultiPoint"",""coordinates"":[]}"
20240928T163742_20241003T133120_2,LA_BOCA,2024-09-28,78.44868121782709,"{""type"":""MultiPoint"",""coordinates"":[]}"
20240929T161834_20241004T085332_0,CORDOBA,2024-09-29,38.88809126725475,"{""type"":""MultiPoint"",""coordinates"":[]}"
20240929T161834_20241004T085332_1,CENTENARIO,2024-09-29,61.00526465882634,"{""type"":""MultiPoint"",""coordinates"":[]}"
20240929T161834_20241004T085332_2,LA_BOCA,2024-09-29,46.60902351156149,"{""type"":""MultiPoint"",""coordinates"":[]}"
20240929T180003_20241004T091730_0,CORDOBA,2024-09-29,67.77945358314969,"{""type"":""MultiPoint"",""coordinates"":[]}"
20240929T180003_20241004T091730_1,CENTENARIO,2024-09-29,67.75858529016023,"{""type"":""MultiPoint"",""coordinates"":[]}"
20240929T180003_20241004T091730_2,LA_BOCA,2024-09-29,56.60949113376063,"{""type"":""MultiPoint"",""coordinates"":[]}"
20241001T172147_20241006T035944_0,CORDOBA,2024-10-01,159.88093863803593,"{""type"":""MultiPoint"",""coordinates"":[]}"
20241001T172147_20241006T035944_1,CENTENARIO,2024-10-01,128.65790563767743,"{""type"":""MultiPoint"",""coordinates"":[]}"
20241001T172147_20241006T035944_2,LA_BOCA,2024-10-01,137.95676032332625,"{""type"":""MultiPoint"",""coordinates"":[]}"
20241002T170239_20241007T004454_0,CORDOBA,2024-10-02,130.6885319855269,"{""type"":""MultiPoint"",""coordinates"":[]}"
20241002T170239_20241007T004454_1,CENTENARIO,2024-10-02,113.94829288402333,"{""type"":""MultiPoint"",""coordinates"":[]}"
20241002T170239_20241007T004454_2,LA_BOCA,2024-10-02,98.26737018849764,"{""type"":""MultiPoint"",""coordinates"":[]}"
20241003T164330_20241007T203022_0,CORDOBA,2024-10-03,386.3979430444705,"{""type"":""MultiPoint"",""coordinates"":[]}"
20241003T164330_20241007T203022_1,CENTENARIO,2024-10-03,389.22860002892867,"{""type"":""MultiPoint"",""coordinates"":[]}"
20241003T164330_20241007T203022_2,LA_BOCA,2024-10-03,410.5195734616918,"{""type"":""MultiPoint"",""coordinates"":[]}"
20241004T162422_20241008T131810_0,CORDOBA,2024-10-04,50.1244407384915,"{""type"":""MultiPoint"",""coordinates"":[]}"
20241004T162422_20241008T131810_1,CENTENARIO,2024-10-04,56.98781805460102,"{""type"":""MultiPoint"",""coordinates"":[]}"
20241004T162422_20241008T131810_2,LA_BOCA,2024-10-04,66.66283308341664,"{""type"":""MultiPoint"",""coordinates"":[]}"
20241004T180551_20241008T170439_0,CORDOBA,2024-10-04,52.84993177035703,"{""type"":""MultiPoint"",""coordinates"":[]}"
20241004T180551_20241008T170439_1,CENTENARIO,2024-10-04,65.87712538843678,"{""type"":""MultiPoint"",""coordinates"":[]}"
20241004T180551_20241008T170439_2,LA_BOCA,2024-10-04,56.21456584865224,"{""type"":""MultiPoint"",""coordinates"":[]}"
20241005T160513_20241009T093341_2,LA_BOCA,2024-10-05,37.16688069854815,"{""type"":""MultiPoint"",""coordinates"":[]}"
20241005T174642_20241009T094447_0,CORDOBA,2024-10-05,95.07582575276932,"{""type"":""MultiPoint"",""coordinates"":[]}"
20241005T174642_20241009T094447_1,CENTENARIO,2024-10-05,95.25758551617652,"{""type"":""MultiPoint"",""coordinates"":[]}"
20241005T174642_20241009T094447_2,LA_BOCA,2024-10-05,83.21043326334534,"{""type"":""MultiPoint"",""coordinates"":[]}"
20241006T172734_20241010T063610_0,CORDOBA,2024-10-06,35.084799796932465,"{""type"":""MultiPoint"",""coordinates"":[]}"
20241006T172734_20241010T063610_1,CENTENARIO,2024-10-06,38.22054922024887,"{""type"":""MultiPoint"",""coordinates"":[]}"
20241006T172734_20241010T063610_2,LA_BOCA,2024-10-06,32.51035922470972,"{""type"":""MultiPoint"",""coordinates"":[]}"
20241009T163007_20241012T173200_0,CORDOBA,2024-10-09,35.64757160896807,"{""type"":""MultiPoint"",""coordinates"":[]}"
20241009T163007_20241012T173200_1,CENTENARIO,2024-10-09,66.16235382286719,"{""type"":""MultiPoint"",""coordinates"":[]}"
20241009T163007_20241012T173200_2,LA_BOCA,2024-10-09,39.93318256176506,"{""type"":""MultiPoint"",""coordinates"":[]}"
20241010T161058_20241013T085632_0,CORDOBA,2024-10-10,38.549158574099806,"{""type"":""MultiPoint"",""coordinates"":[]}"
20241010T161058_20241013T085632_1,CENTENARIO,2024-10-10,63.377751178695654,"{""type"":""MultiPoint"",""coordinates"":[]}"
20241010T161058_20241013T085632_2,LA_BOCA,2024-10-10,41.025958500849626,"{""type"":""MultiPoint"",""coordinates"":[]}"
20241010T175228_20241013T090440_0,CORDOBA,2024-10-10,130.95249705653234,"{""type"":""MultiPoint"",""coordinates"":[]}"
20241010T175228_20241013T090440_1,CENTENARIO,2024-10-10,130.8754376019446,"{""type"":""MultiPoint"",""coordinates"":[]}"
20241010T175228_20241013T090440_2,LA_BOCA,2024-10-10,114.29137655402153,"{""type"":""MultiPoint"",""coordinates"":[]}"
20241011T173319_20241014T045933_0,CORDOBA,2024-10-11,97.74247975131796,"{""type"":""MultiPoint"",""coordinates"":[]}"
20241011T173319_20241014T045933_1,CENTENARIO,2024-10-11,83.27152292673672,"{""type"":""MultiPoint"",""coordinates"":[]}"
20241011T173319_20241014T045933_2,LA_BOCA,2024-10-11,90.67450097856502,"{""type"":""MultiPoint"",""coordinates"":[]}"
20241012T171409_20241015T041531_0,CORDOBA,2024-10-12,80.82991455416705,"{""type"":""MultiPoint"",""coordinates"":[]}"
20241012T171409_20241015T041531_1,CENTENARIO,2024-10-12,97.29589838579058,"{""type"":""MultiPoint"",""coordinates"":[]}"
20241012T171409_20241015T041531_2,LA_BOCA,2024-10-12,105.26996328895018,"{""type"":""MultiPoint"",""coordinates"":[]}"
20241015T161642_20241017T133247_0,CORDOBA,2024-10-15,117.86659921659304,"{""type"":""MultiPoint"",""coordinates"":[]}"
20241015T161642_20241017T133247_1,CENTENARIO,2024-10-15,144.18438341228915,"{""type"":""MultiPoint"",""coordinates"":[]}"
20241015T161642_20241017T133247_2,LA_BOCA,2024-10-15,103.87157875561698,"{""type"":""MultiPoint"",""coordinates"":[]}"
20241015T175811_20241017T160425_0,CORDOBA,2024-10-15,162.6859601755823,"{""type"":""MultiPoint"",""coordinates"":[]}"
20241015T175811_20241017T160425_1,CENTENARIO,2024-10-15,162.6859593805514,"{""type"":""MultiPoint"",""coordinates"":[]}"
20241015T175811_20241017T160425_2,LA_BOCA,2024-10-15,66.70556624382137,"{""type"":""MultiPoint"",""coordinates"":[]}"
20241016T173902_20241018T101531_0,CORDOBA,2024-10-16,94.96316672894609,"{""type"":""MultiPoint"",""coordinates"":[]}"
20241016T173902_20241018T101531_1,CENTENARIO,2024-10-16,175.41293774951905,"{""type"":""MultiPoint"",""coordinates"":[]}"
20241016T173902_20241018T101531_2,LA_BOCA,2024-10-16,72.98688658965334,"{""type"":""MultiPoint"",""coordinates"":[]}"
20241017T171953_20241019T103625_0,CORDOBA,2024-10-17,287.0965292990599,"{""type"":""MultiPoint"",""coordinates"":[]}"
20241017T171953_20241019T103625_1,CENTENARIO,2024-10-17,264.426185115805,"{""type"":""MultiPoint"",""coordinates"":[]}"
20241017T171953_20241019T103625_2,LA_BOCA,2024-10-17,315.1992054190092,"{""type"":""MultiPoint"",""coordinates"":[]}"
20241018T170044_20241020T084836_0,CORDOBA,2024-10-18,165.82874485406816,"{""type"":""MultiPoint"",""coordinates"":[]}"
20241018T170044_20241020T084836_1,CENTENARIO,2024-10-18,306.5624030451243,"{""type"":""MultiPoint"",""coordinates"":[]}"
20241018T170044_20241020T084836_2,LA_BOCA,2024-10-18,133.53117685442356,"{""type"":""MultiPoint"",""coordinates"":[]}"
20241019T164135_20241021T083806_0,CORDOBA,2024-10-19,87.91147144670077,"{""type"":""MultiPoint"",""coordinates"":[]}"
20241019T164135_20241021T083806_1,CENTENARIO,2024-10-19,103.24473983860072,"{""type"":""MultiPoint"",""coordinates"":[]}"
20241019T164135_20241021T083806_2,LA_BOCA,2024-10-19,74.0697344342295,"{""type"":""MultiPoint"",""coordinates"":[]}"
20241020T162225_20241022T081207_0,CORDOBA,2024-10-20,45.273885568749186,"{""type"":""MultiPoint"",""coordinates"":[]}"
20241020T162225_20241022T081207_1,CENTENARIO,2024-10-20,54.86603434994225,"{""type"":""MultiPoint"",""coordinates"":[]}"
20241020T162225_20241022T081207_2,LA_BOCA,2024-10-20,32.96168287327956,"{""type"":""MultiPoint"",""coordinates"":[]}"
20241020T180355_20241022T100501_0,CORDOBA,2024-10-20,51.83347886513944,"{""type"":""MultiPoint"",""coordinates"":[]}"
20241020T180355_20241022T100501_1,CENTENARIO,2024-10-20,54.14395928495318,"{""type"":""MultiPoint"",""coordinates"":[]}"
20241020T180355_20241022T100501_2,LA_BOCA,2024-10-20,46.292838989706745,"{""type"":""MultiPoint"",""coordinates"":[]}"
20241021T174445_20241023T095725_0,CORDOBA,2024-10-21,134.6126809499654,"{""type"":""MultiPoint"",""coordinates"":[]}"
20241021T174445_20241023T095725_1,CENTENARIO,2024-10-21,132.01026363396002,"{""type"":""MultiPoint"",""coordinates"":[]}"
20241021T174445_20241023T095725_2,LA_BOCA,2024-10-21,147.4073935967244,"{""type"":""MultiPoint"",""coordinates"":[]}"
20241022T172536_20241024T091741_0,CORDOBA,2024-10-22,98.30947647042541,"{""type"":""MultiPoint"",""coordinates"":[]}"
20241022T172536_20241024T091741_1,CENTENARIO,2024-10-22,113.25041910754493,"{""type"":""MultiPoint"",""coordinates"":[]}"
20241022T172536_20241024T091741_2,LA_BOCA,2024-10-22,66.48971112524393,"{""type"":""MultiPoint"",""coordinates"":[]}"
20241026T160859_20241028T080048_0,CORDOBA,2024-10-26,70.70491762353231,"{""type"":""MultiPoint"",""coordinates"":[]}"
20241026T160859_20241028T080048_1,CENTENARIO,2024-10-26,71.30648983047725,"{""type"":""MultiPoint"",""coordinates"":[]}"
20241026T160859_20241028T080048_2,LA_BOCA,2024-10-26,85.47077742627053,"{""type"":""MultiPoint"",""coordinates"":[]}"
20241026T175029_20241028T111448_0,CORDOBA,2024-10-26,67.54073313041148,"{""type"":""MultiPoint"",""coordinates"":[]}"
20241026T175029_20241028T111448_1,CENTENARIO,2024-10-26,67.58367306569045,"{""type"":""MultiPoint"",""coordinates"":[]}"
20241026T175029_20241028T111448_2,LA_BOCA,2024-10-26,64.23096150972968,"{""type"":""MultiPoint"",""coordinates"":[]}"
20241027T173119_20241029T092038_0,CORDOBA,2024-10-27,73.49054409230477,"{""type"":""MultiPoint"",""coordinates"":[]}"
20241027T173119_20241029T092038_1,CENTENARIO,2024-10-27,81.35193880778726,"{""type"":""MultiPoint"",""coordinates"":[]}"
20241027T173119_20241029T092038_2,LA_BOCA,2024-10-27,82.29848363604103,"{""type"":""MultiPoint"",""coordinates"":[]}"
20241028T171210_20241030T113047_0,CORDOBA,2024-10-28,79.73720273882009,"{""type"":""MultiPoint"",""coordinates"":[]}"
20241028T171210_20241030T113047_1,CENTENARIO,2024-10-28,103.46716828942937,"{""type"":""MultiPoint"",""coordinates"":[]}"
20241028T171210_20241030T113047_2,LA_BOCA,2024-10-28,86.07165932302222,"{""type"":""MultiPoint"",""coordinates"":[]}"
20241029T165301_20241031T083654_0,CORDOBA,2024-10-29,103.69461535001295,"{""type"":""MultiPoint"",""coordinates"":[]}"
20241029T165301_20241031T083654_1,CENTENARIO,2024-10-29,115.54374711378024,"{""type"":""MultiPoint"",""coordinates"":[]}"
20241029T165301_20241031T083654_2,LA_BOCA,2024-10-29,132.82796795026147,"{""type"":""MultiPoint"",""coordinates"":[]}"
20241030T163351_20241101T081745_0,CORDOBA,2024-10-30,85.67409856468055,"{""type"":""MultiPoint"",""coordinates"":[]}"
20241030T163351_20241101T081745_1,CENTENARIO,2024-10-30,111.23176895394818,"{""type"":""MultiPoint"",""coordinates"":[]}"
20241030T163351_20241101T081745_2,LA_BOCA,2024-10-30,70.77586368538745,"{""type"":""MultiPoint"",""coordinates"":[]}"
20241031T161442_20241102T080835_0,CORDOBA,2024-10-31,64.27219921698094,"{""type"":""MultiPoint"",""coordinates"":[]}"
20241031T161442_20241102T080835_1,CENTENARIO,2024-10-31,64.23179963157824,"{""type"":""MultiPoint"",""coordinates"":[]}"
20241031T161442_20241102T080835_2,LA_BOCA,2024-10-31,65.15679382611154,"{""type"":""MultiPoint"",""coordinates"":[]}"
20241031T175612_20241102T100412_0,CORDOBA,2024-10-31,66.84362276255844,"{""type"":""MultiPoint"",""coordinates"":[]}"
20241031T175612_20241102T100412_1,CENTENARIO,2024-10-31,99.96749190770939,"{""type"":""MultiPoint"",""coordinates"":[]}"
20241031T175612_20241102T100412_2,LA_BOCA,2024-10-31,66.17168842348562,"{""type"":""MultiPoint"",""coordinates"":[]}"
20241101T173702_20241103T151710_0,CORDOBA,2024-11-01,29.640016352078316,"{""type"":""MultiPoint"",""coordinates"":[]}"
20241101T173702_20241103T151710_1,CENTENARIO,2024-11-01,51.06032797916855,"{""type"":""MultiPoint"",""coordinates"":[]}"
20241101T173702_20241103T151710_2,LA_BOCA,2024-11-01,42.05134827761396,"{""type"":""MultiPoint"",""coordinates"":[]}"
20241103T165843_20241106T155045_0,CORDOBA,2024-11-03,37.22488386150776,"{""type"":""MultiPoint"",""coordinates"":[]}"
20241103T165843_20241106T155045_1,CENTENARIO,2024-11-03,52.76205690692748,"{""type"":""MultiPoint"",""coordinates"":[]}"
20241103T165843_20241106T155045_2,LA_BOCA,2024-11-03,27.511375608573704,"{""type"":""MultiPoint"",""coordinates"":[]}"
20241105T162025_20241108T235807_0,CORDOBA,2024-11-05,33.15623904693563,"{""type"":""MultiPoint"",""coordinates"":[]}"
20241105T162025_20241108T235807_1,CENTENARIO,2024-11-05,69.32914490136098,"{""type"":""MultiPoint"",""coordinates"":[]}"
20241105T162025_20241108T235807_2,LA_BOCA,2024-11-05,28.881071903280965,"{""type"":""MultiPoint"",""coordinates"":[]}"
20241105T180154_20241109T051509_0,CORDOBA,2024-11-05,84.67720781874873,"{""type"":""MultiPoint"",""coordinates"":[]}"
20241105T180154_20241109T051509_1,CENTENARIO,2024-11-05,101.0125305991853,"{""type"":""MultiPoint"",""coordinates"":[]}"
20241105T180154_20241109T051509_2,LA_BOCA,2024-11-05,49.88186968996177,"{""type"":""MultiPoint"",""coordinates"":[]}"
20241106T174245_20241110T053501_0,CORDOBA,2024-11-06,109.0244986698873,"{""type"":""MultiPoint"",""coordinates"":[]}"
20241106T174245_20241110T053501_1,CENTENARIO,2024-11-06,142.8160015852774,"{""type"":""MultiPoint"",""coordinates"":[]}"
20241106T174245_20241110T053501_2,LA_BOCA,2024-11-06,99.0612171805169,"{""type"":""MultiPoint"",""coordinates"":[]}"
20241107T172335_20241111T060608_0,CORDOBA,2024-11-07,73.48584199600266,"{""type"":""MultiPoint"",""coordinates"":[]}"
20241107T172335_20241111T060608_1,CENTENARIO,2024-11-07,91.69071804731138,"{""type"":""MultiPoint"",""coordinates"":[]}"
20241107T172335_20241111T060608_2,LA_BOCA,2024-11-07,58.829376901540236,"{""type"":""MultiPoint"",""coordinates"":[]}"
20241108T170426_20241112T153953_0,CORDOBA,2024-11-08,137.46203902538568,"{""type"":""MultiPoint"",""coordinates"":[]}"
20241108T170426_20241112T153953_1,CENTENARIO,2024-11-08,245.03294347576968,"{""type"":""MultiPoint"",""coordinates"":[]}"
20241108T170426_20241112T153953_2,LA_BOCA,2024-11-08,110.86043362793014,"{""type"":""MultiPoint"",""coordinates"":[]}"
20241109T164517_20241113T131426_0,CORDOBA,2024-11-09,86.6018670688184,"{""type"":""MultiPoint"",""coordinates"":[]}"
20241109T164517_20241113T131426_1,CENTENARIO,2024-11-09,94.92908144022451,"{""type"":""MultiPoint"",""coordinates"":[]}"
20241109T164517_20241113T131426_2,LA_BOCA,2024-11-09,100.96782027421395,"{""type"":""MultiPoint"",""coordinates"":[]}"
20241110T162607_20241114T084016_0,CORDOBA,2024-11-10,67.8966685047726,"{""type"":""MultiPoint"",""coordinates"":[]}"
20241110T162607_20241114T084016_1,CENTENARIO,2024-11-10,54.237280523051986,"{""type"":""MultiPoint"",""coordinates"":[]}"
20241110T162607_20241114T084016_2,LA_BOCA,2024-11-10,86.60023303996525,"{""type"":""MultiPoint"",""coordinates"":[]}"
20241111T160658_20241115T020904_0,CORDOBA,2024-11-11,77.11698282214763,"{""type"":""MultiPoint"",""coordinates"":[]}"
20241111T160658_20241115T020904_1,CENTENARIO,2024-11-11,57.736038522801735,"{""type"":""MultiPoint"",""coordinates"":[]}"
20241111T160658_20241115T020904_2,LA_BOCA,2024-11-11,68.46986161529465,"{""type"":""MultiPoint"",""coordinates"":[]}"
20241111T174828_20241115T051213_0,CORDOBA,2024-11-11,53.62636891820497,"{""type"":""MultiPoint"",""coordinates"":[]}"
20241111T174828_20241115T051213_1,CENTENARIO,2024-11-11,54.03141451486397,"{""type"":""MultiPoint"",""coordinates"":[]}"
20241111T174828_20241115T051213_2,LA_BOCA,2024-11-11,36.69941807236514,"{""type"":""MultiPoint"",""coordinates"":[]}"
20241113T171009_20241116T184333_0,CORDOBA,2024-11-13,488.5663021418908,"{""type"":""MultiPoint"",""coordinates"":[]}"
20241113T171009_20241116T184333_1,CENTENARIO,2024-11-13,588.8030593467336,"{""type"":""MultiPoint"",""coordinates"":[]}"
20241113T171009_20241116T184333_2,LA_BOCA,2024-11-13,374.8590694390313,"{""type"":""MultiPoint"",""coordinates"":[]}"
20241114T165105_20241117T141035_0,CORDOBA,2024-11-14,95.60718847682175,"{""type"":""MultiPoint"",""coordinates"":[]}"
20241114T165105_20241117T141035_1,CENTENARIO,2024-11-14,84.45594148410831,"{""type"":""MultiPoint"",""coordinates"":[]}"
20241114T165105_20241117T141035_2,LA_BOCA,2024-11-14,103.24313225801673,"{""type"":""MultiPoint"",""coordinates"":[]}"
20241115T163201_20241118T091743_0,CORDOBA,2024-11-15,88.27797435583182,"{""type"":""MultiPoint"",""coordinates"":[]}"
20241115T163201_20241118T091743_1,CENTENARIO,2024-11-15,84.24989676102724,"{""type"":""MultiPoint"",""coordinates"":[]}"
20241115T163201_20241118T091743_2,LA_BOCA,2024-11-15,100.7945329308448,"{""type"":""MultiPoint"",""coordinates"":[]}"
20241116T175427_20241120T171255_0,CORDOBA,2024-11-16,97.85331242842958,"{""type"":""MultiPoint"",""coordinates"":[]}"
20241116T175427_20241120T171255_1,CENTENARIO,2024-11-16,97.53296112370458,"{""type"":""MultiPoint"",""coordinates"":[]}"
20241116T175427_20241120T171255_2,LA_BOCA,2024-11-16,99.68414429496478,"{""type"":""MultiPoint"",""coordinates"":[]}"
20241118T171619_20241121T195225_0,CORDOBA,2024-11-18,47.61186208226624,"{""type"":""MultiPoint"",""coordinates"":[]}"
20241118T171619_20241121T195225_1,CENTENARIO,2024-11-18,70.01825733212131,"{""type"":""MultiPoint"",""coordinates"":[]}"
20241118T171619_20241121T195225_2,LA_BOCA,2024-11-18,40.448305513583385,"{""type"":""MultiPoint"",""coordinates"":[]}"
20241120T163811_20241122T220950_0,CORDOBA,2024-11-20,59.48705778262152,"{""type"":""MultiPoint"",""coordinates"":[]}"
20241120T163811_20241122T220950_1,CENTENARIO,2024-11-20,86.73240913558399,"{""type"":""MultiPoint"",""coordinates"":[]}"
20241120T163811_20241122T220950_2,LA_BOCA,2024-11-20,42.61010142555408,"{""type"":""MultiPoint"",""coordinates"":[]}"
20241121T180037_20241123T132215_0,CORDOBA,2024-11-21,53.25360312656484,"{""type"":""MultiPoint"",""coordinates"":[]}"
20241121T180037_20241123T132215_1,CENTENARIO,2024-11-21,53.25304862914933,"{""type"":""MultiPoint"",""coordinates"":[]}"
20241121T180037_20241123T132215_2,LA_BOCA,2024-11-21,46.11222747305552,"{""type"":""MultiPoint"",""coordinates"":[]}"
20241122T174134_20241124T095557_0,CORDOBA,2024-11-22,63.04871743556826,"{""type"":""MultiPoint"",""coordinates"":[]}"
20241122T174134_20241124T095557_1,CENTENARIO,2024-11-22,68.37602906265927,"{""type"":""MultiPoint"",""coordinates"":[]}"
20241122T174134_20241124T095557_2,LA_BOCA,2024-11-22,62.27111598151724,"{""type"":""MultiPoint"",""coordinates"":[]}"
20241123T172230_20241125T093406_0,CORDOBA,2024-11-23,56.777589322778994,"{""type"":""MultiPoint"",""coordinates"":[]}"
20241123T172230_20241125T093406_1,CENTENARIO,2024-11-23,69.7793905164886,"{""type"":""MultiPoint"",""coordinates"":[]}"
20241123T172230_20241125T093406_2,LA_BOCA,2024-11-23,56.59304483950072,"{""type"":""MultiPoint"",""coordinates"":[]}"
20241124T170327_20241126T091844_0,CORDOBA,2024-11-24,89.96960026371607,"{""type"":""MultiPoint"",""coordinates"":[]}"
20241124T170327_20241126T091844_1,CENTENARIO,2024-11-24,97.3426369927971,"{""type"":""MultiPoint"",""coordinates"":[]}"
20241124T170327_20241126T091844_2,LA_BOCA,2024-11-24,62.84300019961415,"{""type"":""MultiPoint"",""coordinates"":[]}"
20241126T162521_20241128T083709_0,CORDOBA,2024-11-26,208.7692829359145,"{""type"":""MultiPoint"",""coordinates"":[]}"
20241126T162521_20241128T083709_1,CENTENARIO,2024-11-26,202.01714896849603,"{""type"":""MultiPoint"",""coordinates"":[]}"
20241126T162521_20241128T083709_2,LA_BOCA,2024-11-26,186.78022919956965,"{""type"":""MultiPoint"",""coordinates"":[]}"
20241127T174747_20241129T101053_0,CORDOBA,2024-11-27,107.90870385939486,"{""type"":""MultiPoint"",""coordinates"":[]}"
20241127T174747_20241129T101053_1,CENTENARIO,2024-11-27,117.2166229805682,"{""type"":""MultiPoint"",""coordinates"":[]}"
20241127T174747_20241129T101053_2,LA_BOCA,2024-11-27,105.69101261893042,"{""type"":""MultiPoint"",""coordinates"":[]}"
20241128T172844_20241130T095452_0,CORDOBA,2024-11-28,74.6656752697097,"{""type"":""MultiPoint"",""coordinates"":[]}"
20241128T172844_20241130T095452_1,CENTENARIO,2024-11-28,95.8741421847041,"{""type"":""MultiPoint"",""coordinates"":[]}"
20241128T172844_20241130T095452_2,LA_BOCA,2024-11-28,63.490762650677645,"{""type"":""MultiPoint"",""coordinates"":[]}"
20241129T170941_20241201T093130_0,CORDOBA,2024-11-29,103.92780227839563,"{""type"":""MultiPoint"",""coordinates"":[]}"
20241129T170941_20241201T093130_1,CENTENARIO,2024-11-29,111.42912774586556,"{""type"":""MultiPoint"",""coordinates"":[]}"
20241129T170941_20241201T093130_2,LA_BOCA,2024-11-29,96.95381018453791,"{""type"":""MultiPoint"",""coordinates"":[]}"
20241130T165038_20241202T090848_0,CORDOBA,2024-11-30,71.13862932594715,"{""type"":""MultiPoint"",""coordinates"":[]}"
20241130T165038_20241202T090848_1,CENTENARIO,2024-11-30,113.58953675642488,"{""type"":""MultiPoint"",""coordinates"":[]}"
20241130T165038_20241202T090848_2,LA_BOCA,2024-11-30,52.51284807250993,"{""type"":""MultiPoint"",""coordinates"":[]}"
20241202T161233_20241204T082601_0,CORDOBA,2024-12-02,59.03054103069534,"{""type"":""MultiPoint"",""coordinates"":[]}"
20241202T161233_20241204T082601_1,CENTENARIO,2024-12-02,49.47367296303248,"{""type"":""MultiPoint"",""coordinates"":[]}"
20241202T161233_20241204T082601_2,LA_BOCA,2024-12-02,79.84501063975372,"{""type"":""MultiPoint"",""coordinates"":[]}"
20241203T173500_20241205T100157_0,CORDOBA,2024-12-03,139.43436675197125,"{""type"":""MultiPoint"",""coordinates"":[]}"
20241203T173500_20241205T100157_1,CENTENARIO,2024-12-03,136.22714407740736,"{""type"":""MultiPoint"",""coordinates"":[]}"
20241203T173500_20241205T100157_2,LA_BOCA,2024-12-03,137.89759300871415,"{""type"":""MultiPoint"",""coordinates"":[]}"
20241204T171558_20241206T094345_0,CORDOBA,2024-12-04,77.35898632805798,"{""type"":""MultiPoint"",""coordinates"":[]}"
20241204T171558_20241206T094345_1,CENTENARIO,2024-12-04,80.19324429873022,"{""type"":""MultiPoint"",""coordinates"":[]}"
20241204T171558_20241206T094345_2,LA_BOCA,2024-12-04,91.90153643123236,"{""type"":""MultiPoint"",""coordinates"":[]}"
20241205T165655_20241207T095456_0,CORDOBA,2024-12-05,84.9578249183303,"{""type"":""MultiPoint"",""coordinates"":[]}"
20241205T165655_20241207T095456_1,CENTENARIO,2024-12-05,69.47552155244834,"{""type"":""MultiPoint"",""coordinates"":[]}"
20241205T165655_20241207T095456_2,LA_BOCA,2024-12-05,116.01159022716713,"{""type"":""MultiPoint"",""coordinates"":[]}"
20241206T163753_20241208T085534_0,CORDOBA,2024-12-06,358.58513574774037,"{""type"":""MultiPoint"",""coordinates"":[]}"
20241206T163753_20241208T085534_2,LA_BOCA,2024-12-06,338.3769365094759,"{""type"":""MultiPoint"",""coordinates"":[]}"
20241207T161850_20241209T083837_0,CORDOBA,2024-12-07,64.07615694297165,"{""type"":""MultiPoint"",""coordinates"":[]}"
20241207T161850_20241209T083837_1,CENTENARIO,2024-12-07,49.054475771797584,"{""type"":""MultiPoint"",""coordinates"":[]}"
20241207T161850_20241209T083837_2,LA_BOCA,2024-12-07,56.80034307120655,"{""type"":""MultiPoint"",""coordinates"":[]}"
20241207T180020_20241209T141907_0,CORDOBA,2024-12-07,54.89361378619817,"{""type"":""MultiPoint"",""coordinates"":[]}"
20241207T180020_20241209T141907_1,CENTENARIO,2024-12-07,55.267505622356246,"{""type"":""MultiPoint"",""coordinates"":[]}"
20241207T180020_20241209T141907_2,LA_BOCA,2024-12-07,44.30614090671783,"{""type"":""MultiPoint"",""coordinates"":[]}"
20241208T174118_20241210T142844_0,CORDOBA,2024-12-08,100.22407066700742,"{""type"":""MultiPoint"",""coordinates"":[]}"
20241208T174118_20241210T142844_1,CENTENARIO,2024-12-08,100.8667863396422,"{""type"":""MultiPoint"",""coordinates"":[]}"
20241208T174118_20241210T142844_2,LA_BOCA,2024-12-08,82.60437866811108,"{""type"":""MultiPoint"",""coordinates"":[]}"
20241209T172216_20241211T093631_1,CENTENARIO,2024-12-09,197.75701717805242,"{""type"":""MultiPoint"",""coordinates"":[]}"
20241210T170314_20241212T091955_0,CORDOBA,2024-12-10,127.57280000484597,"{""type"":""MultiPoint"",""coordinates"":[]}"
20241210T170314_20241212T091955_1,CENTENARIO,2024-12-10,147.03893215749042,"{""type"":""MultiPoint"",""coordinates"":[]}"
20241210T170314_20241212T091955_2,LA_BOCA,2024-12-10,122.91640802264203,"{""type"":""MultiPoint"",""coordinates"":[]}"
20241211T164412_20241213T085559_0,CORDOBA,2024-12-11,72.14503517001329,"{""type"":""MultiPoint"",""coordinates"":[]}"
20241211T164412_20241213T085559_1,CENTENARIO,2024-12-11,147.18586899645175,"{""type"":""MultiPoint"",""coordinates"":[]}"
20241211T164412_20241213T085559_2,LA_BOCA,2024-12-11,62.37211219331592,"{""type"":""MultiPoint"",""coordinates"":[]}"
20241212T162511_20241214T083546_0,CORDOBA,2024-12-12,55.6002232769924,"{""type"":""MultiPoint"",""coordinates"":[]}"
20241212T162511_20241214T083546_1,CENTENARIO,2024-12-12,63.855110188296436,"{""type"":""MultiPoint"",""coordinates"":[]}"
20241212T162511_20241214T083546_2,LA_BOCA,2024-12-12,75.63085026532424,"{""type"":""MultiPoint"",""coordinates"":[]}"
20241213T174739_20241215T101935_0,CORDOBA,2024-12-13,76.36971769965368,"{""type"":""MultiPoint"",""coordinates"":[]}"
20241213T174739_20241215T101935_1,CENTENARIO,2024-12-13,76.37756148883966,"{""type"":""MultiPoint"",""coordinates"":[]}"
20241213T174739_20241215T101935_2,LA_BOCA,2024-12-13,36.622379756182,"{""type"":""MultiPoint"",""coordinates"":[]}"
20241214T172838_20241216T095741_0,CORDOBA,2024-12-14,38.619022514052396,"{""type"":""MultiPoint"",""coordinates"":[]}"
20241214T172838_20241216T095741_1,CENTENARIO,2024-12-14,43.74997610672184,"{""type"":""MultiPoint"",""coordinates"":[]}"
20241214T172838_20241216T095741_2,LA_BOCA,2024-12-14,41.329204445488806,"{""type"":""MultiPoint"",""coordinates"":[]}"
20241215T170936_20241217T093515_0,CORDOBA,2024-12-15,55.511243897883986,"{""type"":""MultiPoint"",""coordinates"":[]}"
20241215T170936_20241217T093515_1,CENTENARIO,2024-12-15,28.360431630611963,"{""type"":""MultiPoint"",""coordinates"":[]}"
20241215T170936_20241217T093515_2,LA_BOCA,2024-12-15,47.38510539035039,"{""type"":""MultiPoint"",""coordinates"":[]}"
20241216T165035_20241218T091030_0,CORDOBA,2024-12-16,112.92890293715799,"{""type"":""MultiPoint"",""coordinates"":[]}"
20241216T165035_20241218T091030_1,CENTENARIO,2024-12-16,221.36102830503768,"{""type"":""MultiPoint"",""coordinates"":[]}"
20241216T165035_20241218T091030_2,LA_BOCA,2024-12-16,100.14699911814249,"{""type"":""MultiPoint"",""coordinates"":[]}"
20241217T163134_20241219T084949_0,CORDOBA,2024-12-17,56.420887504873605,"{""type"":""MultiPoint"",""coordinates"":[]}"
20241217T163134_20241219T084949_1,CENTENARIO,2024-12-17,83.35848477079054,"{""type"":""MultiPoint"",""coordinates"":[]}"
20241217T163134_20241219T084949_2,LA_BOCA,2024-12-17,62.21900057152502,"{""type"":""MultiPoint"",""coordinates"":[]}"
20241218T161233_20241220T082428_0,CORDOBA,2024-12-18,68.90814705545651,"{""type"":""MultiPoint"",""coordinates"":[]}"
20241218T161233_20241220T082428_1,CENTENARIO,2024-12-18,68.91779127639828,"{""type"":""MultiPoint"",""coordinates"":[]}"
20241218T161233_20241220T082428_2,LA_BOCA,2024-12-18,97.37064309376406,"{""type"":""MultiPoint"",""coordinates"":[]}"
20241219T173502_20241221T101035_0,CORDOBA,2024-12-19,233.95644143737056,"{""type"":""MultiPoint"",""coordinates"":[]}"
20241219T173502_20241221T101035_1,CENTENARIO,2024-12-19,230.7135645663599,"{""type"":""MultiPoint"",""coordinates"":[]}"
20241219T173502_20241221T101035_2,LA_BOCA,2024-12-19,251.8867825241015,"{""type"":""MultiPoint"",""coordinates"":[]}"
20241220T171601_20241222T093131_0,CORDOBA,2024-12-20,158.83804065333908,"{""type"":""MultiPoint"",""coordinates"":[]}"
20241220T171601_20241222T093131_1,CENTENARIO,2024-12-20,135.24060047730626,"{""type"":""MultiPoint"",""coordinates"":[]}"
20241220T171601_20241222T093131_2,LA_BOCA,2024-12-20,130.63320629024506,"{""type"":""MultiPoint"",""coordinates"":[]}"
20241222T163800_20241224T085241_0,CORDOBA,2024-12-22,39.52631648821072,"{""type"":""MultiPoint"",""coordinates"":[]}"
20241222T163800_20241224T085241_1,CENTENARIO,2024-12-22,59.90494357592342,"{""type"":""MultiPoint"",""coordinates"":[]}"
20241222T163800_20241224T085241_2,LA_BOCA,2024-12-22,61.72995235025174,"{""type"":""MultiPoint"",""coordinates"":[]}"
20241223T161859_20241225T084539_0,CORDOBA,2024-12-23,47.03322362692102,"{""type"":""MultiPoint"",""coordinates"":[]}"
20241223T161859_20241225T084539_1,CENTENARIO,2024-12-23,43.583810402129124,"{""type"":""MultiPoint"",""coordinates"":[]}"
20241223T161859_20241225T084539_2,LA_BOCA,2024-12-23,63.99636946535361,"{""type"":""MultiPoint"",""coordinates"":[]}"
20241223T180029_20241225T103318_0,CORDOBA,2024-12-23,50.38529696248173,"{""type"":""MultiPoint"",""coordinates"":[]}"
20241223T180029_20241225T103318_1,CENTENARIO,2024-12-23,53.97348513973232,"{""type"":""MultiPoint"",""coordinates"":[]}"
20241223T180029_20241225T103318_2,LA_BOCA,2024-12-23,56.62797278721485,"{""type"":""MultiPoint"",""coordinates"":[]}"
20241226T170329_20241228T091842_2,LA_BOCA,2024-12-26,53.68158266002792,"{""type"":""MultiPoint"",""coordinates"":[]}"
20241227T164429_20241229T085930_0,CORDOBA,2024-12-27,122.54155456933007,"{""type"":""MultiPoint"",""coordinates"":[]}"
20241227T164429_20241229T085930_1,CENTENARIO,2024-12-27,99.38073400223813,"{""type"":""MultiPoint"",""coordinates"":[]}"
20241227T164429_20241229T085930_2,LA_BOCA,2024-12-27,95.7110460719869,"{""type"":""MultiPoint"",""coordinates"":[]}"
20241228T162529_20241230T084422_0,CORDOBA,2024-12-28,68.90603048860854,"{""type"":""MultiPoint"",""coordinates"":[]}"
20241228T162529_20241230T084422_1,CENTENARIO,2024-12-28,125.2269857123154,"{""type"":""MultiPoint"",""coordinates"":[]}"
20241228T162529_20241230T084422_2,LA_BOCA,2024-12-28,39.14695938430415,"{""type"":""MultiPoint"",""coordinates"":[]}"
20241229T160629_20241231T082601_0,CORDOBA,2024-12-29,29.488262760681234,"{""type"":""MultiPoint"",""coordinates"":[]}"
20241229T160629_20241231T082601_1,CENTENARIO,2024-12-29,48.55307919455022,"{""type"":""MultiPoint"",""coordinates"":[]}"
20241229T160629_20241231T082601_2,LA_BOCA,2024-12-29,35.85563469378703,"{""type"":""MultiPoint"",""coordinates"":[]}"
20241229T174759_20241231T100319_0,CORDOBA,2024-12-29,62.9513943809058,"{""type"":""MultiPoint"",""coordinates"":[]}"
20241229T174759_20241231T100319_1,CENTENARIO,2024-12-29,65.07622221704628,"{""type"":""MultiPoint"",""coordinates"":[]}"
20241229T174759_20241231T100319_2,LA_BOCA,2024-12-29,58.164086973515545,"{""type"":""MultiPoint"",""coordinates"":[]}"
20241230T172859_20250101T204330_0,CORDOBA,2024-12-30,106.5393790573474,"{""type"":""MultiPoint"",""coordinates"":[]}"
20241230T172859_20250101T204330_1,CENTENARIO,2024-12-30,105.85658518761164,"{""type"":""MultiPoint"",""coordinates"":[]}"
20241230T172859_20250101T204330_2,LA_BOCA,2024-12-30,114.93454620540903,"{""type"":""MultiPoint"",""coordinates"":[]}"
20241231T170959_20250102T202041_0,CORDOBA,2024-12-31,115.63504540297622,"{""type"":""MultiPoint"",""coordinates"":[]}"
20241231T170959_20250102T202041_1,CENTENARIO,2024-12-31,103.12907591414638,"{""type"":""MultiPoint"",""coordinates"":[]}"
20241231T170959_20250102T202041_2,LA_BOCA,2024-12-31,85.67393953983587,"{""type"":""MultiPoint"",""coordinates"":[]}"
20250101T165100_20250103T153833_0,CORDOBA,2025-01-01,67.5159505395846,"{""type"":""MultiPoint"",""coordinates"":[]}"
20250101T165100_20250103T153833_1,CENTENARIO,2025-01-01,51.05532378581435,"{""type"":""MultiPoint"",""coordinates"":[]}"
20250101T165100_20250103T153833_2,LA_BOCA,2025-01-01,47.042396677693624,"{""type"":""MultiPoint"",""coordinates"":[]}"
20250102T163200_20250104T154422_0,CORDOBA,2025-01-02,72.31675044574538,"{""type"":""MultiPoint"",""coordinates"":[]}"
20250102T163200_20250104T154422_1,CENTENARIO,2025-01-02,62.5554035430821,"{""type"":""MultiPoint"",""coordinates"":[]}"
20250102T163200_20250104T154422_2,LA_BOCA,2025-01-02,54.163143325651596,"{""type"":""MultiPoint"",""coordinates"":[]}"
20250103T161301_20250105T121217_0,CORDOBA,2025-01-03,74.98102646087885,"{""type"":""MultiPoint"",""coordinates"":[]}"
20250103T161301_20250105T121217_1,CENTENARIO,2025-01-03,75.47776443789698,"{""type"":""MultiPoint"",""coordinates"":[]}"
20250103T161301_20250105T121217_2,LA_BOCA,2025-01-03,68.3548040941427,"{""type"":""MultiPoint"",""coordinates"":[]}"
20250103T175431_20250105T101313_0,CORDOBA,2025-01-03,59.67992547084085,"{""type"":""MultiPoint"",""coordinates"":[]}"
20250103T175431_20250105T101313_1,CENTENARIO,2025-01-03,50.98204004181186,"{""type"":""MultiPoint"",""coordinates"":[]}"
20250103T175431_20250105T101313_2,LA_BOCA,2025-01-03,46.85084968753593,"{""type"":""MultiPoint"",""coordinates"":[]}"
20250104T173531_20250106T095019_0,CORDOBA,2025-01-04,86.44470366951384,"{""type"":""MultiPoint"",""coordinates"":[]}"
20250104T173531_20250106T095019_1,CENTENARIO,2025-01-04,137.41605440042503,"{""type"":""MultiPoint"",""coordinates"":[]}"
20250104T173531_20250106T095019_2,LA_BOCA,2025-01-04,58.979555044922726,"{""type"":""MultiPoint"",""coordinates"":[]}"
20250105T171632_20250107T093125_0,CORDOBA,2025-01-05,62.50752962942131,"{""type"":""MultiPoint"",""coordinates"":[]}"
20250105T171632_20250107T093125_1,CENTENARIO,2025-01-05,87.7589273353192,"{""type"":""MultiPoint"",""coordinates"":[]}"
20250105T171632_20250107T093125_2,LA_BOCA,2025-01-05,48.00756895104966,"{""type"":""MultiPoint"",""coordinates"":[]}"
20250106T165733_20250108T091246_0,CORDOBA,2025-01-06,75.59896887261522,"{""type"":""MultiPoint"",""coordinates"":[]}"
20250106T165733_20250108T091246_1,CENTENARIO,2025-01-06,113.95005263282651,"{""type"":""MultiPoint"",""coordinates"":[]}"
20250106T165733_20250108T091246_2,LA_BOCA,2025-01-06,52.293692859822144,"{""type"":""MultiPoint"",""coordinates"":[]}"
20250107T163834_20250109T085415_0,CORDOBA,2025-01-07,90.15990817534562,"{""type"":""MultiPoint"",""coordinates"":[]}"
20250107T163834_20250109T085415_1,CENTENARIO,2025-01-07,131.37348202891792,"{""type"":""MultiPoint"",""coordinates"":[]}"
20250107T163834_20250109T085415_2,LA_BOCA,2025-01-07,70.4877580866248,"{""type"":""MultiPoint"",""coordinates"":[]}"
20250108T161935_20250110T083410_0,CORDOBA,2025-01-08,80.70771155561016,"{""type"":""MultiPoint"",""coordinates"":[]}"
20250108T161935_20250110T083410_1,CENTENARIO,2025-01-08,90.39038996879381,"{""type"":""MultiPoint"",""coordinates"":[]}"
20250108T161935_20250110T083410_2,LA_BOCA,2025-01-08,57.423807716658786,"{""type"":""MultiPoint"",""coordinates"":[]}"
20250108T180105_20250110T102537_0,CORDOBA,2025-01-08,80.35653559795486,"{""type"":""MultiPoint"",""coordinates"":[]}"
20250108T180105_20250110T102537_1,CENTENARIO,2025-01-08,86.19114772621748,"{""type"":""MultiPoint"",""coordinates"":[]}"
20250108T180105_20250110T102537_2,LA_BOCA,2025-01-08,69.28897505369567,"{""type"":""MultiPoint"",""coordinates"":[]}"
20250109T160036_20250111T080703_0,CORDOBA,2025-01-09,56.43692763438052,"{""type"":""MultiPoint"",""coordinates"":[]}"
20250109T160036_20250111T080703_1,CENTENARIO,2025-01-09,56.584526653785126,"{""type"":""MultiPoint"",""coordinates"":[]}"
20250109T160036_20250111T080703_2,LA_BOCA,2025-01-09,48.821005752216344,"{""type"":""MultiPoint"",""coordinates"":[]}"
20250109T174206_20250111T100223_0,CORDOBA,2025-01-09,68.63811065993268,"{""type"":""MultiPoint"",""coordinates"":[]}"
20250109T174206_20250111T100223_1,CENTENARIO,2025-01-09,107.90019510587159,"{""type"":""MultiPoint"",""coordinates"":[]}"
20250109T174206_20250111T100223_2,LA_BOCA,2025-01-09,70.85980937937403,"{""type"":""MultiPoint"",""coordinates"":[]}"
20250110T172307_20250112T093724_0,CORDOBA,2025-01-10,72.69285643326167,"{""type"":""MultiPoint"",""coordinates"":[]}"
20250110T172307_20250112T093724_1,CENTENARIO,2025-01-10,90.48076427287477,"{""type"":""MultiPoint"",""coordinates"":[]}"
20250110T172307_20250112T093724_2,LA_BOCA,2025-01-10,64.32531981281755,"{""type"":""MultiPoint"",""coordinates"":[]}"
20250111T170408_20250113T091150_0,CORDOBA,2025-01-11,44.284274272699406,"{""type"":""MultiPoint"",""coordinates"":[]}"
20250111T170408_20250113T091150_1,CENTENARIO,2025-01-11,59.55597007055051,"{""type"":""MultiPoint"",""coordinates"":[]}"
20250111T170408_20250113T091150_2,LA_BOCA,2025-01-11,37.46574514119661,"{""type"":""MultiPoint"",""coordinates"":[]}"
20250112T164509_20250114T085240_0,CORDOBA,2025-01-12,53.643301354918286,"{""type"":""MultiPoint"",""coordinates"":[]}"
20250112T164509_20250114T085240_1,CENTENARIO,2025-01-12,62.91346654249084,"{""type"":""MultiPoint"",""coordinates"":[]}"
20250112T164509_20250114T085240_2,LA_BOCA,2025-01-12,51.641014305286504,"{""type"":""MultiPoint"",""coordinates"":[]}"
20250113T162611_20250115T084444_0,CORDOBA,2025-01-13,40.84452983271222,"{""type"":""MultiPoint"",""coordinates"":[]}"
20250113T162611_20250115T084444_1,CENTENARIO,2025-01-13,73.05866832216626,"{""type"":""MultiPoint"",""coordinates"":[]}"
20250113T162611_20250115T084444_2,LA_BOCA,2025-01-13,44.40081635817452,"{""type"":""MultiPoint"",""coordinates"":[]}"
20250114T160712_20250116T082225_0,CORDOBA,2025-01-14,51.03803782035973,"{""type"":""MultiPoint"",""coordinates"":[]}"
20250114T160712_20250116T082225_1,CENTENARIO,2025-01-14,72.1682217741481,"{""type"":""MultiPoint"",""coordinates"":[]}"
20250114T160712_20250116T082225_2,LA_BOCA,2025-01-14,52.77386444296318,"{""type"":""MultiPoint"",""coordinates"":[]}"
20250114T174843_20250116T101416_0,CORDOBA,2025-01-14,88.79484388617095,"{""type"":""MultiPoint"",""coordinates"":[]}"
20250114T174843_20250116T101416_1,CENTENARIO,2025-01-14,88.70672451657947,"{""type"":""MultiPoint"",""coordinates"":[]}"
20250114T174843_20250116T101416_2,LA_BOCA,2025-01-14,91.2261872647212,"{""type"":""MultiPoint"",""coordinates"":[]}"
20250115T172944_20250117T095534_0,CORDOBA,2025-01-15,100.0970398563122,"{""type"":""MultiPoint"",""coordinates"":[]}"
20250115T172944_20250117T095534_1,CENTENARIO,2025-01-15,132.3973023484856,"{""type"":""MultiPoint"",""coordinates"":[]}"
20250115T172944_20250117T095534_2,LA_BOCA,2025-01-15,75.43670565726855,"{""type"":""MultiPoint"",""coordinates"":[]}"
20250116T171046_20250118T093128_0,CORDOBA,2025-01-16,105.93724083161875,"{""type"":""MultiPoint"",""coordinates"":[]}"
20250116T171046_20250118T093128_1,CENTENARIO,2025-01-16,135.14923310939088,"{""type"":""MultiPoint"",""coordinates"":[]}"
20250116T171046_20250118T093128_2,LA_BOCA,2025-01-16,86.02826326394658,"{""type"":""MultiPoint"",""coordinates"":[]}"
20250117T165148_20250119T090645_0,CORDOBA,2025-01-17,67.24761136770216,"{""type"":""MultiPoint"",""coordinates"":[]}"
20250117T165148_20250119T090645_1,CENTENARIO,2025-01-17,111.59122185545989,"{""type"":""MultiPoint"",""coordinates"":[]}"
20250117T165148_20250119T090645_2,LA_BOCA,2025-01-17,67.09301628889764,"{""type"":""MultiPoint"",""coordinates"":[]}"
20250118T163250_20250120T084804_2,LA_BOCA,2025-01-18,44.8034697201166,"{""type"":""MultiPoint"",""coordinates"":[]}"
20250120T173624_20250123T121330_0,CORDOBA,2025-01-20,55.62916700484444,"{""type"":""MultiPoint"",""coordinates"":[]}"
20250120T173624_20250123T121330_1,CENTENARIO,2025-01-20,70.62601324914412,"{""type"":""MultiPoint"",""coordinates"":[]}"
20250120T173624_20250123T121330_2,LA_BOCA,2025-01-20,35.76084491219164,"{""type"":""MultiPoint"",""coordinates"":[]}"
20250121T171726_20250123T094030_0,CORDOBA,2025-01-21,89.97702768984819,"{""type"":""MultiPoint"",""coordinates"":[]}"
20250121T171726_20250123T094030_1,CENTENARIO,2025-01-21,76.77711545365364,"{""type"":""MultiPoint"",""coordinates"":[]}"
20250121T171726_20250123T094030_2,LA_BOCA,2025-01-21,147.9583992190354,"{""type"":""MultiPoint"",""coordinates"":[]}"
20250122T165828_20250124T091617_0,CORDOBA,2025-01-22,165.22442010246615,"{""type"":""MultiPoint"",""coordinates"":[]}"
20250122T165828_20250124T091617_1,CENTENARIO,2025-01-22,129.26908126766625,"{""type"":""MultiPoint"",""coordinates"":[]}"
20250122T165828_20250124T091617_2,LA_BOCA,2025-01-22,207.09822829544768,"{""type"":""MultiPoint"",""coordinates"":[]}"
20250123T163930_20250125T085516_0,CORDOBA,2025-01-23,104.12409364525386,"{""type"":""MultiPoint"",""coordinates"":[]}"
20250123T163930_20250125T085516_1,CENTENARIO,2025-01-23,149.20653611118794,"{""type"":""MultiPoint"",""coordinates"":[]}"
20250123T163930_20250125T085516_2,LA_BOCA,2025-01-23,106.74606780837692,"{""type"":""MultiPoint"",""coordinates"":[]}"
20250125T160135_20250127T082034_0,CORDOBA,2025-01-25,25.148692602452442,"{""type"":""MultiPoint"",""coordinates"":[]}"
20250125T160135_20250127T082034_2,LA_BOCA,2025-01-25,23.969441674217943,"{""type"":""MultiPoint"",""coordinates"":[]}"
20250125T174305_20250127T101005_0,CORDOBA,2025-01-25,35.627934298401335,"{""type"":""MultiPoint"",""coordinates"":[]}"
20250125T174305_20250127T101005_1,CENTENARIO,2025-01-25,76.072105933625,"{""type"":""MultiPoint"",""coordinates"":[]}"
20250125T174305_20250127T101005_2,LA_BOCA,2025-01-25,25.331131834509087,"{""type"":""MultiPoint"",""coordinates"":[]}"
20250126T172408_20250128T094114_0,CORDOBA,2025-01-26,40.54175520872256,"{""type"":""MultiPoint"",""coordinates"":[]}"
20250126T172408_20250128T094114_1,CENTENARIO,2025-01-26,63.51027431239078,"{""type"":""MultiPoint"",""coordinates"":[]}"
20250126T172408_20250128T094114_2,LA_BOCA,2025-01-26,50.866485881629444,"{""type"":""MultiPoint"",""coordinates"":[]}"
20250128T164613_20250130T085807_0,CORDOBA,2025-01-28,72.90800840300936,"{""type"":""MultiPoint"",""coordinates"":[]}"
20250128T164613_20250130T085807_1,CENTENARIO,2025-01-28,121.53027584570735,"{""type"":""MultiPoint"",""coordinates"":[]}"
20250128T164613_20250130T085807_2,LA_BOCA,2025-01-28,69.94631260792144,"{""type"":""MultiPoint"",""coordinates"":[]}"
20250129T162715_20250131T082821_0,CORDOBA,2025-01-29,58.0960268301761,"{""type"":""MultiPoint"",""coordinates"":[]}"
20250129T162715_20250131T082821_1,CENTENARIO,2025-01-29,58.613495298137316,"{""type"":""MultiPoint"",""coordinates"":[]}"
20250129T162715_20250131T082821_2,LA_BOCA,2025-01-29,33.94387657636941,"{""type"":""MultiPoint"",""coordinates"":[]}"
20250130T160818_20250201T081128_0,CORDOBA,2025-01-30,33.65146717990955,"{""type"":""MultiPoint"",""coordinates"":[]}"
20250130T160818_20250201T081128_1,CENTENARIO,2025-01-30,37.24334561188524,"{""type"":""MultiPoint"",""coordinates"":[]}"
20250130T160818_20250201T081128_2,LA_BOCA,2025-01-30,22.508462523758627,"{""type"":""MultiPoint"",""coordinates"":[]}"
20250130T174948_20250202T085916_0,CORDOBA,2025-01-30,53.95816697272958,"{""type"":""MultiPoint"",""coordinates"":[]}"
20250130T174948_20250202T085916_1,CENTENARIO,2025-01-30,87.7882479187658,"{""type"":""MultiPoint"",""coordinates"":[]}"
20250130T174948_20250202T085916_2,LA_BOCA,2025-01-30,50.85315535244348,"{""type"":""MultiPoint"",""coordinates"":[]}"
20250131T173051_20250202T124000_0,CORDOBA,2025-01-31,88.19957767253852,"{""type"":""MultiPoint"",""coordinates"":[]}"
20250131T173051_20250202T124000_1,CENTENARIO,2025-01-31,106.98834687157512,"{""type"":""MultiPoint"",""coordinates"":[]}"
20250131T173051_20250202T124000_2,LA_BOCA,2025-01-31,90.02249940767629,"{""type"":""MultiPoint"",""coordinates"":[]}"
20250201T171154_20250203T093732_0,CORDOBA,2025-02-01,82.75852931716904,"{""type"":""MultiPoint"",""coordinates"":[]}"
20250201T171154_20250203T093732_1,CENTENARIO,2025-02-01,123.33692845883543,"{""type"":""MultiPoint"",""coordinates"":[]}"
20250201T171154_20250203T093732_2,LA_BOCA,2025-02-01,70.90612995302375,"{""type"":""MultiPoint"",""coordinates"":[]}"
20250202T165257_20250204T090749_0,CORDOBA,2025-02-02,40.2813028105229,"{""type"":""MultiPoint"",""coordinates"":[]}"
20250202T165257_20250204T090749_1,CENTENARIO,2025-02-02,41.13157715698803,"{""type"":""MultiPoint"",""coordinates"":[]}"
20250203T163400_20250205T145332_0,CORDOBA,2025-02-03,66.28689282094179,"{""type"":""MultiPoint"",""coordinates"":[]}"
20250203T163400_20250205T145332_1,CENTENARIO,2025-02-03,85.67340994517106,"{""type"":""MultiPoint"",""coordinates"":[]}"
20250203T163400_20250205T145332_2,LA_BOCA,2025-02-03,117.9961177128348,"{""type"":""MultiPoint"",""coordinates"":[]}"
20250204T175633_20250206T211711_0,CORDOBA,2025-02-04,204.3987833088336,"{""type"":""MultiPoint"",""coordinates"":[]}"
20250204T175633_20250206T211711_1,CENTENARIO,2025-02-04,210.9268368074811,"{""type"":""MultiPoint"",""coordinates"":[]}"
20250204T175633_20250206T211711_2,LA_BOCA,2025-02-04,168.53505250284766,"{""type"":""MultiPoint"",""coordinates"":[]}"
20250206T171839_20250208T093228_0,CORDOBA,2025-02-06,275.9667389793551,"{""type"":""MultiPoint"",""coordinates"":[]}"
20250206T171839_20250208T093228_1,CENTENARIO,2025-02-06,220.42979985014094,"{""type"":""MultiPoint"",""coordinates"":[]}"
20250206T171839_20250208T093228_2,LA_BOCA,2025-02-06,356.1041741718454,"{""type"":""MultiPoint"",""coordinates"":[]}"
20250207T165942_20250209T091425_0,CORDOBA,2025-02-07,89.66783428336717,"{""type"":""MultiPoint"",""coordinates"":[]}"
20250207T165942_20250209T091425_1,CENTENARIO,2025-02-07,109.9964558508971,"{""type"":""MultiPoint"",""coordinates"":[]}"
20250207T165942_20250209T091425_2,LA_BOCA,2025-02-07,78.39545569491735,"{""type"":""MultiPoint"",""coordinates"":[]}"
20250209T162148_20250211T083229_0,CORDOBA,2025-02-09,30.642106434121654,"{""type"":""MultiPoint"",""coordinates"":[]}"
20250209T162148_20250211T083229_1,CENTENARIO,2025-02-09,52.58393404915602,"{""type"":""MultiPoint"",""coordinates"":[]}"
20250209T162148_20250211T083229_2,LA_BOCA,2025-02-09,33.12020854809021,"{""type"":""MultiPoint"",""coordinates"":[]}"
20250209T180319_20250211T102141_0,CORDOBA,2025-02-09,29.27178988782579,"{""type"":""MultiPoint"",""coordinates"":[]}"
20250209T180319_20250211T102141_1,CENTENARIO,2025-02-09,37.57485614762794,"{""type"":""MultiPoint"",""coordinates"":[]}"
20250209T180319_20250211T102141_2,LA_BOCA,2025-02-09,29.04775211765669,"{""type"":""MultiPoint"",""coordinates"":[]}"
20250210T174422_20250212T100841_0,CORDOBA,2025-02-10,60.784068203864166,"{""type"":""MultiPoint"",""coordinates"":[]}"
20250210T174422_20250212T100841_1,CENTENARIO,2025-02-10,62.54902591854453,"{""type"":""MultiPoint"",""coordinates"":[]}"
20250210T174422_20250212T100841_2,LA_BOCA,2025-02-10,87.10006774922061,"{""type"":""MultiPoint"",""coordinates"":[]}"
20250213T164732_20250215T090853_0,CORDOBA,2025-02-13,111.32937668214944,"{""type"":""MultiPoint"",""coordinates"":[]}"
20250213T164732_20250215T090853_1,CENTENARIO,2025-02-13,168.12769171384653,"{""type"":""MultiPoint"",""coordinates"":[]}"
20250213T164732_20250215T090853_2,LA_BOCA,2025-02-13,79.07246827884042,"{""type"":""MultiPoint"",""coordinates"":[]}"
20250215T175109_20250217T101224_0,CORDOBA,2025-02-15,45.33225021646074,"{""type"":""MultiPoint"",""coordinates"":[]}"
20250215T175109_20250217T101224_1,CENTENARIO,2025-02-15,44.974953723872915,"{""type"":""MultiPoint"",""coordinates"":[]}"
20250215T175109_20250217T101224_2,LA_BOCA,2025-02-15,56.65440060973698,"{""type"":""MultiPoint"",""coordinates"":[]}"
20250216T173213_20250218T094834_0,CORDOBA,2025-02-16,116.4177979457798,"{""type"":""MultiPoint"",""coordinates"":[]}"
20250216T173213_20250218T094834_1,CENTENARIO,2025-02-16,87.81115117399143,"{""type"":""MultiPoint"",""coordinates"":[]}"
20250216T173213_20250218T094834_2,LA_BOCA,2025-02-16,152.36606789566716,"{""type"":""MultiPoint"",""coordinates"":[]}"
20250217T171316_20250219T092904_0,CORDOBA,2025-02-17,245.71813264444248,"{""type"":""MultiPoint"",""coordinates"":[]}"
20250217T171316_20250219T092904_1,CENTENARIO,2025-02-17,179.2378293197375,"{""type"":""MultiPoint"",""coordinates"":[]}"
20250217T171316_20250219T092904_2,LA_BOCA,2025-02-17,242.89820098577934,"{""type"":""MultiPoint"",""coordinates"":[]}"
20250218T165420_20250220T090516_0,CORDOBA,2025-02-18,229.83741762819017,"{""type"":""MultiPoint"",""coordinates"":[]}"
20250218T165420_20250220T090516_1,CENTENARIO,2025-02-18,222.42811346724497,"{""type"":""MultiPoint"",""coordinates"":[]}"
20250218T165420_20250220T090516_2,LA_BOCA,2025-02-18,267.65302821960876,"{""type"":""MultiPoint"",""coordinates"":[]}"
20250219T163523_20250221T084851_0,CORDOBA,2025-02-19,88.49076347246708,"{""type"":""MultiPoint"",""coordinates"":[]}"
20250219T163523_20250221T084851_1,CENTENARIO,2025-02-19,121.66090176616814,"{""type"":""MultiPoint"",""coordinates"":[]}"
20250219T163523_20250221T084851_2,LA_BOCA,2025-02-19,114.86670449068693,"{""type"":""MultiPoint"",""coordinates"":[]}"
20250220T161627_20250222T082634_0,CORDOBA,2025-02-20,64.44458386630039,"{""type"":""MultiPoint"",""coordinates"":[]}"
20250220T161627_20250222T082634_1,CENTENARIO,2025-02-20,61.361430165416486,"{""type"":""MultiPoint"",""coordinates"":[]}"
20250220T161627_20250222T082634_2,LA_BOCA,2025-02-20,86.57770178764905,"{""type"":""MultiPoint"",""coordinates"":[]}"
20250220T175757_20250222T102757_0,CORDOBA,2025-02-20,48.93460528081762,"{""type"":""MultiPoint"",""coordinates"":[]}"
20250220T175757_20250222T102757_1,CENTENARIO,2025-02-20,50.82235747621985,"{""type"":""MultiPoint"",""coordinates"":[]}"
20250220T175757_20250222T102757_2,LA_BOCA,2025-02-20,72.74190910504299,"{""type"":""MultiPoint"",""coordinates"":[]}"
20250221T173901_20250223T100305_0,CORDOBA,2025-02-21,65.50069685351211,"{""type"":""MultiPoint"",""coordinates"":[]}"
20250221T173901_20250223T100305_1,CENTENARIO,2025-02-21,81.28046377004115,"{""type"":""MultiPoint"",""coordinates"":[]}"
20250221T173901_20250223T100305_2,LA_BOCA,2025-02-21,101.04645866284265,"{""type"":""MultiPoint"",""coordinates"":[]}"
20250222T172004_20250224T093841_0,CORDOBA,2025-02-22,83.40387179266045,"{""type"":""MultiPoint"",""coordinates"":[]}"
20250222T172004_20250224T093841_1,CENTENARIO,2025-02-22,82.30170853947428,"{""type"":""MultiPoint"",""coordinates"":[]}"
20250222T172004_20250224T093841_2,LA_BOCA,2025-02-22,99.92119192216151,"{""type"":""MultiPoint"",""coordinates"":[]}"
20250227T172653_20250301T094504_0,CORDOBA,2025-02-27,38.486606711733245,"{""type"":""MultiPoint"",""coordinates"":[]}"
20250227T172653_20250301T094504_1,CENTENARIO,2025-02-27,45.57161722464973,"{""type"":""MultiPoint"",""coordinates"":[]}"
20250304T173341_20250306T094424_0,CORDOBA,2025-03-04,57.67184316926877,"{""type"":""MultiPoint"",""coordinates"":[]}"
20250304T173341_20250306T094424_1,CENTENARIO,2025-03-04,61.13801825756321,"{""type"":""MultiPoint"",""coordinates"":[]}"
20250304T173341_20250306T094424_2,LA_BOCA,2025-03-04,53.25149882611965,"{""type"":""MultiPoint"",""coordinates"":[]}"
20250305T171445_20250307T092451_0,CORDOBA,2025-03-05,170.24473359310394,"{""type"":""MultiPoint"",""coordinates"":[]}"
20250305T171445_20250307T092451_1,CENTENARIO,2025-03-05,201.19855358785244,"{""type"":""MultiPoint"",""coordinates"":[]}"
20250305T171445_20250307T092451_2,LA_BOCA,2025-03-05,139.74466996479725,"{""type"":""MultiPoint"",""coordinates"":[]}"
20250306T165549_20250308T090759_0,CORDOBA,2025-03-06,145.67972602928015,"{""type"":""MultiPoint"",""coordinates"":[]}"
20250306T165549_20250308T090759_1,CENTENARIO,2025-03-06,123.13204062419425,"{""type"":""MultiPoint"",""coordinates"":[]}"
20250306T165549_20250308T090759_2,LA_BOCA,2025-03-06,183.27209223925203,"{""type"":""MultiPoint"",""coordinates"":[]}"
20250307T163652_20250309T084337_0,CORDOBA,2025-03-07,59.06897782168375,"{""type"":""MultiPoint"",""coordinates"":[]}"
20250307T163652_20250309T084337_1,CENTENARIO,2025-03-07,56.187366284977955,"{""type"":""MultiPoint"",""coordinates"":[]}"
20250307T163652_20250309T084337_2,LA_BOCA,2025-03-07,67.11465933923485,"{""type"":""MultiPoint"",""coordinates"":[]}"
20250310T172134_20250312T093918_0,CORDOBA,2025-03-10,65.226314928553,"{""type"":""MultiPoint"",""coordinates"":[]}"
20250310T172134_20250312T093918_1,CENTENARIO,2025-03-10,78.18325462189247,"{""type"":""MultiPoint"",""coordinates"":[]}"
20250310T172134_20250312T093918_2,LA_BOCA,2025-03-10,80.9652654629275,"{""type"":""MultiPoint"",""coordinates"":[]}"
20250313T162447_20250315T083407_0,CORDOBA,2025-03-13,93.20785989297596,"{""type"":""MultiPoint"",""coordinates"":[]}"
20250313T162447_20250315T083407_1,CENTENARIO,2025-03-13,81.54814793037865,"{""type"":""MultiPoint"",""coordinates"":[]}"
20250313T162447_20250315T083407_2,LA_BOCA,2025-03-13,79.42994086427667,"{""type"":""MultiPoint"",""coordinates"":[]}"
20250313T180618_20250315T101951_0,CORDOBA,2025-03-13,84.55742343637452,"{""type"":""MultiPoint"",""coordinates"":[]}"
20250313T180618_20250315T101951_1,CENTENARIO,2025-03-13,85.67592692400349,"{""type"":""MultiPoint"",""coordinates"":[]}"
20250313T180618_20250315T101951_2,LA_BOCA,2025-03-13,70.55388186930243,"{""type"":""MultiPoint"",""coordinates"":[]}"
20250314T174724_20250316T095349_0,CORDOBA,2025-03-14,72.40552090854315,"{""type"":""MultiPoint"",""coordinates"":[]}"
20250314T174724_20250316T095349_1,CENTENARIO,2025-03-14,86.66758988864166,"{""type"":""MultiPoint"",""coordinates"":[]}"
20250314T174724_20250316T095349_2,LA_BOCA,2025-03-14,61.54456141832753,"{""type"":""MultiPoint"",""coordinates"":[]}"
20250315T172831_20250317T093516_0,CORDOBA,2025-03-15,31.50300839565485,"{""type"":""MultiPoint"",""coordinates"":[]}"
20250315T172831_20250317T093516_1,CENTENARIO,2025-03-15,48.01432795568845,"{""type"":""MultiPoint"",""coordinates"":[]}"
20250315T172831_20250317T093516_2,LA_BOCA,2025-03-15,26.250828651432304,"{""type"":""MultiPoint"",""coordinates"":[]}"
20250317T165044_20250320T041848_0,CORDOBA,2025-03-17,100.29130479430029,"{""type"":""MultiPoint"",""coordinates"":[]}"
20250317T165044_20250320T041848_1,CENTENARIO,2025-03-17,138.11300300996584,"{""type"":""MultiPoint"",""coordinates"":[]}"
20250317T165044_20250320T041848_2,LA_BOCA,2025-03-17,89.46921393073063,"{""type"":""MultiPoint"",""coordinates"":[]}"
20250318T163150_20250320T194341_0,CORDOBA,2025-03-18,159.73336411933164,"{""type"":""MultiPoint"",""coordinates"":[]}"
20250318T163150_20250320T194341_2,LA_BOCA,2025-03-18,196.7949379881333,"{""type"":""MultiPoint"",""coordinates"":[]}"
20250319T161256_20250321T105728_0,CORDOBA,2025-03-19,49.79188117464397,"{""type"":""MultiPoint"",""coordinates"":[]}"
20250319T161256_20250321T105728_1,CENTENARIO,2025-03-19,68.24639303563173,"{""type"":""MultiPoint"",""coordinates"":[]}"
20250319T161256_20250321T105728_2,LA_BOCA,2025-03-19,54.62458126347912,"{""type"":""MultiPoint"",""coordinates"":[]}"
20250319T175427_20250324T141007_0,CORDOBA,2025-03-19,67.10005254716991,"{""type"":""MultiPoint"",""coordinates"":[]}"
20250319T175427_20250324T141007_1,CENTENARIO,2025-03-19,71.8406373775279,"{""type"":""MultiPoint"",""coordinates"":[]}"
20250319T175427_20250324T141007_2,LA_BOCA,2025-03-19,78.94047972258845,"{""type"":""MultiPoint"",""coordinates"":[]}"
20250320T173533_20250327T071958_0,CORDOBA,2025-03-20,104.02690937795197,"{""type"":""MultiPoint"",""coordinates"":[]}"
20250320T173533_20250327T071958_1,CENTENARIO,2025-03-20,125.10564280782144,"{""type"":""MultiPoint"",""coordinates"":[]}"
20250320T173533_20250327T071958_2,LA_BOCA,2025-03-20,117.9047199729533,"{""type"":""MultiPoint"",""coordinates"":[]}"
20250321T171639_20250327T131021_0,CORDOBA,2025-03-21,87.87537412432353,"{""type"":""MultiPoint"",""coordinates"":[]}"
20250321T171639_20250327T131021_1,CENTENARIO,2025-03-21,92.56248284116711,"{""type"":""MultiPoint"",""coordinates"":[]}"
20250321T171639_20250327T131021_2,LA_BOCA,2025-03-21,110.45394879677744,"{""type"":""MultiPoint"",""coordinates"":[]}"
20250325T174234_20250327T105336_0,CORDOBA,2025-03-25,60.926703000238234,"{""type"":""MultiPoint"",""coordinates"":[]}"
20250325T174234_20250327T105336_1,CENTENARIO,2025-03-25,67.42940632584262,"{""type"":""MultiPoint"",""coordinates"":[]}"
20250325T174234_20250327T105336_2,LA_BOCA,2025-03-25,35.982735763152675,"{""type"":""MultiPoint"",""coordinates"":[]}"
20250326T172340_20250328T094734_0,CORDOBA,2025-03-26,58.99759314297873,"{""type"":""MultiPoint"",""coordinates"":[]}"
20250326T172340_20250328T094734_1,CENTENARIO,2025-03-26,87.27601749144242,"{""type"":""MultiPoint"",""coordinates"":[]}"
20250326T172340_20250328T094734_2,LA_BOCA,2025-03-26,41.6823842955915,"{""type"":""MultiPoint"",""coordinates"":[]}"
20250327T170446_20250329T091934_0,CORDOBA,2025-03-27,102.41087211274808,"{""type"":""MultiPoint"",""coordinates"":[]}"
20250327T170446_20250329T091934_1,CENTENARIO,2025-03-27,155.03531083090334,"{""type"":""MultiPoint"",""coordinates"":[]}"
20250327T170446_20250329T091934_2,LA_BOCA,2025-03-27,93.1280189388741,"{""type"":""MultiPoint"",""coordinates"":[]}"
20250328T164552_20250330T090933_0,CORDOBA,2025-03-28,156.28145903762706,"{""type"":""MultiPoint"",""coordinates"":[]}"
20250328T164552_20250330T090933_1,CENTENARIO,2025-03-28,156.48714154689407,"{""type"":""MultiPoint"",""coordinates"":[]}"
20250328T164552_20250330T090933_2,LA_BOCA,2025-03-28,97.35745313480435,"{""type"":""MultiPoint"",""coordinates"":[]}"
20250329T162657_20250331T084315_0,CORDOBA,2025-03-29,33.99309831555402,"{""type"":""MultiPoint"",""coordinates"":[]}"
20250329T162657_20250331T084315_1,CENTENARIO,2025-03-29,51.57404236409986,"{""type"":""MultiPoint"",""coordinates"":[]}"
20250329T162657_20250331T084315_2,LA_BOCA,2025-03-29,32.9947271730778,"{""type"":""MultiPoint"",""coordinates"":[]}"
20250329T180828_20250331T165128_0,CORDOBA,2025-03-29,51.84727446455462,"{""type"":""MultiPoint"",""coordinates"":[]}"
20250329T180828_20250331T165128_1,CENTENARIO,2025-03-29,73.0210393644452,"{""type"":""MultiPoint"",""coordinates"":[]}"
20250329T180828_20250331T165128_2,LA_BOCA,2025-03-29,39.88172365172558,"{""type"":""MultiPoint"",""coordinates"":[]}"
20250330T174934_20250401T100310_0,CORDOBA,2025-03-30,35.66730696549313,"{""type"":""MultiPoint"",""coordinates"":[]}"
20250330T174934_20250401T100310_1,CENTENARIO,2025-03-30,35.5723360230428,"{""type"":""MultiPoint"",""coordinates"":[]}"
20250330T174934_20250401T100310_2,LA_BOCA,2025-03-30,38.76773885588492,"{""type"":""MultiPoint"",""coordinates"":[]}"
20250331T173039_20250402T094442_0,CORDOBA,2025-03-31,67.89304343052909,"{""type"":""MultiPoint"",""coordinates"":[]}"
20250331T173039_20250402T094442_2,LA_BOCA,2025-03-31,67.89304514847366,"{""type"":""MultiPoint"",""coordinates"":[]}"
20250401T171145_20250403T092612_0,CORDOBA,2025-04-01,63.94224173639849,"{""type"":""MultiPoint"",""coordinates"":[]}"
20250401T171145_20250403T092612_1,CENTENARIO,2025-04-01,87.49214627190665,"{""type"":""MultiPoint"",""coordinates"":[]}"
20250401T171145_20250403T092612_2,LA_BOCA,2025-04-01,45.77487106104724,"{""type"":""MultiPoint"",""coordinates"":[]}"
20250402T165250_20250404T090446_0,CORDOBA,2025-04-02,134.96814646597912,"{""type"":""MultiPoint"",""coordinates"":[]}"
20250402T165250_20250404T090446_1,CENTENARIO,2025-04-02,131.75558565591442,"{""type"":""MultiPoint"",""coordinates"":[]}"
20250402T165250_20250404T090446_2,LA_BOCA,2025-04-02,211.7126883479191,"{""type"":""MultiPoint"",""coordinates"":[]}"
20250403T163356_20250405T084747_0,CORDOBA,2025-04-03,66.3295101558611,"{""type"":""MultiPoint"",""coordinates"":[]}"
20250403T163356_20250405T084747_1,CENTENARIO,2025-04-03,60.257769829802456,"{""type"":""MultiPoint"",""coordinates"":[]}"
20250403T163356_20250405T084747_2,LA_BOCA,2025-04-03,55.266013897864056,"{""type"":""MultiPoint"",""coordinates"":[]}"
20250404T161501_20250406T083248_0,CORDOBA,2025-04-04,83.8741634000977,"{""type"":""MultiPoint"",""coordinates"":[]}"
20250404T161501_20250406T083248_1,CENTENARIO,2025-04-04,109.427509920284,"{""type"":""MultiPoint"",""coordinates"":[]}"
20250404T161501_20250406T083248_2,LA_BOCA,2025-04-04,66.43179613325599,"{""type"":""MultiPoint"",""coordinates"":[]}"
20250404T175632_20250406T102044_0,CORDOBA,2025-04-04,110.02498251281803,"{""type"":""MultiPoint"",""coordinates"":[]}"
20250404T175632_20250406T102044_1,CENTENARIO,2025-04-04,112.41550110378475,"{""type"":""MultiPoint"",""coordinates"":[]}"
20250404T175632_20250406T102044_2,LA_BOCA,2025-04-04,87.93960015314485,"{""type"":""MultiPoint"",""coordinates"":[]}"
20250405T173737_20250407T105811_0,CORDOBA,2025-04-05,33.845659296049924,"{""type"":""MultiPoint"",""coordinates"":[]}"
20250405T173737_20250407T105811_1,CENTENARIO,2025-04-05,45.01795621696608,"{""type"":""MultiPoint"",""coordinates"":[]}"
20250405T173737_20250407T105811_2,LA_BOCA,2025-04-05,26.32717701414385,"{""type"":""MultiPoint"",""coordinates"":[]}"
20250406T171842_20250408T093801_0,CORDOBA,2025-04-06,27.454138320824864,"{""type"":""MultiPoint"",""coordinates"":[]}"
20250406T171842_20250408T093801_1,CENTENARIO,2025-04-06,28.335834274257707,"{""type"":""MultiPoint"",""coordinates"":[]}"
20250406T171842_20250408T093801_2,LA_BOCA,2025-04-06,37.69506012726755,"{""type"":""MultiPoint"",""coordinates"":[]}"
20250411T172543_20250413T094126_0,CORDOBA,2025-04-11,68.44725347761502,"{""type"":""MultiPoint"",""coordinates"":[]}"
20250411T172543_20250413T094126_1,CENTENARIO,2025-04-11,63.82704113566179,"{""type"":""MultiPoint"",""coordinates"":[]}"
20250411T172543_20250413T094126_2,LA_BOCA,2025-04-11,53.182054683876125,"{""type"":""MultiPoint"",""coordinates"":[]}"
20250413T164757_20250415T090816_0,CORDOBA,2025-04-13,93.43506652072925,"{""type"":""MultiPoint"",""coordinates"":[]}"
20250413T164757_20250415T090816_1,CENTENARIO,2025-04-13,75.3746887939843,"{""type"":""MultiPoint"",""coordinates"":[]}"
20250413T164757_20250415T090816_2,LA_BOCA,2025-04-13,92.82191027090063,"{""type"":""MultiPoint"",""coordinates"":[]}"
20250414T162904_20250416T084154_0,CORDOBA,2025-04-14,86.33453520700051,"{""type"":""MultiPoint"",""coordinates"":[]}"
20250414T162904_20250416T084154_1,CENTENARIO,2025-04-14,87.70479598431088,"{""type"":""MultiPoint"",""coordinates"":[]}"
20250414T162904_20250416T084154_2,LA_BOCA,2025-04-14,82.18889723397497,"{""type"":""MultiPoint"",""coordinates"":[]}"
20250414T181035_20250416T102943_0,CORDOBA,2025-04-14,72.18111639734892,"{""type"":""MultiPoint"",""coordinates"":[]}"
20250414T181035_20250416T102943_1,CENTENARIO,2025-04-14,90.71222728068963,"{""type"":""MultiPoint"",""coordinates"":[]}"
20250414T181035_20250416T102943_2,LA_BOCA,2025-04-14,50.31041596637114,"{""type"":""MultiPoint"",""coordinates"":[]}"
20250416T173248_20250418T101049_0,CORDOBA,2025-04-16,449.1362699392214,"{""type"":""MultiPoint"",""coordinates"":[]}"
20250416T173248_20250418T101049_1,CENTENARIO,2025-04-16,577.5709000793515,"{""type"":""MultiPoint"",""coordinates"":[]}"
20250416T173248_20250418T101049_2,LA_BOCA,2025-04-16,463.4352355136301,"{""type"":""MultiPoint"",""coordinates"":[]}"
20250418T165502_20250420T091300_0,CORDOBA,2025-04-18,96.7221317876524,"{""type"":""MultiPoint"",""coordinates"":[]}"
20250418T165502_20250420T091300_1,CENTENARIO,2025-04-18,74.2324099284754,"{""type"":""MultiPoint"",""coordinates"":[]}"
20250418T165502_20250420T091300_2,LA_BOCA,2025-04-18,102.08814280913093,"{""type"":""MultiPoint"",""coordinates"":[]}"
20250419T163608_20250421T092825_0,CORDOBA,2025-04-19,113.0736370948516,"{""type"":""MultiPoint"",""coordinates"":[]}"
20250419T163608_20250421T092825_1,CENTENARIO,2025-04-19,109.53968473719684,"{""type"":""MultiPoint"",""coordinates"":[]}"
20250419T163608_20250421T092825_2,LA_BOCA,2025-04-19,82.00969813419029,"{""type"":""MultiPoint"",""coordinates"":[]}"
20250420T161715_20250422T084027_0,CORDOBA,2025-04-20,117.65387342527333,"{""type"":""MultiPoint"",""coordinates"":[]}"
20250420T161715_20250422T084027_1,CENTENARIO,2025-04-20,120.23524922408201,"{""type"":""MultiPoint"",""coordinates"":[]}"
20250420T161715_20250422T084027_2,LA_BOCA,2025-04-20,96.63350546978906,"{""type"":""MultiPoint"",""coordinates"":[]}"
20250420T175845_20250423T100052_0,CORDOBA,2025-04-20,132.4877432655933,"{""type"":""MultiPoint"",""coordinates"":[]}"
20250420T175845_20250423T100052_1,CENTENARIO,2025-04-20,140.70102104136646,"{""type"":""MultiPoint"",""coordinates"":[]}"
20250420T175845_20250423T100052_2,LA_BOCA,2025-04-20,108.34672312657723,"{""type"":""MultiPoint"",""coordinates"":[]}"
20250421T173952_20250423T095338_0,CORDOBA,2025-04-21,109.56323468501664,"{""type"":""MultiPoint"",""coordinates"":[]}"
20250421T173952_20250423T095338_1,CENTENARIO,2025-04-21,150.03836626453744,"{""type"":""MultiPoint"",""coordinates"":[]}"
20250421T173952_20250423T095338_2,LA_BOCA,2025-04-21,114.13478074090652,"{""type"":""MultiPoint"",""coordinates"":[]}"
20250422T172058_20250424T093514_0,CORDOBA,2025-04-22,186.8238989094873,"{""type"":""MultiPoint"",""coordinates"":[]}"
20250422T172058_20250424T093514_1,CENTENARIO,2025-04-22,213.23281999620932,"{""type"":""MultiPoint"",""coordinates"":[]}"
20250422T172058_20250424T093514_2,LA_BOCA,2025-04-22,239.23361700070035,"{""type"":""MultiPoint"",""coordinates"":[]}"
20250423T170204_20250425T092027_2,LA_BOCA,2025-04-23,323.69140940948125,"{""type"":""MultiPoint"",""coordinates"":[]}"
20250424T164310_20250426T090140_0,CORDOBA,2025-04-24,124.64536189954113,"{""type"":""MultiPoint"",""coordinates"":[]}"
20250424T164310_20250426T090140_1,CENTENARIO,2025-04-24,156.57582741871292,"{""type"":""MultiPoint"",""coordinates"":[]}"
20250425T180547_20250427T102149_0,CORDOBA,2025-04-25,56.80292441352127,"{""type"":""MultiPoint"",""coordinates"":[]}"
20250425T180547_20250427T102149_1,CENTENARIO,2025-04-25,120.71314953170183,"{""type"":""MultiPoint"",""coordinates"":[]}"
20250425T180547_20250427T102149_2,LA_BOCA,2025-04-25,53.455638164006295,"{""type"":""MultiPoint"",""coordinates"":[]}"
20250426T174653_20250428T095913_0,CORDOBA,2025-04-26,121.69146276258594,"{""type"":""MultiPoint"",""coordinates"":[]}"
20250426T174653_20250428T095913_1,CENTENARIO,2025-04-26,111.10991399969531,"{""type"":""MultiPoint"",""coordinates"":[]}"
20250426T174653_20250428T095913_2,LA_BOCA,2025-04-26,122.0028559874639,"{""type"":""MultiPoint"",""coordinates"":[]}"
20250427T172759_20250429T094621_0,CORDOBA,2025-04-27,45.683339704938724,"{""type"":""MultiPoint"",""coordinates"":[]}"
20250427T172759_20250429T094621_1,CENTENARIO,2025-04-27,41.37782708081978,"{""type"":""MultiPoint"",""coordinates"":[]}"
20250427T172759_20250429T094621_2,LA_BOCA,2025-04-27,43.16214998182579,"{""type"":""MultiPoint"",""coordinates"":[]}"
20250428T170904_20250430T092743_0,CORDOBA,2025-04-28,197.0633265593885,"{""type"":""MultiPoint"",""coordinates"":[]}"
20250428T170904_20250430T092743_1,CENTENARIO,2025-04-28,155.40186230619008,"{""type"":""MultiPoint"",""coordinates"":[]}"
20250428T170904_20250430T092743_2,LA_BOCA,2025-04-28,211.14606432767138,"{""type"":""MultiPoint"",""coordinates"":[]}"
20250429T165010_20250501T092937_0,CORDOBA,2025-04-29,205.84778634609333,"{""type"":""MultiPoint"",""coordinates"":[]}"
20250429T165010_20250501T092937_1,CENTENARIO,2025-04-29,221.40763193278372,"{""type"":""MultiPoint"",""coordinates"":[]}"
20250429T165010_20250501T092937_2,LA_BOCA,2025-04-29,224.3837302851613,"{""type"":""MultiPoint"",""coordinates"":[]}"
20250430T163115_20250502T085348_0,CORDOBA,2025-04-30,103.3833834880651,"{""type"":""MultiPoint"",""coordinates"":[]}"
20250430T163115_20250502T085348_1,CENTENARIO,2025-04-30,122.6517385680523,"{""type"":""MultiPoint"",""coordinates"":[]}"
20250430T163115_20250502T085348_2,LA_BOCA,2025-04-30,130.71463672096502,"{""type"":""MultiPoint"",""coordinates"":[]}"
20250430T181246_20250502T103328_0,CORDOBA,2025-04-30,62.33433052036319,"{""type"":""MultiPoint"",""coordinates"":[]}"
20250430T181246_20250502T103328_1,CENTENARIO,2025-04-30,125.14041387303703,"{""type"":""MultiPoint"",""coordinates"":[]}"
20250430T181246_20250502T103328_2,LA_BOCA,2025-04-30,107.51517603142906,"{""type"":""MultiPoint"",""coordinates"":[]}"
20250502T173456_20250504T100059_0,CORDOBA,2025-05-02,322.0949456713224,"{""type"":""MultiPoint"",""coordinates"":[]}"
20250502T173456_20250504T100059_1,CENTENARIO,2025-05-02,439.014941670669,"{""type"":""MultiPoint"",""coordinates"":[]}"
20250502T173456_20250504T100059_2,LA_BOCA,2025-05-02,239.70184097116024,"{""type"":""MultiPoint"",""coordinates"":[]}"
20250503T171602_20250507T100810_0,CORDOBA,2025-05-03,72.29031743366188,"{""type"":""MultiPoint"",""coordinates"":[]}"
20250503T171602_20250507T100810_1,CENTENARIO,2025-05-03,70.04693893676271,"{""type"":""MultiPoint"",""coordinates"":[]}"
20250503T171602_20250507T100810_2,LA_BOCA,2025-05-03,91.24255065486788,"{""type"":""MultiPoint"",""coordinates"":[]}"
20250504T165707_20250508T021447_0,CORDOBA,2025-05-04,94.53117543659998,"{""type"":""MultiPoint"",""coordinates"":[]}"
20250504T165707_20250508T021447_1,CENTENARIO,2025-05-04,108.02730872186699,"{""type"":""MultiPoint"",""coordinates"":[]}"
20250504T165707_20250508T021447_2,LA_BOCA,2025-05-04,123.20912734044626,"{""type"":""MultiPoint"",""coordinates"":[]}"
20250506T161916_20250509T204119_0,CORDOBA,2025-05-06,46.23373588344199,"{""type"":""MultiPoint"",""coordinates"":[]}"
20250506T161916_20250509T204119_1,CENTENARIO,2025-05-06,44.901033064240345,"{""type"":""MultiPoint"",""coordinates"":[]}"
20250506T161916_20250509T204119_2,LA_BOCA,2025-05-06,45.898828326332264,"{""type"":""MultiPoint"",""coordinates"":[]}"
20250506T180047_20250509T204957_0,CORDOBA,2025-05-06,77.41291082624463,"{""type"":""MultiPoint"",""coordinates"":[]}"
20250506T180047_20250509T204957_1,CENTENARIO,2025-05-06,77.98870910610972,"{""type"":""MultiPoint"",""coordinates"":[]}"
20250506T180047_20250509T204957_2,LA_BOCA,2025-05-06,65.55332503254846,"{""type"":""MultiPoint"",""coordinates"":[]}"
20250509T170400_20250511T161357_0,CORDOBA,2025-05-09,661.3885224366177,"{""type"":""MultiPoint"",""coordinates"":[]}"
20250509T170400_20250511T161357_1,CENTENARIO,2025-05-09,645.4522372544519,"{""type"":""MultiPoint"",""coordinates"":[]}"
20250509T170400_20250511T161357_2,LA_BOCA,2025-05-09,706.7073124985012,"{""type"":""MultiPoint"",""coordinates"":[]}"
20250510T164505_20250512T091628_0,CORDOBA,2025-05-10,139.01251393168036,"{""type"":""MultiPoint"",""coordinates"":[]}"
20250510T164505_20250512T091628_1,CENTENARIO,2025-05-10,133.27483064223858,"{""type"":""MultiPoint"",""coordinates"":[]}"
20250510T164505_20250512T091628_2,LA_BOCA,2025-05-10,103.22701971059823,"{""type"":""MultiPoint"",""coordinates"":[]}"
20250511T162609_20250513T085800_0,CORDOBA,2025-05-11,30.466336969265463,"{""type"":""MultiPoint"",""coordinates"":[]}"
20250511T162609_20250513T085800_1,CENTENARIO,2025-05-11,36.24199443277747,"{""type"":""MultiPoint"",""coordinates"":[]}"
20250511T162609_20250513T085800_2,LA_BOCA,2025-05-11,30.322069127762397,"{""type"":""MultiPoint"",""coordinates"":[]}"
20250511T180739_20250513T103311_0,CORDOBA,2025-05-11,60.82482497785522,"{""type"":""MultiPoint"",""coordinates"":[]}"
20250511T180739_20250513T103311_1,CENTENARIO,2025-05-11,60.57119715601966,"{""type"":""MultiPoint"",""coordinates"":[]}"
20250511T180739_20250513T103311_2,LA_BOCA,2025-05-11,56.64382312510074,"{""type"":""MultiPoint"",""coordinates"":[]}"
20250512T174844_20250514T101003_0,CORDOBA,2025-05-12,57.04379428405246,"{""type"":""MultiPoint"",""coordinates"":[]}"
20250512T174844_20250514T101003_1,CENTENARIO,2025-05-12,61.44488344111913,"{""type"":""MultiPoint"",""coordinates"":[]}"
20250512T174844_20250514T101003_2,LA_BOCA,2025-05-12,70.3246586124361,"{""type"":""MultiPoint"",""coordinates"":[]}"
20250513T172948_20250515T095006_0,CORDOBA,2025-05-13,114.32442425541359,"{""type"":""MultiPoint"",""coordinates"":[]}"
20250513T172948_20250515T095006_1,CENTENARIO,2025-05-13,91.67101884898327,"{""type"":""MultiPoint"",""coordinates"":[]}"
20250513T172948_20250515T095006_2,LA_BOCA,2025-05-13,103.24850281529109,"{""type"":""MultiPoint"",""coordinates"":[]}"
20250514T171051_20250516T115441_0,CORDOBA,2025-05-14,306.99311135270915,"{""type"":""MultiPoint"",""coordinates"":[]}"
20250514T171051_20250516T115441_1,CENTENARIO,2025-05-14,287.9753444791048,"{""type"":""MultiPoint"",""coordinates"":[]}"
20250514T171051_20250516T115441_2,LA_BOCA,2025-05-14,378.27453305428656,"{""type"":""MultiPoint"",""coordinates"":[]}"
20250518T173636_20250520T100207_0,CORDOBA,2025-05-18,74.59177192115264,"{""type"":""MultiPoint"",""coordinates"":[]}"
20250518T173636_20250520T100207_1,CENTENARIO,2025-05-18,78.8994053389639,"{""type"":""MultiPoint"",""coordinates"":[]}"
20250518T173636_20250520T100207_2,LA_BOCA,2025-05-18,63.29494081240492,"{""type"":""MultiPoint"",""coordinates"":[]}"
20250522T162049_20250524T084625_0,CORDOBA,2025-05-22,68.98100870197997,"{""type"":""MultiPoint"",""coordinates"":[]}"
20250522T162049_20250524T084625_1,CENTENARIO,2025-05-22,88.65378832959208,"{""type"":""MultiPoint"",""coordinates"":[]}"
20250522T162049_20250524T084625_2,LA_BOCA,2025-05-22,73.33388354464658,"{""type"":""MultiPoint"",""coordinates"":[]}"
20250522T180219_20250524T102957_0,CORDOBA,2025-05-22,91.65119910193104,"{""type"":""MultiPoint"",""coordinates"":[]}"
20250522T180219_20250524T102957_1,CENTENARIO,2025-05-22,138.81549624053355,"{""type"":""MultiPoint"",""coordinates"":[]}"
20250522T180219_20250524T102957_2,LA_BOCA,2025-05-22,66.03844877305302,"{""type"":""MultiPoint"",""coordinates"":[]}"
20250523T174322_20250525T100559_0,CORDOBA,2025-05-23,67.58432758256602,"{""type"":""MultiPoint"",""coordinates"":[]}"
20250523T174322_20250525T100559_1,CENTENARIO,2025-05-23,95.82296598479567,"{""type"":""MultiPoint"",""coordinates"":[]}"
20250523T174322_20250525T100559_2,LA_BOCA,2025-05-23,47.35919171938279,"{""type"":""MultiPoint"",""coordinates"":[]}"
20250524T172424_20250526T094209_0,CORDOBA,2025-05-24,52.04238510805475,"{""type"":""MultiPoint"",""coordinates"":[]}"
20250524T172424_20250526T094209_1,CENTENARIO,2025-05-24,69.86088944727958,"{""type"":""MultiPoint"",""coordinates"":[]}"
20250524T172424_20250526T094209_2,LA_BOCA,2025-05-24,44.832450645490056,"{""type"":""MultiPoint"",""coordinates"":[]}"
20250529T173106_20250531T094858_0,CORDOBA,2025-05-29,344.8502961782116,"{""type"":""MultiPoint"",""coordinates"":[]}"
20250529T173106_20250531T094858_1,CENTENARIO,2025-05-29,315.8936947675004,"{""type"":""MultiPoint"",""coordinates"":[]}"
20250529T173106_20250531T094858_2,LA_BOCA,2025-05-29,375.9417118431134,"{""type"":""MultiPoint"",""coordinates"":[]}"
20250530T171208_20250601T091917_0,CORDOBA,2025-05-30,171.20984982192417,"{""type"":""MultiPoint"",""coordinates"":[]}"
20250530T171208_20250601T091917_1,CENTENARIO,2025-05-30,181.22933921487436,"{""type"":""MultiPoint"",""coordinates"":[]}"
20250530T171208_20250601T091917_2,LA_BOCA,2025-05-30,206.6687036846905,"{""type"":""MultiPoint"",""coordinates"":[]}"
20250531T165310_20250602T090241_0,CORDOBA,2025-05-31,200.6779609181471,"{""type"":""MultiPoint"",""coordinates"":[]}"
20250531T165310_20250602T090241_1,CENTENARIO,2025-05-31,180.31482143780372,"{""type"":""MultiPoint"",""coordinates"":[]}"
20250531T165310_20250602T090241_2,LA_BOCA,2025-05-31,206.896533065421,"{""type"":""MultiPoint"",""coordinates"":[]}"
20250601T163411_20250603T083816_0,CORDOBA,2025-06-01,169.6293158896211,"{""type"":""MultiPoint"",""coordinates"":[]}"
20250601T163411_20250603T083816_1,CENTENARIO,2025-06-01,165.32194580689125,"{""type"":""MultiPoint"",""coordinates"":[]}"
20250601T163411_20250603T083816_2,LA_BOCA,2025-06-01,203.60836726178914,"{""type"":""MultiPoint"",""coordinates"":[]}"
20250601T181541_20250603T103234_0,CORDOBA,2025-06-01,180.80467341088402,"{""type"":""MultiPoint"",""coordinates"":[]}"
20250601T181541_20250603T103234_1,CENTENARIO,2025-06-01,167.15699599841864,"{""type"":""MultiPoint"",""coordinates"":[]}"
20250601T181541_20250603T103234_2,LA_BOCA,2025-06-01,194.29721560222228,"{""type"":""MultiPoint"",""coordinates"":[]}"
20250602T161513_20250604T081758_0,CORDOBA,2025-06-02,130.29517551924602,"{""type"":""MultiPoint"",""coordinates"":[]}"
20250602T161513_20250604T081758_2,LA_BOCA,2025-06-02,149.89150456105156,"{""type"":""MultiPoint"",""coordinates"":[]}"
20250602T175643_20250604T101613_0,CORDOBA,2025-06-02,245.2943097869223,"{""type"":""MultiPoint"",""coordinates"":[]}"
20250602T175643_20250604T101613_1,CENTENARIO,2025-06-02,246.57693261849315,"{""type"":""MultiPoint"",""coordinates"":[]}"
20250602T175643_20250604T101613_2,LA_BOCA,2025-06-02,258.7068863473099,"{""type"":""MultiPoint"",""coordinates"":[]}"
20250603T173744_20250605T094721_0,CORDOBA,2025-06-03,120.82596997762319,"{""type"":""MultiPoint"",""coordinates"":[]}"
20250603T173744_20250605T094721_1,CENTENARIO,2025-06-03,193.62228316403545,"{""type"":""MultiPoint"",""coordinates"":[]}"
20250603T173744_20250605T094721_2,LA_BOCA,2025-06-03,124.90966282267293,"{""type"":""MultiPoint"",""coordinates"":[]}"
20250604T171846_20250606T092743_0,CORDOBA,2025-06-04,241.55916924604833,"{""type"":""MultiPoint"",""coordinates"":[]}"
20250604T171846_20250606T092743_1,CENTENARIO,2025-06-04,239.62049063334783,"{""type"":""MultiPoint"",""coordinates"":[]}"
20250604T171846_20250606T092743_2,LA_BOCA,2025-06-04,252.2892957501308,"{""type"":""MultiPoint"",""coordinates"":[]}"
20250605T165947_20250607T092154_0,CORDOBA,2025-06-05,332.1472255360288,"{""type"":""MultiPoint"",""coordinates"":[]}"
20250605T165947_20250607T092154_1,CENTENARIO,2025-06-05,441.92083531875494,"{""type"":""MultiPoint"",""coordinates"":[]}"
20250605T165947_20250607T092154_2,LA_BOCA,2025-06-05,356.3573003191727,"{""type"":""MultiPoint"",""coordinates"":[]}"
20250606T164048_20250608T090403_0,CORDOBA,2025-06-06,213.90544007693313,"{""type"":""MultiPoint"",""coordinates"":[]}"
20250606T164048_20250608T090403_1,CENTENARIO,2025-06-06,218.22506866972918,"{""type"":""MultiPoint"",""coordinates"":[]}"
20250606T164048_20250608T090403_2,LA_BOCA,2025-06-06,225.87641700992484,"{""type"":""MultiPoint"",""coordinates"":[]}"
20250607T162148_20250609T084006_0,CORDOBA,2025-06-07,199.55384541957147,"{""type"":""MultiPoint"",""coordinates"":[]}"
20250607T162148_20250609T084006_1,CENTENARIO,2025-06-07,212.06166881980806,"{""type"":""MultiPoint"",""coordinates"":[]}"
20250607T162148_20250609T084006_2,LA_BOCA,2025-06-07,185.26654481766496,"{""type"":""MultiPoint"",""coordinates"":[]}"
20250608T174419_20250611T022653_0,CORDOBA,2025-06-08,103.75472187474568,"{""type"":""MultiPoint"",""coordinates"":[]}"
20250608T174419_20250611T022653_1,CENTENARIO,2025-06-08,98.34483109166304,"{""type"":""MultiPoint"",""coordinates"":[]}"
20250608T174419_20250611T022653_2,LA_BOCA,2025-06-08,83.13921353634532,"{""type"":""MultiPoint"",""coordinates"":[]}"
20250609T172520_20250611T094504_0,CORDOBA,2025-06-09,372.39579840531644,"{""type"":""MultiPoint"",""coordinates"":[]}"
20250609T172520_20250611T094504_1,CENTENARIO,2025-06-09,435.3843519827857,"{""type"":""MultiPoint"",""coordinates"":[]}"
20250609T172520_20250611T094504_2,LA_BOCA,2025-06-09,405.65203919395367,"{""type"":""MultiPoint"",""coordinates"":[]}"
20250610T170620_20250612T092814_0,CORDOBA,2025-06-10,303.133643065004,"{""type"":""MultiPoint"",""coordinates"":[]}"
20250610T170620_20250612T092814_1,CENTENARIO,2025-06-10,334.0233160996321,"{""type"":""MultiPoint"",""coordinates"":[]}"
20250610T170620_20250612T092814_2,LA_BOCA,2025-06-10,354.4819916859367,"{""type"":""MultiPoint"",""coordinates"":[]}"
20250611T164721_20250613T103834_0,CORDOBA,2025-06-11,78.68607842348761,"{""type"":""MultiPoint"",""coordinates"":[]}"
20250611T164721_20250613T103834_1,CENTENARIO,2025-06-11,93.281987198914,"{""type"":""MultiPoint"",""coordinates"":[]}"
20250611T164721_20250613T103834_2,LA_BOCA,2025-06-11,63.64412779544031,"{""type"":""MultiPoint"",""coordinates"":[]}"
20250612T162821_20250614T084553_0,CORDOBA,2025-06-12,41.43242404097352,"{""type"":""MultiPoint"",""coordinates"":[]}"
20250612T162821_20250614T084553_1,CENTENARIO,2025-06-12,41.35372757777563,"{""type"":""MultiPoint"",""coordinates"":[]}"
20250612T162821_20250614T084553_2,LA_BOCA,2025-06-12,62.375170110500584,"{""type"":""MultiPoint"",""coordinates"":[]}"
20250612T180951_20250614T101904_0,CORDOBA,2025-06-12,53.935024071897736,"{""type"":""MultiPoint"",""coordinates"":[]}"
20250612T180951_20250614T101904_1,CENTENARIO,2025-06-12,75.88145130973942,"{""type"":""MultiPoint"",""coordinates"":[]}"
20250612T180951_20250614T101904_2,LA_BOCA,2025-06-12,46.93993582398966,"{""type"":""MultiPoint"",""coordinates"":[]}"
20250615T171251_20250617T092407_0,CORDOBA,2025-06-15,230.04894491958032,"{""type"":""MultiPoint"",""coordinates"":[]}"
20250615T171251_20250617T092407_1,CENTENARIO,2025-06-15,257.342086483441,"{""type"":""MultiPoint"",""coordinates"":[]}"
20250615T171251_20250617T092407_2,LA_BOCA,2025-06-15,337.1336388412727,"{""type"":""MultiPoint"",""coordinates"":[]}"
20250617T181620_20250619T103016_0,CORDOBA,2025-06-17,147.57089008102224,"{""type"":""MultiPoint"",""coordinates"":[]}"
20250617T181620_20250619T103016_1,CENTENARIO,2025-06-17,147.70183389863328,"{""type"":""MultiPoint"",""coordinates"":[]}"
20250617T181620_20250619T103016_2,LA_BOCA,2025-06-17,147.19744895722985,"{""type"":""MultiPoint"",""coordinates"":[]}"
20250618T161550_20250620T083224_0,CORDOBA,2025-06-18,136.18916795275226,"{""type"":""MultiPoint"",""coordinates"":[]}"
20250618T161550_20250620T083224_1,CENTENARIO,2025-06-18,130.15351862870273,"{""type"":""MultiPoint"",""coordinates"":[]}"
20250618T161550_20250620T083224_2,LA_BOCA,2025-06-18,130.37817805040888,"{""type"":""MultiPoint"",""coordinates"":[]}"
20250618T175720_20250620T102106_0,CORDOBA,2025-06-18,179.30373703702682,"{""type"":""MultiPoint"",""coordinates"":[]}"
20250618T175720_20250620T102106_1,CENTENARIO,2025-06-18,187.37475855726396,"{""type"":""MultiPoint"",""coordinates"":[]}"
20250618T175720_20250620T102106_2,LA_BOCA,2025-06-18,174.08818015169803,"{""type"":""MultiPoint"",""coordinates"":[]}"
20250619T173819_20250621T095951_0,CORDOBA,2025-06-19,595.029994256254,"{""type"":""MultiPoint"",""coordinates"":[]}"
20250619T173819_20250621T095951_1,CENTENARIO,2025-06-19,595.2890965374542,"{""type"":""MultiPoint"",""coordinates"":[]}"
20250619T173819_20250621T095951_2,LA_BOCA,2025-06-19,643.3190271358345,"{""type"":""MultiPoint"",""coordinates"":[]}"
20250620T171918_20250622T093704_0,CORDOBA,2025-06-20,227.9328948495876,"{""type"":""MultiPoint"",""coordinates"":[]}"
20250620T171918_20250622T093704_1,CENTENARIO,2025-06-20,183.92672740144945,"{""type"":""MultiPoint"",""coordinates"":[]}"
20250620T171918_20250622T093704_2,LA_BOCA,2025-06-20,207.10520110060273,"{""type"":""MultiPoint"",""coordinates"":[]}"
20250621T170017_20250623T091535_0,CORDOBA,2025-06-21,139.51250542842942,"{""type"":""MultiPoint"",""coordinates"":[]}"
20250621T170017_20250623T091535_1,CENTENARIO,2025-06-21,124.47857539073495,"{""type"":""MultiPoint"",""coordinates"":[]}"
20250621T170017_20250623T091535_2,LA_BOCA,2025-06-21,156.13533772409474,"{""type"":""MultiPoint"",""coordinates"":[]}"
20250623T162215_20250625T082725_0,CORDOBA,2025-06-23,56.22968316923543,"{""type"":""MultiPoint"",""coordinates"":[]}"
20250623T162215_20250625T082725_1,CENTENARIO,2025-06-23,49.03430135481799,"{""type"":""MultiPoint"",""coordinates"":[]}"
20250623T162215_20250625T082725_2,LA_BOCA,2025-06-23,64.01633060031806,"{""type"":""MultiPoint"",""coordinates"":[]}"
20250624T174444_20250626T100258_0,CORDOBA,2025-06-24,194.30250296735878,"{""type"":""MultiPoint"",""coordinates"":[]}"
20250624T174444_20250626T100258_1,CENTENARIO,2025-06-24,194.47133183489342,"{""type"":""MultiPoint"",""coordinates"":[]}"
20250624T174444_20250626T100258_2,LA_BOCA,2025-06-24,205.4599754213256,"{""type"":""MultiPoint"",""coordinates"":[]}"
20250625T172542_20250627T093621_0,CORDOBA,2025-06-25,223.18790451115132,"{""type"":""MultiPoint"",""coordinates"":[]}"
20250625T172542_20250627T093621_1,CENTENARIO,2025-06-25,188.54678158075203,"{""type"":""MultiPoint"",""coordinates"":[]}"
20250625T172542_20250627T093621_2,LA_BOCA,2025-06-25,228.14816732516945,"{""type"":""MultiPoint"",""coordinates"":[]}"
20250626T170641_20250628T100605_0,CORDOBA,2025-06-26,356.1188112460893,"{""type"":""MultiPoint"",""coordinates"":[]}"
20250626T170641_20250628T100605_1,CENTENARIO,2025-06-26,287.90401561126254,"{""type"":""MultiPoint"",""coordinates"":[]}"
20250626T170641_20250628T100605_2,LA_BOCA,2025-06-26,315.35912136411196,"{""type"":""MultiPoint"",""coordinates"":[]}"
20250627T164739_20250629T085419_0,CORDOBA,2025-06-27,542.1760060527337,"{""type"":""MultiPoint"",""coordinates"":[]}"
20250627T164739_20250629T085419_1,CENTENARIO,2025-06-27,492.6741115733649,"{""type"":""MultiPoint"",""coordinates"":[]}"
20250627T164739_20250629T085419_2,LA_BOCA,2025-06-27,573.325966508916,"{""type"":""MultiPoint"",""coordinates"":[]}"
20250628T162837_20250630T083533_0,CORDOBA,2025-06-28,102.6262462578197,"{""type"":""MultiPoint"",""coordinates"":[]}"
20250628T162837_20250630T083533_1,CENTENARIO,2025-06-28,111.31446063056386,"{""type"":""MultiPoint"",""coordinates"":[]}"
20250628T162837_20250630T083533_2,LA_BOCA,2025-06-28,77.10647130533435,"{""type"":""MultiPoint"",""coordinates"":[]}"
20250629T175105_20250701T100158_0,CORDOBA,2025-06-29,97.88261306225029,"{""type"":""MultiPoint"",""coordinates"":[]}"
20250629T175105_20250701T100158_1,CENTENARIO,2025-06-29,54.46151980316346,"{""type"":""MultiPoint"",""coordinates"":[]}"
20250629T175105_20250701T100158_2,LA_BOCA,2025-06-29,86.32873812246152,"{""type"":""MultiPoint"",""coordinates"":[]}"
20250701T171301_20250703T092759_0,CORDOBA,2025-07-01,269.96007775163525,"{""type"":""MultiPoint"",""coordinates"":[]}"
20250701T171301_20250703T092759_1,CENTENARIO,2025-07-01,210.85306663834578,"{""type"":""MultiPoint"",""coordinates"":[]}"
20250701T171301_20250703T092759_2,LA_BOCA,2025-07-01,265.76168318548895,"{""type"":""MultiPoint"",""coordinates"":[]}"
20250702T165359_20250704T085831_0,CORDOBA,2025-07-02,115.60125249827519,"{""type"":""MultiPoint"",""coordinates"":[]}"
20250702T165359_20250704T085831_1,CENTENARIO,2025-07-02,141.5588315557277,"{""type"":""MultiPoint"",""coordinates"":[]}"
20250702T165359_20250704T085831_2,LA_BOCA,2025-07-02,135.81093232137897,"{""type"":""MultiPoint"",""coordinates"":[]}"
20250703T163456_20250705T083644_0,CORDOBA,2025-07-03,68.25965379472349,"{""type"":""MultiPoint"",""coordinates"":[]}"
20250703T163456_20250705T083644_1,CENTENARIO,2025-07-03,121.25405177975124,"{""type"":""MultiPoint"",""coordinates"":[]}"
20250703T163456_20250705T083644_2,LA_BOCA,2025-07-03,74.12076628677953,"{""type"":""MultiPoint"",""coordinates"":[]}"
20250703T181626_20250705T103556_0,CORDOBA,2025-07-03,94.34938125944436,"{""type"":""MultiPoint"",""coordinates"":[]}"
20250703T181626_20250705T103556_1,CENTENARIO,2025-07-03,88.90697951937689,"{""type"":""MultiPoint"",""coordinates"":[]}"
20250703T181626_20250705T103556_2,LA_BOCA,2025-07-03,142.67412157246312,"{""type"":""MultiPoint"",""coordinates"":[]}"
20250704T161554_20250706T085641_0,CORDOBA,2025-07-04,184.0618346141432,"{""type"":""MultiPoint"",""coordinates"":[]}"
20250704T161554_20250706T085641_1,CENTENARIO,2025-07-04,181.75137315573315,"{""type"":""MultiPoint"",""coordinates"":[]}"
20250704T161554_20250706T085641_2,LA_BOCA,2025-07-04,213.6231355688247,"{""type"":""MultiPoint"",""coordinates"":[]}"
20250704T175724_20250706T101825_0,CORDOBA,2025-07-04,285.126467533959,"{""type"":""MultiPoint"",""coordinates"":[]}"
20250704T175724_20250706T101825_1,CENTENARIO,2025-07-04,289.8295220037485,"{""type"":""MultiPoint"",""coordinates"":[]}"
20250704T175724_20250706T101825_2,LA_BOCA,2025-07-04,317.16005742325973,"{""type"":""MultiPoint"",""coordinates"":[]}"
20250705T173821_20250707T095842_0,CORDOBA,2025-07-05,114.8698466000352,"{""type"":""MultiPoint"",""coordinates"":[]}"
20250705T173821_20250707T095842_1,CENTENARIO,2025-07-05,142.78632664664536,"{""type"":""MultiPoint"",""coordinates"":[]}"
20250705T173821_20250707T095842_2,LA_BOCA,2025-07-05,129.4515341657267,"{""type"":""MultiPoint"",""coordinates"":[]}"
20250706T171919_20250708T093756_0,CORDOBA,2025-07-06,57.14463751297271,"{""type"":""MultiPoint"",""coordinates"":[]}"
20250706T171919_20250708T093756_1,CENTENARIO,2025-07-06,74.82220091303311,"{""type"":""MultiPoint"",""coordinates"":[]}"
20250706T171919_20250708T093756_2,LA_BOCA,2025-07-06,52.18799154734831,"{""type"":""MultiPoint"",""coordinates"":[]}"
20250707T170016_20250709T091948_0,CORDOBA,2025-07-07,538.0221194218182,"{""type"":""MultiPoint"",""coordinates"":[]}"
20250707T170016_20250709T091948_1,CENTENARIO,2025-07-07,504.71326978698386,"{""type"":""MultiPoint"",""coordinates"":[]}"
20250707T170016_20250709T091948_2,LA_BOCA,2025-07-07,539.0865372137839,"{""type"":""MultiPoint"",""coordinates"":[]}"
20250708T164113_20250710T085500_1,CENTENARIO,2025-07-08,107.16974715216753,"{""type"":""MultiPoint"",""coordinates"":[]}"
20250708T164113_20250710T085500_2,LA_BOCA,2025-07-08,61.51567571718689,"{""type"":""MultiPoint"",""coordinates"":[]}"
20250709T162210_20250711T083346_0,CORDOBA,2025-07-09,84.69971391517392,"{""type"":""MultiPoint"",""coordinates"":[]}"
20250709T162210_20250711T083346_1,CENTENARIO,2025-07-09,86.94943848470096,"{""type"":""MultiPoint"",""coordinates"":[]}"
20250709T162210_20250711T083346_2,LA_BOCA,2025-07-09,63.37167123844986,"{""type"":""MultiPoint"",""coordinates"":[]}"
20250709T180340_20250711T101340_0,CORDOBA,2025-07-09,60.194961696747534,"{""type"":""MultiPoint"",""coordinates"":[]}"
20250709T180340_20250711T101340_1,CENTENARIO,2025-07-09,60.11440119417199,"{""type"":""MultiPoint"",""coordinates"":[]}"
20250709T180340_20250711T101340_2,LA_BOCA,2025-07-09,47.270358781982665,"{""type"":""MultiPoint"",""coordinates"":[]}"
20250711T172533_20250713T093345_0,CORDOBA,2025-07-11,635.0971867676668,"{""type"":""MultiPoint"",""coordinates"":[]}"
20250711T172533_20250713T093345_1,CENTENARIO,2025-07-11,581.5044043682558,"{""type"":""MultiPoint"",""coordinates"":[]}"
20250711T172533_20250713T093345_2,LA_BOCA,2025-07-11,590.6341405378836,"{""type"":""MultiPoint"",""coordinates"":[]}"
20250712T170630_20250714T091611_0,CORDOBA,2025-07-12,60.1878500209993,"{""type"":""MultiPoint"",""coordinates"":[]}"
20250712T170630_20250714T091611_1,CENTENARIO,2025-07-12,89.66177573944256,"{""type"":""MultiPoint"",""coordinates"":[]}"
20250712T170630_20250714T091611_2,LA_BOCA,2025-07-12,72.57025652792976,"{""type"":""MultiPoint"",""coordinates"":[]}"
20250713T164727_20250716T105426_0,CORDOBA,2025-07-13,49.33133465256346,"{""type"":""MultiPoint"",""coordinates"":[]}"
20250713T164727_20250716T105426_1,CENTENARIO,2025-07-13,52.61865824590999,"{""type"":""MultiPoint"",""coordinates"":[]}"
20250713T164727_20250716T105426_2,LA_BOCA,2025-07-13,53.155753263088265,"{""type"":""MultiPoint"",""coordinates"":[]}"
20250714T162823_20250724T072257_0,CORDOBA,2025-07-14,112.26630837328581,"{""type"":""MultiPoint"",""coordinates"":[]}"
20250714T162823_20250724T072257_1,CENTENARIO,2025-07-14,112.0182910114273,"{""type"":""MultiPoint"",""coordinates"":[]}"
20250714T162823_20250724T072257_2,LA_BOCA,2025-07-14,148.721065420698,"{""type"":""MultiPoint"",""coordinates"":[]}"
20250714T180953_20250716T184634_0,CORDOBA,2025-07-14,102.54469754649823,"{""type"":""MultiPoint"",""coordinates"":[]}"
20250714T180953_20250716T184634_1,CENTENARIO,2025-07-14,108.20348314227441,"{""type"":""MultiPoint"",""coordinates"":[]}"
20250718T165338_20250720T090023_0,CORDOBA,2025-07-18,150.63299702090606,"{""type"":""MultiPoint"",""coordinates"":[]}"
20250718T165338_20250720T090023_1,CENTENARIO,2025-07-18,194.6444366564087,"{""type"":""MultiPoint"",""coordinates"":[]}"
20250718T165338_20250720T090023_2,LA_BOCA,2025-07-18,168.4899697584832,"{""type"":""MultiPoint"",""coordinates"":[]}"
20250719T163434_20250721T083333_0,CORDOBA,2025-07-19,55.2302922167176,"{""type"":""MultiPoint"",""coordinates"":[]}"
20250719T163434_20250721T083333_1,CENTENARIO,2025-07-19,101.91996821730605,"{""type"":""MultiPoint"",""coordinates"":[]}"
20250719T163434_20250721T083333_2,LA_BOCA,2025-07-19,60.849786641293576,"{""type"":""MultiPoint"",""coordinates"":[]}"
20250719T181603_20250721T103306_0,CORDOBA,2025-07-19,98.66066305382397,"{""type"":""MultiPoint"",""coordinates"":[]}"
20250719T181603_20250721T103306_1,CENTENARIO,2025-07-19,123.67732508001579,"{""type"":""MultiPoint"",""coordinates"":[]}"
20250719T181603_20250721T103306_2,LA_BOCA,2025-07-19,105.82401014099376,"{""type"":""MultiPoint"",""coordinates"":[]}"
20250720T161530_20250722T081902_2,LA_BOCA,2025-07-20,49.6101052184024,"{""type"":""MultiPoint"",""coordinates"":[]}"
20250720T175659_20250722T101918_0,CORDOBA,2025-07-20,85.7940364892423,"{""type"":""MultiPoint"",""coordinates"":[]}"
20250720T175659_20250722T101918_1,CENTENARIO,2025-07-20,86.41092957846666,"{""type"":""MultiPoint"",""coordinates"":[]}"
20250720T175659_20250722T101918_2,LA_BOCA,2025-07-20,128.8382788272491,"{""type"":""MultiPoint"",""coordinates"":[]}"
20250723T165946_20250725T091327_0,CORDOBA,2025-07-23,72.2365562464565,"{""type"":""MultiPoint"",""coordinates"":[]}"
20250723T165946_20250725T091327_1,CENTENARIO,2025-07-23,94.95602407913104,"{""type"":""MultiPoint"",""coordinates"":[]}"
20250723T165946_20250725T091327_2,LA_BOCA,2025-07-23,45.89010288778379,"{""type"":""MultiPoint"",""coordinates"":[]}"
20250724T164042_20250726T085220_2,LA_BOCA,2025-07-24,26.28794828815787,"{""type"":""MultiPoint"",""coordinates"":[]}"
20250728T170552_20250730T092659_0,CORDOBA,2025-07-28,172.16731232605014,"{""type"":""MultiPoint"",""coordinates"":[]}"
20250728T170552_20250730T092659_1,CENTENARIO,2025-07-28,224.334636736042,"{""type"":""MultiPoint"",""coordinates"":[]}"
20250728T170552_20250730T092659_2,LA_BOCA,2025-07-28,146.47025912218442,"{""type"":""MultiPoint"",""coordinates"":[]}"
20250729T164647_20250731T090153_0,CORDOBA,2025-07-29,91.95255135679554,"{""type"":""MultiPoint"",""coordinates"":[]}"
20250729T164647_20250731T090153_1,CENTENARIO,2025-07-29,104.32652971700624,"{""type"":""MultiPoint"",""coordinates"":[]}"
20250729T164647_20250731T090153_2,LA_BOCA,2025-07-29,132.6573634117417,"{""type"":""MultiPoint"",""coordinates"":[]}"
20250730T162742_20250801T084522_0,CORDOBA,2025-07-30,46.56529098715328,"{""type"":""MultiPoint"",""coordinates"":[]}"
20250730T162742_20250801T084522_1,CENTENARIO,2025-07-30,53.57847098896367,"{""type"":""MultiPoint"",""coordinates"":[]}"
20250730T162742_20250801T084522_2,LA_BOCA,2025-07-30,46.46413109784213,"{""type"":""MultiPoint"",""coordinates"":[]}"
20250730T180912_20250801T102359_0,CORDOBA,2025-07-30,33.46667767456865,"{""type"":""MultiPoint"",""coordinates"":[]}"
20250730T180912_20250801T102359_1,CENTENARIO,2025-07-30,33.92905518536155,"{""type"":""MultiPoint"",""coordinates"":[]}"
20250730T180912_20250801T102359_2,LA_BOCA,2025-07-30,57.86604567286077,"{""type"":""MultiPoint"",""coordinates"":[]}"
20250802T171156_20250804T090805_0,CORDOBA,2025-08-02,118.97834876214485,"{""type"":""MultiPoint"",""coordinates"":[]}"
20250802T171156_20250804T090805_1,CENTENARIO,2025-08-02,94.60573795659263,"{""type"":""MultiPoint"",""coordinates"":[]}"
20250802T171156_20250804T090805_2,LA_BOCA,2025-08-02,104.28098274271781,"{""type"":""MultiPoint"",""coordinates"":[]}"
20250804T163345_20250806T084359_0,CORDOBA,2025-08-04,224.93442502009498,"{""type"":""MultiPoint"",""coordinates"":[]}"
20250804T163345_20250806T084359_1,CENTENARIO,2025-08-04,190.30563946044458,"{""type"":""MultiPoint"",""coordinates"":[]}"
20250804T163345_20250806T084359_2,LA_BOCA,2025-08-04,175.0315269704752,"{""type"":""MultiPoint"",""coordinates"":[]}"
20250804T181515_20250806T102457_0,CORDOBA,2025-08-04,244.89869782817303,"{""type"":""MultiPoint"",""coordinates"":[]}"
20250804T181515_20250806T102457_1,CENTENARIO,2025-08-04,235.71535677981984,"{""type"":""MultiPoint"",""coordinates"":[]}"
20250804T181515_20250806T102457_2,LA_BOCA,2025-08-04,226.77612742077812,"{""type"":""MultiPoint"",""coordinates"":[]}"
20250805T161440_20250807T081548_0,CORDOBA,2025-08-05,86.57955898540693,"{""type"":""MultiPoint"",""coordinates"":[]}"
20250805T161440_20250807T081548_1,CENTENARIO,2025-08-05,85.25060364235433,"{""type"":""MultiPoint"",""coordinates"":[]}"
20250805T161440_20250807T081548_2,LA_BOCA,2025-08-05,91.41369077498506,"{""type"":""MultiPoint"",""coordinates"":[]}"
20250805T175609_20250807T100749_0,CORDOBA,2025-08-05,140.74552189446294,"{""type"":""MultiPoint"",""coordinates"":[]}"
20250805T175609_20250807T100749_1,CENTENARIO,2025-08-05,144.69153741939894,"{""type"":""MultiPoint"",""coordinates"":[]}"
20250805T175609_20250807T100749_2,LA_BOCA,2025-08-05,140.8552975358241,"{""type"":""MultiPoint"",""coordinates"":[]}"
20250806T173704_20250808T095226_0,CORDOBA,2025-08-06,279.74933714593516,"{""type"":""MultiPoint"",""coordinates"":[]}"
20250806T173704_20250808T095226_2,LA_BOCA,2025-08-06,282.0312405256224,"{""type"":""MultiPoint"",""coordinates"":[]}"
20250808T165852_20250810T091436_0,CORDOBA,2025-08-08,228.03616783849102,"{""type"":""MultiPoint"",""coordinates"":[]}"
20250808T165852_20250810T091436_1,CENTENARIO,2025-08-08,198.0414745900845,"{""type"":""MultiPoint"",""coordinates"":[]}"
20250808T165852_20250810T091436_2,LA_BOCA,2025-08-08,191.5238167607664,"{""type"":""MultiPoint"",""coordinates"":[]}"
20250809T163946_20250811T085728_0,CORDOBA,2025-08-09,536.1824306745552,"{""type"":""MultiPoint"",""coordinates"":[]}"
20250809T163946_20250811T085728_1,CENTENARIO,2025-08-09,499.58444166408736,"{""type"":""MultiPoint"",""coordinates"":[]}"
20250809T163946_20250811T085728_2,LA_BOCA,2025-08-09,487.8862905210176,"{""type"":""MultiPoint"",""coordinates"":[]}"
20250810T162040_20250812T083806_0,CORDOBA,2025-08-10,142.38096428976846,"{""type"":""MultiPoint"",""coordinates"":[]}"
20250810T162040_20250812T083806_1,CENTENARIO,2025-08-10,140.02811937749908,"{""type"":""MultiPoint"",""coordinates"":[]}"
20250810T162040_20250812T083806_2,LA_BOCA,2025-08-10,128.03701699537734,"{""type"":""MultiPoint"",""coordinates"":[]}"
20250810T180210_20250812T102736_0,CORDOBA,2025-08-10,142.7124027380118,"{""type"":""MultiPoint"",""coordinates"":[]}"
20250810T180210_20250812T102736_1,CENTENARIO,2025-08-10,142.75216851811373,"{""type"":""MultiPoint"",""coordinates"":[]}"
20250810T180210_20250812T102736_2,LA_BOCA,2025-08-10,151.86720409971525,"{""type"":""MultiPoint"",""coordinates"":[]}"
20250811T174304_20250813T100722_0,CORDOBA,2025-08-11,261.3686802665158,"{""type"":""MultiPoint"",""coordinates"":[]}"
20250811T174304_20250813T100722_1,CENTENARIO,2025-08-11,262.71929900640896,"{""type"":""MultiPoint"",""coordinates"":[]}"
20250811T174304_20250813T100722_2,LA_BOCA,2025-08-11,383.31020408433005,"{""type"":""MultiPoint"",""coordinates"":[]}"
20250812T172357_20250814T094303_0,CORDOBA,2025-08-12,189.87930023443474,"{""type"":""MultiPoint"",""coordinates"":[]}"
20250812T172357_20250814T094303_1,CENTENARIO,2025-08-12,214.42224287973846,"{""type"":""MultiPoint"",""coordinates"":[]}"
20250812T172357_20250814T094303_2,LA_BOCA,2025-08-12,240.81174606812542,"{""type"":""MultiPoint"",""coordinates"":[]}"
20250813T170451_20250815T092501_0,CORDOBA,2025-08-13,77.8883804886181,"{""type"":""MultiPoint"",""coordinates"":[]}"
20250813T170451_20250815T092501_1,CENTENARIO,2025-08-13,56.80915975709367,"{""type"":""MultiPoint"",""coordinates"":[]}"
20250813T170451_20250815T092501_2,LA_BOCA,2025-08-13,67.96781491287,"{""type"":""MultiPoint"",""coordinates"":[]}"
20250814T164545_20250816T092834_0,CORDOBA,2025-08-14,212.74561327008985,"{""type"":""MultiPoint"",""coordinates"":[]}"
20250814T164545_20250816T092834_1,CENTENARIO,2025-08-14,250.90026087884405,"{""type"":""MultiPoint"",""coordinates"":[]}"
20250814T164545_20250816T092834_2,LA_BOCA,2025-08-14,194.89308837225988,"{""type"":""MultiPoint"",""coordinates"":[]}"
20250815T162638_20250817T084522_0,CORDOBA,2025-08-15,49.749359581492236,"{""type"":""MultiPoint"",""coordinates"":[]}"
20250815T162638_20250817T084522_1,CENTENARIO,2025-08-15,59.64881900392712,"{""type"":""MultiPoint"",""coordinates"":[]}"
20250815T162638_20250817T084522_2,LA_BOCA,2025-08-15,40.30713318805094,"{""type"":""MultiPoint"",""coordinates"":[]}"
20250815T180808_20250817T102511_0,CORDOBA,2025-08-15,62.18499255025554,"{""type"":""MultiPoint"",""coordinates"":[]}"
20250815T180808_20250817T102511_1,CENTENARIO,2025-08-15,69.8451822881778,"{""type"":""MultiPoint"",""coordinates"":[]}"
20250815T180808_20250817T102511_2,LA_BOCA,2025-08-15,56.10222608271405,"{""type"":""MultiPoint"",""coordinates"":[]}"
20250817T172955_20250819T094157_2,LA_BOCA,2025-08-17,20.95051213344618,"{""type"":""MultiPoint"",""coordinates"":[]}"
20250820T181405_20250822T102945_0,CORDOBA,2025-08-20,57.51444410913588,"{""type"":""MultiPoint"",""coordinates"":[]}"
20250820T181405_20250822T102945_2,LA_BOCA,2025-08-20,57.51444414526297,"{""type"":""MultiPoint"",""coordinates"":[]}"
20250821T161328_20250823T081430_0,CORDOBA,2025-08-21,68.62797716802652,"{""type"":""MultiPoint"",""coordinates"":[]}"
20250821T161328_20250823T081430_1,CENTENARIO,2025-08-21,61.96319305949525,"{""type"":""MultiPoint"",""coordinates"":[]}"
20250821T161328_20250823T081430_2,LA_BOCA,2025-08-21,71.38399571900099,"{""type"":""MultiPoint"",""coordinates"":[]}"
20250821T175458_20250823T100101_0,CORDOBA,2025-08-21,54.50927336157868,"{""type"":""MultiPoint"",""coordinates"":[]}"
20250821T175458_20250823T100101_1,CENTENARIO,2025-08-21,53.19639377264641,"{""type"":""MultiPoint"",""coordinates"":[]}"
20250821T175458_20250823T100101_2,LA_BOCA,2025-08-21,65.14403415852102,"{""type"":""MultiPoint"",""coordinates"":[]}"
20250823T171644_20250825T092534_0,CORDOBA,2025-08-23,56.21558677406696,"{""type"":""MultiPoint"",""coordinates"":[]}"
20250823T171644_20250825T092534_1,CENTENARIO,2025-08-23,49.55996145480978,"{""type"":""MultiPoint"",""coordinates"":[]}"
20250823T171644_20250825T092534_2,LA_BOCA,2025-08-23,72.81752530598544,"{""type"":""MultiPoint"",""coordinates"":[]}"
20250824T165737_20250826T090755_0,CORDOBA,2025-08-24,72.31021388227352,"{""type"":""MultiPoint"",""coordinates"":[]}"
20250824T165737_20250826T090755_1,CENTENARIO,2025-08-24,59.88590837239982,"{""type"":""MultiPoint"",""coordinates"":[]}"
20250824T165737_20250826T090755_2,LA_BOCA,2025-08-24,97.5038879527213,"{""type"":""MultiPoint"",""coordinates"":[]}"
20250825T163830_20250827T084134_0,CORDOBA,2025-08-25,299.2336279581839,"{""type"":""MultiPoint"",""coordinates"":[]}"
20250825T163830_20250827T084134_1,CENTENARIO,2025-08-25,254.71972103690902,"{""type"":""MultiPoint"",""coordinates"":[]}"
20250825T163830_20250827T084134_2,LA_BOCA,2025-08-25,304.4408090533631,"{""type"":""MultiPoint"",""coordinates"":[]}"
20250826T161923_20250828T082443_0,CORDOBA,2025-08-26,47.17720755635209,"{""type"":""MultiPoint"",""coordinates"":[]}"
20250826T161923_20250828T082443_1,CENTENARIO,2025-08-26,94.2038832628271,"{""type"":""MultiPoint"",""coordinates"":[]}"
20250826T161923_20250828T082443_2,LA_BOCA,2025-08-26,75.01249959868453,"{""type"":""MultiPoint"",""coordinates"":[]}"
20250826T180053_20250828T102053_0,CORDOBA,2025-08-26,88.45573347327102,"{""type"":""MultiPoint"",""coordinates"":[]}"
20250826T180053_20250828T102053_1,CENTENARIO,2025-08-26,88.07297303828113,"{""type"":""MultiPoint"",""coordinates"":[]}"
20250826T180053_20250828T102053_2,LA_BOCA,2025-08-26,94.23528179554451,"{""type"":""MultiPoint"",""coordinates"":[]}"
20250827T174145_20250829T100004_0,CORDOBA,2025-08-27,89.9781708211467,"{""type"":""MultiPoint"",""coordinates"":[]}"
20250827T174145_20250829T100004_1,CENTENARIO,2025-08-27,117.69359641938873,"{""type"":""MultiPoint"",""coordinates"":[]}"
20250827T174145_20250829T100004_2,LA_BOCA,2025-08-27,98.99371703191784,"{""type"":""MultiPoint"",""coordinates"":[]}"
20250828T172238_20250830T094023_0,CORDOBA,2025-08-28,104.41115557884702,"{""type"":""MultiPoint"",""coordinates"":[]}"
20250828T172238_20250830T094023_1,CENTENARIO,2025-08-28,126.94991476176475,"{""type"":""MultiPoint"",""coordinates"":[]}"
20250828T172238_20250830T094023_2,LA_BOCA,2025-08-28,88.62174348743038,"{""type"":""MultiPoint"",""coordinates"":[]}"
20250829T170331_20250831T092529_0,CORDOBA,2025-08-29,76.21603199326016,"{""type"":""MultiPoint"",""coordinates"":[]}"
20250829T170331_20250831T092529_1,CENTENARIO,2025-08-29,104.24361553885726,"{""type"":""MultiPoint"",""coordinates"":[]}"
20250829T170331_20250831T092529_2,LA_BOCA,2025-08-29,60.70023452886622,"{""type"":""MultiPoint"",""coordinates"":[]}"
20250903T170923_20250905T091907_0,CORDOBA,2025-09-03,256.23365392244716,"{""type"":""MultiPoint"",""coordinates"":[]}"
20250903T170923_20250905T091907_1,CENTENARIO,2025-09-03,231.45840558056844,"{""type"":""MultiPoint"",""coordinates"":[]}"
20250903T170923_20250905T091907_2,LA_BOCA,2025-09-03,230.1089736846338,"{""type"":""MultiPoint"",""coordinates"":[]}"
20250904T165015_20250906T090425_0,CORDOBA,2025-09-04,156.93380206297567,"{""type"":""MultiPoint"",""coordinates"":[]}"
20250904T165015_20250906T090425_1,CENTENARIO,2025-09-04,143.47960807079585,"{""type"":""MultiPoint"",""coordinates"":[]}"
20250904T165015_20250906T090425_2,LA_BOCA,2025-09-04,127.33502223710107,"{""type"":""MultiPoint"",""coordinates"":[]}"
20250905T163107_20250907T084443_0,CORDOBA,2025-09-05,170.13344931903467,"{""type"":""MultiPoint"",""coordinates"":[]}"
20250905T163107_20250907T084443_1,CENTENARIO,2025-09-05,170.79221706178458,"{""type"":""MultiPoint"",""coordinates"":[]}"
20250905T163107_20250907T084443_2,LA_BOCA,2025-09-05,165.77591094696916,"{""type"":""MultiPoint"",""coordinates"":[]}"
20250905T181237_20250907T103300_0,CORDOBA,2025-09-05,133.84223705757825,"{""type"":""MultiPoint"",""coordinates"":[]}"
20250905T181237_20250907T103300_1,CENTENARIO,2025-09-05,132.61750218713217,"{""type"":""MultiPoint"",""coordinates"":[]}"
20250905T181237_20250907T103300_2,LA_BOCA,2025-09-05,143.87548818812135,"{""type"":""MultiPoint"",""coordinates"":[]}"
20250906T161159_20250908T082845_0,CORDOBA,2025-09-06,90.54104196119981,"{""type"":""MultiPoint"",""coordinates"":[]}"
20250906T161159_20250908T082845_2,LA_BOCA,2025-09-06,113.5236705448284,"{""type"":""MultiPoint"",""coordinates"":[]}"
20250906T175329_20250908T100758_0,CORDOBA,2025-09-06,182.87644272467824,"{""type"":""MultiPoint"",""coordinates"":[]}"
20250906T175329_20250908T100758_1,CENTENARIO,2025-09-06,272.1721003680141,"{""type"":""MultiPoint"",""coordinates"":[]}"
20250906T175329_20250908T100758_2,LA_BOCA,2025-09-06,173.36556175617844,"{""type"":""MultiPoint"",""coordinates"":[]}"
20250907T173421_20250909T094604_0,CORDOBA,2025-09-07,50.68585414560938,"{""type"":""MultiPoint"",""coordinates"":[]}"
20250907T173421_20250909T094604_1,CENTENARIO,2025-09-07,52.628354981101616,"{""type"":""MultiPoint"",""coordinates"":[]}"
20250907T173421_20250909T094604_2,LA_BOCA,2025-09-07,51.63047085507514,"{""type"":""MultiPoint"",""coordinates"":[]}"
20250908T171513_20250910T093357_0,CORDOBA,2025-09-08,219.7879210573391,"{""type"":""MultiPoint"",""coordinates"":[]}"
20250908T171513_20250910T093357_1,CENTENARIO,2025-09-08,217.36360946957106,"{""type"":""MultiPoint"",""coordinates"":[]}"
20250908T171513_20250910T093357_2,LA_BOCA,2025-09-08,183.45701556501214,"{""type"":""MultiPoint"",""coordinates"":[]}"
20250909T165605_20250911T090752_0,CORDOBA,2025-09-09,202.2016930008758,"{""type"":""MultiPoint"",""coordinates"":[]}"
20250909T165605_20250911T090752_1,CENTENARIO,2025-09-09,163.78662299587714,"{""type"":""MultiPoint"",""coordinates"":[]}"
20250909T165605_20250911T090752_2,LA_BOCA,2025-09-09,186.96766923484722,"{""type"":""MultiPoint"",""coordinates"":[]}"
20250910T163657_20250912T085320_0,CORDOBA,2025-09-10,44.54583267505281,"{""type"":""MultiPoint"",""coordinates"":[]}"
20250910T163657_20250912T085320_1,CENTENARIO,2025-09-10,44.64259719439666,"{""type"":""MultiPoint"",""coordinates"":[]}"
20250910T163657_20250912T085320_2,LA_BOCA,2025-09-10,42.43419648805948,"{""type"":""MultiPoint"",""coordinates"":[]}"
20250911T161749_20250913T083115_0,CORDOBA,2025-09-11,172.42577863715772,"{""type"":""MultiPoint"",""coordinates"":[]}"
20250911T161749_20250913T083115_1,CENTENARIO,2025-09-11,172.05005751003938,"{""type"":""MultiPoint"",""coordinates"":[]}"
20250911T161749_20250913T083115_2,LA_BOCA,2025-09-11,143.42344171615014,"{""type"":""MultiPoint"",""coordinates"":[]}"
20250911T175918_20250913T100313_0,CORDOBA,2025-09-11,151.15121501740614,"{""type"":""MultiPoint"",""coordinates"":[]}"
20250911T175918_20250913T100313_1,CENTENARIO,2025-09-11,137.11767693282684,"{""type"":""MultiPoint"",""coordinates"":[]}"
20250911T175918_20250913T100313_2,LA_BOCA,2025-09-11,123.149363525184,"{""type"":""MultiPoint"",""coordinates"":[]}"
20250912T174010_20250914T094632_0,CORDOBA,2025-09-12,67.89655890315211,"{""type"":""MultiPoint"",""coordinates"":[]}"
20250912T174010_20250914T094632_1,CENTENARIO,2025-09-12,90.79963038978664,"{""type"":""MultiPoint"",""coordinates"":[]}"
20250912T174010_20250914T094632_2,LA_BOCA,2025-09-12,59.4948857423668,"{""type"":""MultiPoint"",""coordinates"":[]}"
20250913T172102_20250915T092046_0,CORDOBA,2025-09-13,18.197860419627236,"{""type"":""MultiPoint"",""coordinates"":[]}"
20250913T172102_20250915T092046_1,CENTENARIO,2025-09-13,41.645095888792376,"{""type"":""MultiPoint"",""coordinates"":[]}"
20250913T172102_20250915T092046_2,LA_BOCA,2025-09-13,26.125145262266123,"{""type"":""MultiPoint"",""coordinates"":[]}"
20250914T170154_20250916T091006_0,CORDOBA,2025-09-14,95.1436602591431,"{""type"":""MultiPoint"",""coordinates"":[]}"
20250914T170154_20250916T091006_1,CENTENARIO,2025-09-14,123.84743002773128,"{""type"":""MultiPoint"",""coordinates"":[]}"
20250914T170154_20250916T091006_2,LA_BOCA,2025-09-14,74.89145798628962,"{""type"":""MultiPoint"",""coordinates"":[]}"
20250915T164245_20250917T085600_0,CORDOBA,2025-09-15,88.52978891873965,"{""type"":""MultiPoint"",""coordinates"":[]}"
20250915T164245_20250917T085600_1,CENTENARIO,2025-09-15,113.7887920015608,"{""type"":""MultiPoint"",""coordinates"":[]}"
20250915T164245_20250917T085600_2,LA_BOCA,2025-09-15,91.67549874302671,"{""type"":""MultiPoint"",""coordinates"":[]}"
20250916T162337_20250918T082841_0,CORDOBA,2025-09-16,77.0655840757922,"{""type"":""MultiPoint"",""coordinates"":[]}"
20250916T162337_20250918T082841_1,CENTENARIO,2025-09-16,89.99889371703748,"{""type"":""MultiPoint"",""coordinates"":[]}"
20250916T162337_20250918T082841_2,LA_BOCA,2025-09-16,94.11034388130058,"{""type"":""MultiPoint"",""coordinates"":[]}"
20250916T180507_20250918T102842_0,CORDOBA,2025-09-16,109.53610414801902,"{""type"":""MultiPoint"",""coordinates"":[]}"
20250916T180507_20250918T102842_1,CENTENARIO,2025-09-16,122.82423287020947,"{""type"":""MultiPoint"",""coordinates"":[]}"
20250916T180507_20250918T102842_2,LA_BOCA,2025-09-16,92.51024811153923,"{""type"":""MultiPoint"",""coordinates"":[]}"
20250917T174558_20250919T101054_1,CENTENARIO,2025-09-17,144.76413623144194,"{""type"":""MultiPoint"",""coordinates"":[]}"
20250917T174558_20250919T101054_2,LA_BOCA,2025-09-17,68.96726727973666,"{""type"":""MultiPoint"",""coordinates"":[]}"
20250918T172650_20250920T094422_0,CORDOBA,2025-09-18,82.88706997764722,"{""type"":""MultiPoint"",""coordinates"":[]}"
20250918T172650_20250920T094422_1,CENTENARIO,2025-09-18,103.09519413910381,"{""type"":""MultiPoint"",""coordinates"":[]}"
20250918T172650_20250920T094422_2,LA_BOCA,2025-09-18,76.37840806649577,"{""type"":""MultiPoint"",""coordinates"":[]}"
20250922T175145_20250924T235427_0,CORDOBA,2025-09-22,80.39460694877383,"{""type"":""MultiPoint"",""coordinates"":[]}"
20250922T175145_20250924T235427_1,CENTENARIO,2025-09-22,79.84389276975456,"{""type"":""MultiPoint"",""coordinates"":[]}"
20250922T175145_20250924T235427_2,LA_BOCA,2025-09-22,66.75292183022842,"{""type"":""MultiPoint"",""coordinates"":[]}"
20250924T171328_20250926T093029_0,CORDOBA,2025-09-24,77.082531462687,"{""type"":""MultiPoint"",""coordinates"":[]}"
20250924T171328_20250926T093029_1,CENTENARIO,2025-09-24,97.7869859643967,"{""type"":""MultiPoint"",""coordinates"":[]}"
20250924T171328_20250926T093029_2,LA_BOCA,2025-09-24,58.6933289621689,"{""type"":""MultiPoint"",""coordinates"":[]}"
20250925T165419_20250927T090103_0,CORDOBA,2025-09-25,55.129693479707065,"{""type"":""MultiPoint"",""coordinates"":[]}"
20250925T165419_20250927T090103_1,CENTENARIO,2025-09-25,66.67270545122851,"{""type"":""MultiPoint"",""coordinates"":[]}"
20250925T165419_20250927T090103_2,LA_BOCA,2025-09-25,47.60361896824972,"{""type"":""MultiPoint"",""coordinates"":[]}"
20250926T163510_20250928T085109_0,CORDOBA,2025-09-26,37.12180811246554,"{""type"":""MultiPoint"",""coordinates"":[]}"
20250926T163510_20250928T085109_1,CENTENARIO,2025-09-26,59.70373314142022,"{""type"":""MultiPoint"",""coordinates"":[]}"
20250926T163510_20250928T085109_2,LA_BOCA,2025-09-26,27.670205347849045,"{""type"":""MultiPoint"",""coordinates"":[]}"
20250928T173822_20250930T094150_0,CORDOBA,2025-09-28,68.55321855771163,"{""type"":""MultiPoint"",""coordinates"":[]}"
20250928T173822_20250930T094150_1,CENTENARIO,2025-09-28,60.71992330646058,"{""type"":""MultiPoint"",""coordinates"":[]}"
20250928T173822_20250930T094150_2,LA_BOCA,2025-09-28,62.79916239325834,"{""type"":""MultiPoint"",""coordinates"":[]}"
20250929T171913_20251001T091418_0,CORDOBA,2025-09-29,50.08180935333039,"{""type"":""MultiPoint"",""coordinates"":[]}"
20250929T171913_20251001T091418_1,CENTENARIO,2025-09-29,76.8439139483541,"{""type"":""MultiPoint"",""coordinates"":[]}"
20250929T171913_20251001T091418_2,LA_BOCA,2025-09-29,51.04910230245942,"{""type"":""MultiPoint"",""coordinates"":[]}"
20250930T170004_20251002T085204_0,CORDOBA,2025-09-30,170.90779550704553,"{""type"":""MultiPoint"",""coordinates"":[]}"
20250930T170004_20251002T085204_1,CENTENARIO,2025-09-30,155.61811769897875,"{""type"":""MultiPoint"",""coordinates"":[]}"
20250930T170004_20251002T085204_2,LA_BOCA,2025-09-30,154.0014669236538,"{""type"":""MultiPoint"",""coordinates"":[]}"
20251001T164055_20251003T085349_0,CORDOBA,2025-10-01,88.51314483567958,"{""type"":""MultiPoint"",""coordinates"":[]}"
20251001T164055_20251003T085349_1,CENTENARIO,2025-10-01,91.24653105812557,"{""type"":""MultiPoint"",""coordinates"":[]}"
20251001T164055_20251003T085349_2,LA_BOCA,2025-10-01,93.7818521130834,"{""type"":""MultiPoint"",""coordinates"":[]}"
20251002T162146_20251004T082606_0,CORDOBA,2025-10-02,79.02085362569767,"{""type"":""MultiPoint"",""coordinates"":[]}"
20251002T162146_20251004T082606_1,CENTENARIO,2025-10-02,79.5913889321294,"{""type"":""MultiPoint"",""coordinates"":[]}"
20251002T162146_20251004T082606_2,LA_BOCA,2025-10-02,56.222269467011856,"{""type"":""MultiPoint"",""coordinates"":[]}"
20251002T180315_20251004T102019_0,CORDOBA,2025-10-02,64.89341100806661,"{""type"":""MultiPoint"",""coordinates"":[]}"
20251002T180315_20251004T102019_1,CENTENARIO,2025-10-02,64.9815454280566,"{""type"":""MultiPoint"",""coordinates"":[]}"
20251002T180315_20251004T102019_2,LA_BOCA,2025-10-02,67.8405770765042,"{""type"":""MultiPoint"",""coordinates"":[]}"
20251003T174406_20251005T095509_0,CORDOBA,2025-10-03,65.68040738181956,"{""type"":""MultiPoint"",""coordinates"":[]}"
20251003T174406_20251005T095509_1,CENTENARIO,2025-10-03,71.21818651751963,"{""type"":""MultiPoint"",""coordinates"":[]}"
20251003T174406_20251005T095509_2,LA_BOCA,2025-10-03,68.11072787726815,"{""type"":""MultiPoint"",""coordinates"":[]}"
20251004T172457_20251007T121610_0,CORDOBA,2025-10-04,60.85150356879734,"{""type"":""MultiPoint"",""coordinates"":[]}"
20251004T172457_20251007T121610_1,CENTENARIO,2025-10-04,62.60154136264148,"{""type"":""MultiPoint"",""coordinates"":[]}"
20251004T172457_20251007T121610_2,LA_BOCA,2025-10-04,63.501118131443214,"{""type"":""MultiPoint"",""coordinates"":[]}"
20251007T162729_20251010T094457_0,CORDOBA,2025-10-07,131.1710040602293,"{""type"":""MultiPoint"",""coordinates"":[]}"
20251007T162729_20251010T094457_1,CENTENARIO,2025-10-07,123.22671882711951,"{""type"":""MultiPoint"",""coordinates"":[]}"
20251007T162729_20251010T094457_2,LA_BOCA,2025-10-07,131.52340605140046,"{""type"":""MultiPoint"",""coordinates"":[]}"
20251007T180858_20251013T073207_0,CORDOBA,2025-10-07,112.39966236590223,"{""type"":""MultiPoint"",""coordinates"":[]}"
20251007T180858_20251013T073207_1,CENTENARIO,2025-10-07,94.39472771037643,"{""type"":""MultiPoint"",""coordinates"":[]}"
20251007T180858_20251013T073207_2,LA_BOCA,2025-10-07,118.25777840006273,"{""type"":""MultiPoint"",""coordinates"":[]}"
20251008T174949_20251010T184303_0,CORDOBA,2025-10-08,101.86674741711137,"{""type"":""MultiPoint"",""coordinates"":[]}"
20251008T174949_20251010T184303_1,CENTENARIO,2025-10-08,103.76754346945842,"{""type"":""MultiPoint"",""coordinates"":[]}"
20251008T174949_20251010T184303_2,LA_BOCA,2025-10-08,97.56371983445257,"{""type"":""MultiPoint"",""coordinates"":[]}"
20251009T173040_20251011T095716_0,CORDOBA,2025-10-09,65.68948064193604,"{""type"":""MultiPoint"",""coordinates"":[]}"
20251009T173040_20251011T095716_1,CENTENARIO,2025-10-09,76.14891519446422,"{""type"":""MultiPoint"",""coordinates"":[]}"
20251009T173040_20251011T095716_2,LA_BOCA,2025-10-09,82.89755111720201,"{""type"":""MultiPoint"",""coordinates"":[]}"
20251010T171131_20251012T092134_0,CORDOBA,2025-10-10,47.115687523502075,"{""type"":""MultiPoint"",""coordinates"":[]}"
20251010T171131_20251012T092134_1,CENTENARIO,2025-10-10,54.79122977259102,"{""type"":""MultiPoint"",""coordinates"":[]}"
20251010T171131_20251012T092134_2,LA_BOCA,2025-10-10,61.71177134643527,"{""type"":""MultiPoint"",""coordinates"":[]}"
20251011T165221_20251013T085747_0,CORDOBA,2025-10-11,42.429385685228105,"{""type"":""MultiPoint"",""coordinates"":[]}"
20251011T165221_20251013T085747_1,CENTENARIO,2025-10-11,69.91652932242665,"{""type"":""MultiPoint"",""coordinates"":[]}"
20251011T165221_20251013T085747_2,LA_BOCA,2025-10-11,38.442412735258515,"{""type"":""MultiPoint"",""coordinates"":[]}"
20251013T161403_20251015T081537_0,CORDOBA,2025-10-13,70.63098318764963,"{""type"":""MultiPoint"",""coordinates"":[]}"
20251013T161403_20251015T081537_1,CENTENARIO,2025-10-13,51.56738471070518,"{""type"":""MultiPoint"",""coordinates"":[]}"
20251013T161403_20251015T081537_2,LA_BOCA,2025-10-13,70.8736222067352,"{""type"":""MultiPoint"",""coordinates"":[]}"
20251013T175532_20251015T101226_0,CORDOBA,2025-10-13,70.11090506244192,"{""type"":""MultiPoint"",""coordinates"":[]}"
20251013T175532_20251015T101226_1,CENTENARIO,2025-10-13,54.61247562278015,"{""type"":""MultiPoint"",""coordinates"":[]}"
20251013T175532_20251015T101226_2,LA_BOCA,2025-10-13,68.86914663391714,"{""type"":""MultiPoint"",""coordinates"":[]}"
20251014T173623_20251016T095359_0,CORDOBA,2025-10-14,82.69853179733451,"{""type"":""MultiPoint"",""coordinates"":[]}"
20251014T173623_20251016T095359_1,CENTENARIO,2025-10-14,117.94418557826074,"{""type"":""MultiPoint"",""coordinates"":[]}"
20251014T173623_20251016T095359_2,LA_BOCA,2025-10-14,65.4388401633709,"{""type"":""MultiPoint"",""coordinates"":[]}"
20251015T171714_20251017T093252_0,CORDOBA,2025-10-15,51.192552292865585,"{""type"":""MultiPoint"",""coordinates"":[]}"
20251015T171714_20251017T093252_1,CENTENARIO,2025-10-15,64.47700684357223,"{""type"":""MultiPoint"",""coordinates"":[]}"
20251015T171714_20251017T093252_2,LA_BOCA,2025-10-15,39.75366057647335,"{""type"":""MultiPoint"",""coordinates"":[]}"
20251016T165804_20251018T090739_0,CORDOBA,2025-10-16,168.5473668792196,"{""type"":""MultiPoint"",""coordinates"":[]}"
20251016T165804_20251018T090739_1,CENTENARIO,2025-10-16,246.09488845215918,"{""type"":""MultiPoint"",""coordinates"":[]}"
20251016T165804_20251018T090739_2,LA_BOCA,2025-10-16,137.40450236581296,"{""type"":""MultiPoint"",""coordinates"":[]}"
20251018T161946_20251020T083940_0,CORDOBA,2025-10-18,61.02294400634823,"{""type"":""MultiPoint"",""coordinates"":[]}"
20251018T161946_20251020T083940_1,CENTENARIO,2025-10-18,105.44698633913092,"{""type"":""MultiPoint"",""coordinates"":[]}"
20251018T161946_20251020T083940_2,LA_BOCA,2025-10-18,46.619524137450526,"{""type"":""MultiPoint"",""coordinates"":[]}"
20251018T180115_20251020T102733_0,CORDOBA,2025-10-18,76.3237406409595,"{""type"":""MultiPoint"",""coordinates"":[]}"
20251018T180115_20251020T102733_1,CENTENARIO,2025-10-18,76.32374108554313,"{""type"":""MultiPoint"",""coordinates"":[]}"
20251018T180115_20251020T102733_2,LA_BOCA,2025-10-18,75.38137679927317,"{""type"":""MultiPoint"",""coordinates"":[]}"
20251019T174206_20251021T100241_0,CORDOBA,2025-10-19,28.84223857585469,"{""type"":""MultiPoint"",""coordinates"":[]}"
20251019T174206_20251021T100241_1,CENTENARIO,2025-10-19,41.45803841341724,"{""type"":""MultiPoint"",""coordinates"":[]}"
20251019T174206_20251021T100241_2,LA_BOCA,2025-10-19,29.522082163650957,"{""type"":""MultiPoint"",""coordinates"":[]}"
20251020T172257_20251022T093743_0,CORDOBA,2025-10-20,58.43183619977975,"{""type"":""MultiPoint"",""coordinates"":[]}"
20251020T172257_20251022T093743_1,CENTENARIO,2025-10-20,49.059185611164935,"{""type"":""MultiPoint"",""coordinates"":[]}"
20251020T172257_20251022T093743_2,LA_BOCA,2025-10-20,60.58160961654504,"{""type"":""MultiPoint"",""coordinates"":[]}"
20251021T170347_20251023T092255_0,CORDOBA,2025-10-21,45.41447988612763,"{""type"":""MultiPoint"",""coordinates"":[]}"
20251021T170347_20251023T092255_1,CENTENARIO,2025-10-21,45.68691361630759,"{""type"":""MultiPoint"",""coordinates"":[]}"
20251021T170347_20251023T092255_2,LA_BOCA,2025-10-21,45.28021225720145,"{""type"":""MultiPoint"",""coordinates"":[]}"
20251105T172155_20251107T100037_0,CORDOBA,2025-11-05,103.96908540511403,"{""type"":""MultiPoint"",""coordinates"":[]}"
20251105T172155_20251107T100037_1,CENTENARIO,2025-11-05,102.14145392923218,"{""type"":""MultiPoint"",""coordinates"":[]}"
20251105T172155_20251107T100037_2,LA_BOCA,2025-11-05,95.99791312588684,"{""type"":""MultiPoint"",""coordinates"":[]}"
20251108T162440_20251110T085242_0,CORDOBA,2025-11-08,56.17228519584375,"{""type"":""MultiPoint"",""coordinates"":[]}"
20251108T162440_20251110T085242_1,CENTENARIO,2025-11-08,56.17228461919446,"{""type"":""MultiPoint"",""coordinates"":[]}"
20251110T172801_20251112T160030_0,CORDOBA,2025-11-10,74.5470484417318,"{""type"":""MultiPoint"",""coordinates"":[]}"
20251110T172801_20251112T160030_1,CENTENARIO,2025-11-10,108.79437780314029,"{""type"":""MultiPoint"",""coordinates"":[]}"
20251110T172801_20251112T160030_2,LA_BOCA,2025-11-10,71.52620217509963,"{""type"":""MultiPoint"",""coordinates"":[]}"
20251111T170856_20251114T085610_0,CORDOBA,2025-11-11,33.64355388559698,"{""type"":""MultiPoint"",""coordinates"":[]}"
20251111T170856_20251114T085610_1,CENTENARIO,2025-11-11,57.95237032588338,"{""type"":""MultiPoint"",""coordinates"":[]}"
20251111T170856_20251114T085610_2,LA_BOCA,2025-11-11,56.02056969470478,"{""type"":""MultiPoint"",""coordinates"":[]}"
20251112T164952_20251114T220919_0,CORDOBA,2025-11-12,102.23915959311856,"{""type"":""MultiPoint"",""coordinates"":[]}"
20251112T164952_20251114T220919_1,CENTENARIO,2025-11-12,88.22028294124863,"{""type"":""MultiPoint"",""coordinates"":[]}"
20251112T164952_20251114T220919_2,LA_BOCA,2025-11-12,88.26546159664436,"{""type"":""MultiPoint"",""coordinates"":[]}"
20251113T163047_20251115T150340_0,CORDOBA,2025-11-13,141.34416069825798,"{""type"":""MultiPoint"",""coordinates"":[]}"
20251113T163047_20251115T150340_1,CENTENARIO,2025-11-13,153.29376559661944,"{""type"":""MultiPoint"",""coordinates"":[]}"
20251113T163047_20251115T150340_2,LA_BOCA,2025-11-13,125.1226342103234,"{""type"":""MultiPoint"",""coordinates"":[]}"
20251114T161143_20251116T090031_0,CORDOBA,2025-11-14,38.43745315507571,"{""type"":""MultiPoint"",""coordinates"":[]}"
20251114T161143_20251116T090031_1,CENTENARIO,2025-11-14,53.11175576128226,"{""type"":""MultiPoint"",""coordinates"":[]}"
20251114T161143_20251116T090031_2,LA_BOCA,2025-11-14,43.291849881055725,"{""type"":""MultiPoint"",""coordinates"":[]}"
20251114T175313_20251116T124250_0,CORDOBA,2025-11-14,73.93425578790745,"{""type"":""MultiPoint"",""coordinates"":[]}"
20251114T175313_20251116T124250_1,CENTENARIO,2025-11-14,73.84857120055177,"{""type"":""MultiPoint"",""coordinates"":[]}"
20251114T175313_20251116T124250_2,LA_BOCA,2025-11-14,93.67180804645844,"{""type"":""MultiPoint"",""coordinates"":[]}"
20251115T173408_20251117T100046_0,CORDOBA,2025-11-15,47.79500004851694,"{""type"":""MultiPoint"",""coordinates"":[]}"
20251115T173408_20251117T100046_1,CENTENARIO,2025-11-15,54.42303276513219,"{""type"":""MultiPoint"",""coordinates"":[]}"
20251115T173408_20251117T100046_2,LA_BOCA,2025-11-15,58.90023208955007,"{""type"":""MultiPoint"",""coordinates"":[]}"
20251116T171504_20251118T171757_0,CORDOBA,2025-11-16,41.923114964565265,"{""type"":""MultiPoint"",""coordinates"":[]}"
20251116T171504_20251118T171757_1,CENTENARIO,2025-11-16,35.05415865421521,"{""type"":""MultiPoint"",""coordinates"":[]}"
20251116T171504_20251118T171757_2,LA_BOCA,2025-11-16,41.978410440420774,"{""type"":""MultiPoint"",""coordinates"":[]}"
20251117T165600_20251119T094320_0,CORDOBA,2025-11-17,127.04901698423173,"{""type"":""MultiPoint"",""coordinates"":[]}"
20251117T165600_20251119T094320_1,CENTENARIO,2025-11-17,104.75476668719718,"{""type"":""MultiPoint"",""coordinates"":[]}"
20251117T165600_20251119T094320_2,LA_BOCA,2025-11-17,139.1134000464098,"{""type"":""MultiPoint"",""coordinates"":[]}"
20251118T163656_20251120T090419_0,CORDOBA,2025-11-18,95.76480736428591,"{""type"":""MultiPoint"",""coordinates"":[]}"
20251118T163656_20251120T090419_1,CENTENARIO,2025-11-18,94.27788289675085,"{""type"":""MultiPoint"",""coordinates"":[]}"
20251118T163656_20251120T090419_2,LA_BOCA,2025-11-18,86.19024279293828,"{""type"":""MultiPoint"",""coordinates"":[]}"
20251119T161752_20251121T084158_0,CORDOBA,2025-11-19,35.410279954736964,"{""type"":""MultiPoint"",""coordinates"":[]}"
20251119T161752_20251121T084158_1,CENTENARIO,2025-11-19,72.58155293550082,"{""type"":""MultiPoint"",""coordinates"":[]}"
20251119T161752_20251121T084158_2,LA_BOCA,2025-11-19,35.51154336395078,"{""type"":""MultiPoint"",""coordinates"":[]}"
20251119T175922_20251121T102917_0,CORDOBA,2025-11-19,76.38884676311042,"{""type"":""MultiPoint"",""coordinates"":[]}"
20251119T175922_20251121T102917_1,CENTENARIO,2025-11-19,76.09863569968084,"{""type"":""MultiPoint"",""coordinates"":[]}"
20251119T175922_20251121T102917_2,LA_BOCA,2025-11-19,90.47183105930645,"{""type"":""MultiPoint"",""coordinates"":[]}"
20251122T170211_20251126T201734_0,CORDOBA,2025-11-22,62.563246646551825,"{""type"":""MultiPoint"",""coordinates"":[]}"
20251122T170211_20251126T201734_1,CENTENARIO,2025-11-22,103.34859912151452,"{""type"":""MultiPoint"",""coordinates"":[]}"
20251122T170211_20251126T201734_2,LA_BOCA,2025-11-22,55.57870985479867,"{""type"":""MultiPoint"",""coordinates"":[]}"
20251123T164307_20251127T132853_0,CORDOBA,2025-11-23,56.27631676550383,"{""type"":""MultiPoint"",""coordinates"":[]}"
20251123T164307_20251127T132853_1,CENTENARIO,2025-11-23,66.73940600227189,"{""type"":""MultiPoint"",""coordinates"":[]}"
20251123T164307_20251127T132853_2,LA_BOCA,2025-11-23,52.48729290543156,"{""type"":""MultiPoint"",""coordinates"":[]}"
20251124T162404_20251128T034713_0,CORDOBA,2025-11-24,53.69002482181638,"{""type"":""MultiPoint"",""coordinates"":[]}"
20251124T162404_20251128T034713_1,CENTENARIO,2025-11-24,53.5468824724103,"{""type"":""MultiPoint"",""coordinates"":[]}"
20251124T162404_20251128T034713_2,LA_BOCA,2025-11-24,52.3619351918229,"{""type"":""MultiPoint"",""coordinates"":[]}"
20251124T180534_20251128T054649_0,CORDOBA,2025-11-24,23.485126587193086,"{""type"":""MultiPoint"",""coordinates"":[]}"
20251124T180534_20251128T054649_1,CENTENARIO,2025-11-24,42.193304051232815,"{""type"":""MultiPoint"",""coordinates"":[]}"
20251124T180534_20251128T054649_2,LA_BOCA,2025-11-24,27.01731655965106,"{""type"":""MultiPoint"",""coordinates"":[]}"
20251125T160501_20251128T165554_2,LA_BOCA,2025-11-25,39.144043884821706,"{""type"":""MultiPoint"",""coordinates"":[]}"
20251125T174631_20251128T184706_0,CORDOBA,2025-11-25,126.28800394271511,"{""type"":""MultiPoint"",""coordinates"":[]}"
20251125T174631_20251128T184706_1,CENTENARIO,2025-11-25,126.54265536562802,"{""type"":""MultiPoint"",""coordinates"":[]}"
20251125T174631_20251128T184706_2,LA_BOCA,2025-11-25,112.66972185536972,"{""type"":""MultiPoint"",""coordinates"":[]}"
20251126T172728_20251129T071656_0,CORDOBA,2025-11-26,106.8904108617051,"{""type"":""MultiPoint"",""coordinates"":[]}"
20251126T172728_20251129T071656_1,CENTENARIO,2025-11-26,120.95829009457715,"{""type"":""MultiPoint"",""coordinates"":[]}"
20251126T172728_20251129T071656_2,LA_BOCA,2025-11-26,85.058245372793,"{""type"":""MultiPoint"",""coordinates"":[]}"
20251128T164921_20251130T153213_0,CORDOBA,2025-11-28,59.16273631022524,"{""type"":""MultiPoint"",""coordinates"":[]}"
20251128T164921_20251130T153213_1,CENTENARIO,2025-11-28,122.67848048718388,"{""type"":""MultiPoint"",""coordinates"":[]}"
20251128T164921_20251130T153213_2,LA_BOCA,2025-11-28,59.16273517457322,"{""type"":""MultiPoint"",""coordinates"":[]}"
20251202T171441_20251204T093221_0,CORDOBA,2025-12-02,305.6059911920975,"{""type"":""MultiPoint"",""coordinates"":[]}"
20251202T171441_20251204T093221_1,CENTENARIO,2025-12-02,332.0307509329612,"{""type"":""MultiPoint"",""coordinates"":[]}"
20251202T171441_20251204T093221_2,LA_BOCA,2025-12-02,302.2183909140349,"{""type"":""MultiPoint"",""coordinates"":[]}"
20251203T165538_20251205T133201_0,CORDOBA,2025-12-03,164.2017002669707,"{""type"":""MultiPoint"",""coordinates"":[]}"
20251203T165538_20251205T133201_1,CENTENARIO,2025-12-03,119.4788166629888,"{""type"":""MultiPoint"",""coordinates"":[]}"
20251203T165538_20251205T133201_2,LA_BOCA,2025-12-03,173.4936938921438,"{""type"":""MultiPoint"",""coordinates"":[]}"
20251204T163636_20251206T085328_0,CORDOBA,2025-12-04,104.27447988459843,"{""type"":""MultiPoint"",""coordinates"":[]}"
20251204T163636_20251206T085328_1,CENTENARIO,2025-12-04,107.75344713727196,"{""type"":""MultiPoint"",""coordinates"":[]}"
20251204T163636_20251206T085328_2,LA_BOCA,2025-12-04,114.24497767132758,"{""type"":""MultiPoint"",""coordinates"":[]}"
20251205T161734_20251207T083054_0,CORDOBA,2025-12-05,69.75428183120997,"{""type"":""MultiPoint"",""coordinates"":[]}"
20251205T161734_20251207T083054_1,CENTENARIO,2025-12-05,67.54625310114668,"{""type"":""MultiPoint"",""coordinates"":[]}"
20251205T161734_20251207T083054_2,LA_BOCA,2025-12-05,87.33008310545526,"{""type"":""MultiPoint"",""coordinates"":[]}"
20251205T175904_20251207T102834_0,CORDOBA,2025-12-05,79.07691823318558,"{""type"":""MultiPoint"",""coordinates"":[]}"
20251205T175904_20251207T102834_1,CENTENARIO,2025-12-05,108.75708818838096,"{""type"":""MultiPoint"",""coordinates"":[]}"
20251205T175904_20251207T102834_2,LA_BOCA,2025-12-05,76.88096012247681,"{""type"":""MultiPoint"",""coordinates"":[]}"
20251206T174002_20251208T100733_0,CORDOBA,2025-12-06,76.37597834028172,"{""type"":""MultiPoint"",""coordinates"":[]}"
20251206T174002_20251208T100733_1,CENTENARIO,2025-12-06,76.10050040259307,"{""type"":""MultiPoint"",""coordinates"":[]}"
20251206T174002_20251208T100733_2,LA_BOCA,2025-12-06,74.08864618880571,"{""type"":""MultiPoint"",""coordinates"":[]}"
20251210T162355_20251212T084109_0,CORDOBA,2025-12-10,368.62485894330894,"{""type"":""MultiPoint"",""coordinates"":[]}"
20251210T162355_20251212T084109_1,CENTENARIO,2025-12-10,373.7425312173872,"{""type"":""MultiPoint"",""coordinates"":[]}"
20251210T162355_20251212T084109_2,LA_BOCA,2025-12-10,212.97038322446582,"{""type"":""MultiPoint"",""coordinates"":[]}"
20251210T180525_20251212T103947_0,CORDOBA,2025-12-10,238.53987370802332,"{""type"":""MultiPoint"",""coordinates"":[]}"
20251210T180525_20251212T103947_1,CENTENARIO,2025-12-10,238.51734904417876,"{""type"":""MultiPoint"",""coordinates"":[]}"
20251210T180525_20251212T103947_2,LA_BOCA,2025-12-10,225.86565505225423,"{""type"":""MultiPoint"",""coordinates"":[]}"
20251211T174623_20251213T101333_0,CORDOBA,2025-12-11,116.6935698916826,"{""type"":""MultiPoint"",""coordinates"":[]}"
20251211T174623_20251213T101333_1,CENTENARIO,2025-12-11,101.77336329004008,"{""type"":""MultiPoint"",""coordinates"":[]}"
20251211T174623_20251213T101333_2,LA_BOCA,2025-12-11,114.55104467121569,"{""type"":""MultiPoint"",""coordinates"":[]}"
20251212T172722_20251214T095956_0,CORDOBA,2025-12-12,133.47865242177005,"{""type"":""MultiPoint"",""coordinates"":[]}"
20251212T172722_20251214T095956_1,CENTENARIO,2025-12-12,114.51526047417144,"{""type"":""MultiPoint"",""coordinates"":[]}"
20251212T172722_20251214T095956_2,LA_BOCA,2025-12-12,135.65231309629382,"{""type"":""MultiPoint"",""coordinates"":[]}"
20251213T170821_20251215T093334_0,CORDOBA,2025-12-13,121.34162866374241,"{""type"":""MultiPoint"",""coordinates"":[]}"
20251213T170821_20251215T093334_1,CENTENARIO,2025-12-13,169.61905303358168,"{""type"":""MultiPoint"",""coordinates"":[]}"
20251213T170821_20251215T093334_2,LA_BOCA,2025-12-13,95.16392296262877,"{""type"":""MultiPoint"",""coordinates"":[]}"
20251214T164920_20251216T090527_0,CORDOBA,2025-12-14,66.94860990349846,"{""type"":""MultiPoint"",""coordinates"":[]}"
20251214T164920_20251216T090527_1,CENTENARIO,2025-12-14,70.4978145793501,"{""type"":""MultiPoint"",""coordinates"":[]}"
20251214T164920_20251216T090527_2,LA_BOCA,2025-12-14,56.216327826615085,"{""type"":""MultiPoint"",""coordinates"":[]}"
20251216T161118_20251218T082510_0,CORDOBA,2025-12-16,70.66835291711979,"{""type"":""MultiPoint"",""coordinates"":[]}"
20251216T161118_20251218T082510_1,CENTENARIO,2025-12-16,57.61794965432942,"{""type"":""MultiPoint"",""coordinates"":[]}"
20251216T161118_20251218T082510_2,LA_BOCA,2025-12-16,71.71747076047298,"{""type"":""MultiPoint"",""coordinates"":[]}"
20251216T175248_20251218T101943_0,CORDOBA,2025-12-16,78.41979787979514,"{""type"":""MultiPoint"",""coordinates"":[]}"
20251216T175248_20251218T101943_1,CENTENARIO,2025-12-16,77.59832313120502,"{""type"":""MultiPoint"",""coordinates"":[]}"
20251216T175248_20251218T101943_2,LA_BOCA,2025-12-16,67.04969124794387,"{""type"":""MultiPoint"",""coordinates"":[]}"
20251217T173347_20251219T100352_0,CORDOBA,2025-12-17,58.17082352625108,"{""type"":""MultiPoint"",""coordinates"":[]}"
20251217T173347_20251219T100352_1,CENTENARIO,2025-12-17,80.18238575109712,"{""type"":""MultiPoint"",""coordinates"":[]}"
20251217T173347_20251219T100352_2,LA_BOCA,2025-12-17,73.29838098025306,"{""type"":""MultiPoint"",""coordinates"":[]}"
20251218T171447_20251220T093146_0,CORDOBA,2025-12-18,141.66775223298535,"{""type"":""MultiPoint"",""coordinates"":[]}"
20251218T171447_20251220T093146_1,CENTENARIO,2025-12-18,135.29827200579456,"{""type"":""MultiPoint"",""coordinates"":[]}"
20251218T171447_20251220T093146_2,LA_BOCA,2025-12-18,152.57323260597911,"{""type"":""MultiPoint"",""coordinates"":[]}"
20251219T165546_20251223T052353_0,CORDOBA,2025-12-19,95.05092534918177,"{""type"":""MultiPoint"",""coordinates"":[]}"
20251219T165546_20251223T052353_1,CENTENARIO,2025-12-19,138.6544407787213,"{""type"":""MultiPoint"",""coordinates"":[]}"
20251219T165546_20251223T052353_2,LA_BOCA,2025-12-19,53.763301660332154,"{""type"":""MultiPoint"",""coordinates"":[]}"
20251221T161746_20251224T012610_0,CORDOBA,2025-12-21,49.662649946999146,"{""type"":""MultiPoint"",""coordinates"":[]}"
20251221T161746_20251224T012610_1,CENTENARIO,2025-12-21,49.026997046002684,"{""type"":""MultiPoint"",""coordinates"":[]}"
20251221T161746_20251224T012610_2,LA_BOCA,2025-12-21,56.03498277705293,"{""type"":""MultiPoint"",""coordinates"":[]}"
20251221T175916_20251224T040417_0,CORDOBA,2025-12-21,74.02951145299498,"{""type"":""MultiPoint"",""coordinates"":[]}"
20251221T175916_20251224T040417_1,CENTENARIO,2025-12-21,70.37498233548081,"{""type"":""MultiPoint"",""coordinates"":[]}"
20251221T175916_20251224T040417_2,LA_BOCA,2025-12-21,67.61063406901218,"{""type"":""MultiPoint"",""coordinates"":[]}"
20251222T174016_20251224T162432_0,CORDOBA,2025-12-22,238.1822684797891,"{""type"":""MultiPoint"",""coordinates"":[]}"
20251222T174016_20251224T162432_1,CENTENARIO,2025-12-22,407.1082255379306,"{""type"":""MultiPoint"",""coordinates"":[]}"
20251222T174016_20251224T162432_2,LA_BOCA,2025-12-22,148.7197645776162,"{""type"":""MultiPoint"",""coordinates"":[]}"
20251223T172116_20251225T094347_0,CORDOBA,2025-12-23,231.914991112767,"{""type"":""MultiPoint"",""coordinates"":[]}"
20251223T172116_20251225T094347_1,CENTENARIO,2025-12-23,226.7528187280676,"{""type"":""MultiPoint"",""coordinates"":[]}"
20251223T172116_20251225T094347_2,LA_BOCA,2025-12-23,239.17045791106221,"{""type"":""MultiPoint"",""coordinates"":[]}"
20251224T170216_20251226T091844_1,CENTENARIO,2025-12-24,83.93563491057296,"{""type"":""MultiPoint"",""coordinates"":[]}"
20251224T170216_20251226T091844_2,LA_BOCA,2025-12-24,164.7649271771032,"{""type"":""MultiPoint"",""coordinates"":[]}"
20251226T162417_20251228T083711_0,CORDOBA,2025-12-26,64.17303475121841,"{""type"":""MultiPoint"",""coordinates"":[]}"
20251226T162417_20251228T083711_1,CENTENARIO,2025-12-26,109.25433970419057,"{""type"":""MultiPoint"",""coordinates"":[]}"
20251226T162417_20251228T083711_2,LA_BOCA,2025-12-26,55.554804811835325,"{""type"":""MultiPoint"",""coordinates"":[]}"
20251226T180547_20251228T103200_0,CORDOBA,2025-12-26,88.66171136626647,"{""type"":""MultiPoint"",""coordinates"":[]}"
20251226T180547_20251228T103200_1,CENTENARIO,2025-12-26,107.5772982550201,"{""type"":""MultiPoint"",""coordinates"":[]}"
20251226T180547_20251228T103200_2,LA_BOCA,2025-12-26,70.27889041345227,"{""type"":""MultiPoint"",""coordinates"":[]}"
20251227T160517_20251229T081905_0,CORDOBA,2025-12-27,71.85210443918695,"{""type"":""MultiPoint"",""coordinates"":[]}"
20251227T160517_20251229T081905_1,CENTENARIO,2025-12-27,71.87432960267849,"{""type"":""MultiPoint"",""coordinates"":[]}"
20251227T160517_20251229T081905_2,LA_BOCA,2025-12-27,65.90381844963147,"{""type"":""MultiPoint"",""coordinates"":[]}"
20251227T174647_20251229T101724_0,CORDOBA,2025-12-27,80.1565608611046,"{""type"":""MultiPoint"",""coordinates"":[]}"
20251227T174647_20251229T101724_1,CENTENARIO,2025-12-27,77.7650110677885,"{""type"":""MultiPoint"",""coordinates"":[]}"
20251227T174647_20251229T101724_2,LA_BOCA,2025-12-27,73.37557981972085,"{""type"":""MultiPoint"",""coordinates"":[]}"
20251228T172748_20251230T094947_0,CORDOBA,2025-12-28,118.24497211551211,"{""type"":""MultiPoint"",""coordinates"":[]}"
20251228T172748_20251230T094947_1,CENTENARIO,2025-12-28,142.21506653370702,"{""type"":""MultiPoint"",""coordinates"":[]}"
20251228T172748_20251230T094947_2,LA_BOCA,2025-12-28,90.50098882259582,"{""type"":""MultiPoint"",""coordinates"":[]}"
20251229T170849_20251231T093416_0,CORDOBA,2025-12-29,266.0775532251126,"{""type"":""MultiPoint"",""coordinates"":[]}"
20251229T170849_20251231T093416_1,CENTENARIO,2025-12-29,415.06983034731394,"{""type"":""MultiPoint"",""coordinates"":[]}"
20251229T170849_20251231T093416_2,LA_BOCA,2025-12-29,195.16036018411967,"{""type"":""MultiPoint"",""coordinates"":[]}"
20251230T164950_20260101T091449_0,CORDOBA,2025-12-30,158.15839492995445,"{""type"":""MultiPoint"",""coordinates"":[]}"
20251230T164950_20260101T091449_1,CENTENARIO,2025-12-30,161.2958569898971,"{""type"":""MultiPoint"",""coordinates"":[]}"
20251230T164950_20260101T091449_2,LA_BOCA,2025-12-30,193.00316543161773,"{""type"":""MultiPoint"",""coordinates"":[]}"
20251231T163051_20260102T085655_0,CORDOBA,2025-12-31,98.76572502606714,"{""type"":""MultiPoint"",""coordinates"":[]}"
20251231T163051_20260102T085655_1,CENTENARIO,2025-12-31,76.1007747122102,"{""type"":""MultiPoint"",""coordinates"":[]}"
20251231T163051_20260102T085655_2,LA_BOCA,2025-12-31,113.90043853924426,"{""type"":""MultiPoint"",""coordinates"":[]}"
20260101T161152_20260103T083540_0,CORDOBA,2026-01-01,53.249567017108035,"{""type"":""MultiPoint"",""coordinates"":[]}"
20260101T161152_20260103T083540_1,CENTENARIO,2026-01-01,56.45202895393498,"{""type"":""MultiPoint"",""coordinates"":[]}"
20260101T161152_20260103T083540_2,LA_BOCA,2026-01-01,47.99689000147365,"{""type"":""MultiPoint"",""coordinates"":[]}"
20260102T173423_20260104T100950_0,CORDOBA,2026-01-02,193.01186441686403,"{""type"":""MultiPoint"",""coordinates"":[]}"
20260102T173423_20260104T100950_1,CENTENARIO,2026-01-02,200.59326847897148,"{""type"":""MultiPoint"",""coordinates"":[]}"
20260102T173423_20260104T100950_2,LA_BOCA,2026-01-02,195.5024664306254,"{""type"":""MultiPoint"",""coordinates"":[]}"
20260103T171524_20260105T094552_0,CORDOBA,2026-01-03,54.339707785546096,"{""type"":""MultiPoint"",""coordinates"":[]}"
20260103T171524_20260105T094552_1,CENTENARIO,2026-01-03,54.48334579339133,"{""type"":""MultiPoint"",""coordinates"":[]}"
20260103T171524_20260105T094552_2,LA_BOCA,2026-01-03,51.433870099734754,"{""type"":""MultiPoint"",""coordinates"":[]}"
20260104T165625_20260106T092440_0,CORDOBA,2026-01-04,80.83709770046742,"{""type"":""MultiPoint"",""coordinates"":[]}"
20260104T165625_20260106T092440_1,CENTENARIO,2026-01-04,74.9778982496338,"{""type"":""MultiPoint"",""coordinates"":[]}"
20260104T165625_20260106T092440_2,LA_BOCA,2026-01-04,60.9335193187513,"{""type"":""MultiPoint"",""coordinates"":[]}"
20260105T163726_20260107T090101_0,CORDOBA,2026-01-05,67.68451377018488,"{""type"":""MultiPoint"",""coordinates"":[]}"
20260105T163726_20260107T090101_1,CENTENARIO,2026-01-05,53.51949774716651,"{""type"":""MultiPoint"",""coordinates"":[]}"
20260105T163726_20260107T090101_2,LA_BOCA,2026-01-05,77.11376065322287,"{""type"":""MultiPoint"",""coordinates"":[]}"
20260106T161827_20260108T083329_0,CORDOBA,2026-01-06,32.187086824070974,"{""type"":""MultiPoint"",""coordinates"":[]}"
20260106T161827_20260108T083329_2,LA_BOCA,2026-01-06,32.187086809858734,"{""type"":""MultiPoint"",""coordinates"":[]}"
20260106T175957_20260108T102632_0,CORDOBA,2026-01-06,41.26092064298492,"{""type"":""MultiPoint"",""coordinates"":[]}"
20260106T175957_20260108T102632_1,CENTENARIO,2026-01-06,45.494821517264356,"{""type"":""MultiPoint"",""coordinates"":[]}"
20260106T175957_20260108T102632_2,LA_BOCA,2026-01-06,45.71858914672138,"{""type"":""MultiPoint"",""coordinates"":[]}"
20260108T172201_20260110T093430_0,CORDOBA,2026-01-08,47.81792233917766,"{""type"":""MultiPoint"",""coordinates"":[]}"
20260108T172201_20260110T093430_1,CENTENARIO,2026-01-08,49.493233702190686,"{""type"":""MultiPoint"",""coordinates"":[]}"
20260108T172201_20260110T093430_2,LA_BOCA,2026-01-08,37.18207708565216,"{""type"":""MultiPoint"",""coordinates"":[]}"
20260111T162506_20260113T083629_0,CORDOBA,2026-01-11,59.21382690868007,"{""type"":""MultiPoint"",""coordinates"":[]}"
20260111T162506_20260113T083629_1,CENTENARIO,2026-01-11,66.01978475556197,"{""type"":""MultiPoint"",""coordinates"":[]}"
20260111T162506_20260113T083629_2,LA_BOCA,2026-01-11,52.66301252190192,"{""type"":""MultiPoint"",""coordinates"":[]}"
20260111T180636_20260113T103137_0,CORDOBA,2026-01-11,57.98538097517301,"{""type"":""MultiPoint"",""coordinates"":[]}"
20260111T180636_20260113T103137_1,CENTENARIO,2026-01-11,57.97970764581974,"{""type"":""MultiPoint"",""coordinates"":[]}"
20260111T180636_20260113T103137_2,LA_BOCA,2026-01-11,54.347874248122146,"{""type"":""MultiPoint"",""coordinates"":[]}"
20260112T160608_20260114T081628_0,CORDOBA,2026-01-12,75.67052466397625,"{""type"":""MultiPoint"",""coordinates"":[]}"
20260112T160608_20260114T081628_1,CENTENARIO,2026-01-12,75.67483158603648,"{""type"":""MultiPoint"",""coordinates"":[]}"
20260112T160608_20260114T081628_2,LA_BOCA,2026-01-12,112.88270768530487,"{""type"":""MultiPoint"",""coordinates"":[]}"
20260112T174738_20260114T100834_0,CORDOBA,2026-01-12,92.40531103643728,"{""type"":""MultiPoint"",""coordinates"":[]}"
20260112T174738_20260114T100834_1,CENTENARIO,2026-01-12,92.33159535502864,"{""type"":""MultiPoint"",""coordinates"":[]}"
20260112T174738_20260114T100834_2,LA_BOCA,2026-01-12,106.3088588212984,"{""type"":""MultiPoint"",""coordinates"":[]}"
20260113T172840_20260115T095211_0,CORDOBA,2026-01-13,120.43707461153645,"{""type"":""MultiPoint"",""coordinates"":[]}"
20260113T172840_20260115T095211_1,CENTENARIO,2026-01-13,138.96891208208137,"{""type"":""MultiPoint"",""coordinates"":[]}"
20260113T172840_20260115T095211_2,LA_BOCA,2026-01-13,84.07137046998886,"{""type"":""MultiPoint"",""coordinates"":[]}"
20260114T170942_20260116T093542_0,CORDOBA,2026-01-14,159.2697777021005,"{""type"":""MultiPoint"",""coordinates"":[]}"
20260114T170942_20260116T093542_1,CENTENARIO,2026-01-14,146.33450935101507,"{""type"":""MultiPoint"",""coordinates"":[]}"
20260114T170942_20260116T093542_2,LA_BOCA,2026-01-14,128.71646938917252,"{""type"":""MultiPoint"",""coordinates"":[]}"
20260115T165045_20260117T091023_0,CORDOBA,2026-01-15,64.43250180527784,"{""type"":""MultiPoint"",""coordinates"":[]}"
20260115T165045_20260117T091023_1,CENTENARIO,2026-01-15,70.87173657374626,"{""type"":""MultiPoint"",""coordinates"":[]}"
20260115T165045_20260117T091023_2,LA_BOCA,2026-01-15,75.73577144088382,"{""type"":""MultiPoint"",""coordinates"":[]}"
20260116T163147_20260118T084624_0,CORDOBA,2026-01-16,51.48763393889489,"{""type"":""MultiPoint"",""coordinates"":[]}"
20260116T163147_20260118T084624_1,CENTENARIO,2026-01-16,86.6054576824077,"{""type"":""MultiPoint"",""coordinates"":[]}"
20260116T163147_20260118T084624_2,LA_BOCA,2026-01-16,33.58525685372498,"{""type"":""MultiPoint"",""coordinates"":[]}"
20260117T161250_20260119T082814_0,CORDOBA,2026-01-17,38.80756122964898,"{""type"":""MultiPoint"",""coordinates"":[]}"
20260117T161250_20260119T082814_1,CENTENARIO,2026-01-17,45.53805360136067,"{""type"":""MultiPoint"",""coordinates"":[]}"
20260117T161250_20260119T082814_2,LA_BOCA,2026-01-17,39.71372475951711,"{""type"":""MultiPoint"",""coordinates"":[]}"
20260117T175420_20260119T102246_0,CORDOBA,2026-01-17,43.30439457392151,"{""type"":""MultiPoint"",""coordinates"":[]}"
20260117T175420_20260119T102246_1,CENTENARIO,2026-01-17,44.468100528567575,"{""type"":""MultiPoint"",""coordinates"":[]}"
20260117T175420_20260119T102246_2,LA_BOCA,2026-01-17,64.55752946359011,"{""type"":""MultiPoint"",""coordinates"":[]}"
20260118T173523_20260120T100137_0,CORDOBA,2026-01-18,40.816515030950676,"{""type"":""MultiPoint"",""coordinates"":[]}"
20260118T173523_20260120T100137_1,CENTENARIO,2026-01-18,39.952616937006454,"{""type"":""MultiPoint"",""coordinates"":[]}"
20260118T173523_20260120T100137_2,LA_BOCA,2026-01-18,35.40370873438538,"{""type"":""MultiPoint"",""coordinates"":[]}"
20260119T171626_20260121T094242_0,CORDOBA,2026-01-19,51.4451224143833,"{""type"":""MultiPoint"",""coordinates"":[]}"
20260119T171626_20260121T094242_1,CENTENARIO,2026-01-19,70.3269694212733,"{""type"":""MultiPoint"",""coordinates"":[]}"
20260119T171626_20260121T094242_2,LA_BOCA,2026-01-19,48.869976699899745,"{""type"":""MultiPoint"",""coordinates"":[]}"
20260120T165728_20260122T092045_0,CORDOBA,2026-01-20,85.68103900281473,"{""type"":""MultiPoint"",""coordinates"":[]}"
20260120T165728_20260122T092045_1,CENTENARIO,2026-01-20,138.9604245260011,"{""type"":""MultiPoint"",""coordinates"":[]}"
20260120T165728_20260122T092045_2,LA_BOCA,2026-01-20,74.10252865906233,"{""type"":""MultiPoint"",""coordinates"":[]}"
20260121T163831_20260123T090026_0,CORDOBA,2026-01-21,53.48429689422674,"{""type"":""MultiPoint"",""coordinates"":[]}"
20260121T163831_20260123T090026_1,CENTENARIO,2026-01-21,54.228584369716444,"{""type"":""MultiPoint"",""coordinates"":[]}"
20260121T163831_20260123T090026_2,LA_BOCA,2026-01-21,57.150754701397965,"{""type"":""MultiPoint"",""coordinates"":[]}"
20260122T161934_20260124T083111_0,CORDOBA,2026-01-22,58.07105477596509,"{""type"":""MultiPoint"",""coordinates"":[]}"
20260122T161934_20260124T083111_1,CENTENARIO,2026-01-22,56.71379073536612,"{""type"":""MultiPoint"",""coordinates"":[]}"
20260122T161934_20260124T083111_2,LA_BOCA,2026-01-22,65.58066977635738,"{""type"":""MultiPoint"",""coordinates"":[]}"
20260122T180104_20260124T102601_0,CORDOBA,2026-01-22,53.858570781674096,"{""type"":""MultiPoint"",""coordinates"":[]}"
20260122T180104_20260124T102601_1,CENTENARIO,2026-01-22,93.53404139303038,"{""type"":""MultiPoint"",""coordinates"":[]}"
20260122T180104_20260124T102601_2,LA_BOCA,2026-01-22,36.31794036978422,"{""type"":""MultiPoint"",""coordinates"":[]}"
20260123T174208_20260125T100444_0,CORDOBA,2026-01-23,82.1261275229215,"{""type"":""MultiPoint"",""coordinates"":[]}"
20260123T174208_20260125T100444_1,CENTENARIO,2026-01-23,86.7587126331607,"{""type"":""MultiPoint"",""coordinates"":[]}"
20260123T174208_20260125T100444_2,LA_BOCA,2026-01-23,81.18407086175347,"{""type"":""MultiPoint"",""coordinates"":[]}"
20260124T172311_20260126T094352_0,CORDOBA,2026-01-24,67.4461985904977,"{""type"":""MultiPoint"",""coordinates"":[]}"
20260124T172311_20260126T094352_1,CENTENARIO,2026-01-24,64.58733859792271,"{""type"":""MultiPoint"",""coordinates"":[]}"
20260124T172311_20260126T094352_2,LA_BOCA,2026-01-24,80.80517004747925,"{""type"":""MultiPoint"",""coordinates"":[]}"
20260126T164517_20260128T090553_0,CORDOBA,2026-01-26,74.66816192836217,"{""type"":""MultiPoint"",""coordinates"":[]}"
20260126T164517_20260128T090553_1,CENTENARIO,2026-01-26,75.64782551492074,"{""type"":""MultiPoint"",""coordinates"":[]}"
20260126T164517_20260128T090553_2,LA_BOCA,2026-01-26,100.96219431769173,"{""type"":""MultiPoint"",""coordinates"":[]}"
20260127T162621_20260129T084505_0,CORDOBA,2026-01-27,152.69738069746003,"{""type"":""MultiPoint"",""coordinates"":[]}"
20260127T162621_20260129T084505_1,CENTENARIO,2026-01-27,152.69737877763106,"{""type"":""MultiPoint"",""coordinates"":[]}"
20260127T162621_20260129T084505_2,LA_BOCA,2026-01-27,152.69738283189392,"{""type"":""MultiPoint"",""coordinates"":[]}"
20260127T180751_20260129T112721_0,CORDOBA,2026-01-27,108.53000147093664,"{""type"":""MultiPoint"",""coordinates"":[]}"
20260127T180751_20260129T112721_1,CENTENARIO,2026-01-27,123.9260829369127,"{""type"":""MultiPoint"",""coordinates"":[]}"
20260127T180751_20260129T112721_2,LA_BOCA,2026-01-27,94.37655383475689,"{""type"":""MultiPoint"",""coordinates"":[]}"
20260128T160724_20260130T082351_0,CORDOBA,2026-01-28,78.24207732651955,"{""type"":""MultiPoint"",""coordinates"":[]}"
20260128T160724_20260130T082351_2,LA_BOCA,2026-01-28,80.01642283437766,"{""type"":""MultiPoint"",""coordinates"":[]}"
20260128T174854_20260130T100737_0,CORDOBA,2026-01-28,129.5199656147336,"{""type"":""MultiPoint"",""coordinates"":[]}"
20260128T174854_20260130T100737_1,CENTENARIO,2026-01-28,142.21240816573118,"{""type"":""MultiPoint"",""coordinates"":[]}"
20260128T174854_20260130T100737_2,LA_BOCA,2026-01-28,99.74083578608884,"{""type"":""MultiPoint"",""coordinates"":[]}"
20260129T172958_20260131T095302_0,CORDOBA,2026-01-29,81.18567060084585,"{""type"":""MultiPoint"",""coordinates"":[]}"
20260129T172958_20260131T095302_1,CENTENARIO,2026-01-29,107.41693684115317,"{""type"":""MultiPoint"",""coordinates"":[]}"
20260129T172958_20260131T095302_2,LA_BOCA,2026-01-29,63.825730072049595,"{""type"":""MultiPoint"",""coordinates"":[]}"
20260130T171101_20260201T093033_0,CORDOBA,2026-01-30,64.77310331373312,"{""type"":""MultiPoint"",""coordinates"":[]}"
20260130T171101_20260201T093033_1,CENTENARIO,2026-01-30,82.54002056132046,"{""type"":""MultiPoint"",""coordinates"":[]}"
20260130T171101_20260201T093033_2,LA_BOCA,2026-01-30,55.8570438642434,"{""type"":""MultiPoint"",""coordinates"":[]}"
20260131T165205_20260202T091414_0,CORDOBA,2026-01-31,53.96712660032304,"{""type"":""MultiPoint"",""coordinates"":[]}"
20260131T165205_20260202T091414_1,CENTENARIO,2026-01-31,84.39900339462758,"{""type"":""MultiPoint"",""coordinates"":[]}"
20260131T165205_20260202T091414_2,LA_BOCA,2026-01-31,41.59810164027837,"{""type"":""MultiPoint"",""coordinates"":[]}"
20260201T163309_20260203T085215_0,CORDOBA,2026-02-01,96.55415442329094,"{""type"":""MultiPoint"",""coordinates"":[]}"
20260201T163309_20260203T085215_1,CENTENARIO,2026-02-01,133.051693675629,"{""type"":""MultiPoint"",""coordinates"":[]}"
20260201T163309_20260203T085215_2,LA_BOCA,2026-02-01,93.13799880067243,"{""type"":""MultiPoint"",""coordinates"":[]}"
20260202T161413_20260204T085532_0,CORDOBA,2026-02-02,69.96266125599918,"{""type"":""MultiPoint"",""coordinates"":[]}"
20260202T161413_20260204T085532_1,CENTENARIO,2026-02-02,75.7588820051584,"{""type"":""MultiPoint"",""coordinates"":[]}"
20260202T161413_20260204T085532_2,LA_BOCA,2026-02-02,85.23600424649014,"{""type"":""MultiPoint"",""coordinates"":[]}"
20260202T175543_20260204T103355_0,CORDOBA,2026-02-02,60.20114944821624,"{""type"":""MultiPoint"",""coordinates"":[]}"
20260202T175543_20260204T103355_1,CENTENARIO,2026-02-02,74.56922944575848,"{""type"":""MultiPoint"",""coordinates"":[]}"
20260202T175543_20260204T103355_2,LA_BOCA,2026-02-02,70.26664332237448,"{""type"":""MultiPoint"",""coordinates"":[]}"
20260206T163959_20260208T090144_0,CORDOBA,2026-02-06,147.07695212632825,"{""type"":""MultiPoint"",""coordinates"":[]}"
20260206T163959_20260208T090144_1,CENTENARIO,2026-02-06,145.73856762797973,"{""type"":""MultiPoint"",""coordinates"":[]}"
20260206T163959_20260208T090144_2,LA_BOCA,2026-02-06,128.7798237547699,"{""type"":""MultiPoint"",""coordinates"":[]}"
20260207T162103_20260209T083918_0,CORDOBA,2026-02-07,105.81987082685514,"{""type"":""MultiPoint"",""coordinates"":[]}"
20260207T162103_20260209T083918_1,CENTENARIO,2026-02-07,82.90592618861353,"{""type"":""MultiPoint"",""coordinates"":[]}"
20260207T162103_20260209T083918_2,LA_BOCA,2026-02-07,106.10294669511255,"{""type"":""MultiPoint"",""coordinates"":[]}"
20260207T180233_20260209T103116_0,CORDOBA,2026-02-07,76.9067354781447,"{""type"":""MultiPoint"",""coordinates"":[]}"
20260207T180233_20260209T103116_1,CENTENARIO,2026-02-07,77.00668113719391,"{""type"":""MultiPoint"",""coordinates"":[]}"
20260207T180233_20260209T103116_2,LA_BOCA,2026-02-07,73.79318814150686,"{""type"":""MultiPoint"",""coordinates"":[]}"
20260208T174337_20260210T100705_0,CORDOBA,2026-02-08,89.49051253284655,"{""type"":""MultiPoint"",""coordinates"":[]}"
20260208T174337_20260210T100705_1,CENTENARIO,2026-02-08,114.96249447601119,"{""type"":""MultiPoint"",""coordinates"":[]}"
20260208T174337_20260210T100705_2,LA_BOCA,2026-02-08,67.32464531071666,"{""type"":""MultiPoint"",""coordinates"":[]}"
20260209T172442_20260211T094430_0,CORDOBA,2026-02-09,57.18358820068165,"{""type"":""MultiPoint"",""coordinates"":[]}"
20260209T172442_20260211T094430_1,CENTENARIO,2026-02-09,65.03638101466737,"{""type"":""MultiPoint"",""coordinates"":[]}"
20260209T172442_20260211T094430_2,LA_BOCA,2026-02-09,57.183589493560454,"{""type"":""MultiPoint"",""coordinates"":[]}"
20260210T170546_20260212T092845_0,CORDOBA,2026-02-10,140.73106103834652,"{""type"":""MultiPoint"",""coordinates"":[]}"
20260210T170546_20260212T092845_1,CENTENARIO,2026-02-10,143.2191472189885,"{""type"":""MultiPoint"",""coordinates"":[]}"
20260210T170546_20260212T092845_2,LA_BOCA,2026-02-10,172.87489589608634,"{""type"":""MultiPoint"",""coordinates"":[]}"
20260211T164650_20260213T091034_0,CORDOBA,2026-02-11,210.2577551450017,"{""type"":""MultiPoint"",""coordinates"":[]}"
20260211T164650_20260213T091034_1,CENTENARIO,2026-02-11,221.585272548484,"{""type"":""MultiPoint"",""coordinates"":[]}"
20260211T164650_20260213T091034_2,LA_BOCA,2026-02-11,165.61399916785535,"{""type"":""MultiPoint"",""coordinates"":[]}"
20260212T180925_20260214T103733_0,CORDOBA,2026-02-12,154.68738875576412,"{""type"":""MultiPoint"",""coordinates"":[]}"
20260212T180925_20260214T103733_1,CENTENARIO,2026-02-12,155.6965996535052,"{""type"":""MultiPoint"",""coordinates"":[]}"
20260212T180925_20260214T103733_2,LA_BOCA,2026-02-12,152.61290464344307,"{""type"":""MultiPoint"",""coordinates"":[]}"
20260213T175030_20260215T101657_0,CORDOBA,2026-02-13,51.11701042298862,"{""type"":""MultiPoint"",""coordinates"":[]}"
20260213T175030_20260215T101657_1,CENTENARIO,2026-02-13,101.61949791914047,"{""type"":""MultiPoint"",""coordinates"":[]}"
20260213T175030_20260215T101657_2,LA_BOCA,2026-02-13,50.23530032746113,"{""type"":""MultiPoint"",""coordinates"":[]}"
20260214T173134_20260216T095225_0,CORDOBA,2026-02-14,43.475364079800634,"{""type"":""MultiPoint"",""coordinates"":[]}"
20260214T173134_20260216T095225_1,CENTENARIO,2026-02-14,56.64439069331225,"{""type"":""MultiPoint"",""coordinates"":[]}"
20260214T173134_20260216T095225_2,LA_BOCA,2026-02-14,37.27597672380643,"{""type"":""MultiPoint"",""coordinates"":[]}"
20260216T165343_20260218T090721_0,CORDOBA,2026-02-16,57.99273669657692,"{""type"":""MultiPoint"",""coordinates"":[]}"
20260216T165343_20260218T090721_1,CENTENARIO,2026-02-16,79.45719254576177,"{""type"":""MultiPoint"",""coordinates"":[]}"
20260216T165343_20260218T090721_2,LA_BOCA,2026-02-16,61.29370018114448,"{""type"":""MultiPoint"",""coordinates"":[]}"
20260217T163448_20260219T084005_0,CORDOBA,2026-02-17,54.70840915222195,"{""type"":""MultiPoint"",""coordinates"":[]}"
20260217T163448_20260219T084005_1,CENTENARIO,2026-02-17,57.95194743654487,"{""type"":""MultiPoint"",""coordinates"":[]}"
20260217T163448_20260219T084005_2,LA_BOCA,2026-02-17,37.15720751854453,"{""type"":""MultiPoint"",""coordinates"":[]}"
20260218T161553_20260220T084405_0,CORDOBA,2026-02-18,180.24437248286083,"{""type"":""MultiPoint"",""coordinates"":[]}"
20260218T161553_20260220T084405_1,CENTENARIO,2026-02-18,193.5895673634141,"{""type"":""MultiPoint"",""coordinates"":[]}"
20260218T161553_20260220T084405_2,LA_BOCA,2026-02-18,166.60570178649076,"{""type"":""MultiPoint"",""coordinates"":[]}"
20260218T175723_20260220T102114_0,CORDOBA,2026-02-18,274.6247986965623,"{""type"":""MultiPoint"",""coordinates"":[]}"
20260218T175723_20260220T102114_1,CENTENARIO,2026-02-18,305.9015848858315,"{""type"":""MultiPoint"",""coordinates"":[]}"
20260218T175723_20260220T102114_2,LA_BOCA,2026-02-18,212.99949699552326,"{""type"":""MultiPoint"",""coordinates"":[]}"
20260219T173826_20260221T100302_0,CORDOBA,2026-02-19,52.18767687218696,"{""type"":""MultiPoint"",""coordinates"":[]}"
20260219T173826_20260221T100302_1,CENTENARIO,2026-02-19,50.519869042884466,"{""type"":""MultiPoint"",""coordinates"":[]}"
20260219T173826_20260221T100302_2,LA_BOCA,2026-02-19,52.656401515916244,"{""type"":""MultiPoint"",""coordinates"":[]}"
20260220T171931_20260222T093953_0,CORDOBA,2026-02-20,78.58840368395823,"{""type"":""MultiPoint"",""coordinates"":[]}"
20260220T171931_20260222T093953_1,CENTENARIO,2026-02-20,123.03505960222634,"{""type"":""MultiPoint"",""coordinates"":[]}"
20260220T171931_20260222T093953_2,LA_BOCA,2026-02-20,69.88145805757749,"{""type"":""MultiPoint"",""coordinates"":[]}"
20260221T170036_20260223T091422_0,CORDOBA,2026-02-21,53.30155652819139,"{""type"":""MultiPoint"",""coordinates"":[]}"
20260221T170036_20260223T091422_1,CENTENARIO,2026-02-21,74.39537499143121,"{""type"":""MultiPoint"",""coordinates"":[]}"
20260221T170036_20260223T091422_2,LA_BOCA,2026-02-21,44.58261628803124,"{""type"":""MultiPoint"",""coordinates"":[]}"
20260222T164140_20260224T085257_0,CORDOBA,2026-02-22,52.479168019806494,"{""type"":""MultiPoint"",""coordinates"":[]}"
20260222T164140_20260224T085257_1,CENTENARIO,2026-02-22,59.6382890229297,"{""type"":""MultiPoint"",""coordinates"":[]}"
20260222T164140_20260224T085257_2,LA_BOCA,2026-02-22,41.60309255448761,"{""type"":""MultiPoint"",""coordinates"":[]}"
20260223T180416_20260225T102644_0,CORDOBA,2026-02-23,45.92077955902498,"{""type"":""MultiPoint"",""coordinates"":[]}"
20260223T180416_20260225T102644_1,CENTENARIO,2026-02-23,80.25774878991975,"{""type"":""MultiPoint"",""coordinates"":[]}"
20260223T180416_20260225T102644_2,LA_BOCA,2026-02-23,52.538435559500144,"{""type"":""MultiPoint"",""coordinates"":[]}"
20260224T174521_20260226T101504_0,CORDOBA,2026-02-24,94.36371065759482,"{""type"":""MultiPoint"",""coordinates"":[]}"
20260224T174521_20260226T101504_2,LA_BOCA,2026-02-24,94.36371297865892,"{""type"":""MultiPoint"",""coordinates"":[]}"
20260225T172626_20260227T095232_0,CORDOBA,2026-02-25,89.72902655824895,"{""type"":""MultiPoint"",""coordinates"":[]}"
20260225T172626_20260227T095232_1,CENTENARIO,2026-02-25,84.25486494272063,"{""type"":""MultiPoint"",""coordinates"":[]}"
20260225T172626_20260227T095232_2,LA_BOCA,2026-02-25,75.56009738898828,"{""type"":""MultiPoint"",""coordinates"":[]}"
20260226T170731_20260228T093113_0,CORDOBA,2026-02-26,374.06448967353464,"{""type"":""MultiPoint"",""coordinates"":[]}"
20260226T170731_20260228T093113_1,CENTENARIO,2026-02-26,372.9610129445566,"{""type"":""MultiPoint"",""coordinates"":[]}"
20260226T170731_20260228T093113_2,LA_BOCA,2026-02-26,264.45777704327026,"{""type"":""MultiPoint"",""coordinates"":[]}"
20260227T164836_20260301T090422_0,CORDOBA,2026-02-27,83.40423651774404,"{""type"":""MultiPoint"",""coordinates"":[]}"
20260227T164836_20260301T090422_1,CENTENARIO,2026-02-27,98.12109491106798,"{""type"":""MultiPoint"",""coordinates"":[]}"
20260227T164836_20260301T090422_2,LA_BOCA,2026-02-27,88.11487276712177,"{""type"":""MultiPoint"",""coordinates"":[]}"
20260228T162941_20260302T084033_0,CORDOBA,2026-02-28,53.10891753002482,"{""type"":""MultiPoint"",""coordinates"":[]}"
20260228T162941_20260302T084033_1,CENTENARIO,2026-02-28,79.63779449949062,"{""type"":""MultiPoint"",""coordinates"":[]}"
20260228T162941_20260302T084033_2,LA_BOCA,2026-02-28,49.30819073301463,"{""type"":""MultiPoint"",""coordinates"":[]}"
20260228T181111_20260302T103555_0,CORDOBA,2026-02-28,60.111235549684224,"{""type"":""MultiPoint"",""coordinates"":[]}"
20260228T181111_20260302T103555_1,CENTENARIO,2026-02-28,59.22278165707389,"{""type"":""MultiPoint"",""coordinates"":[]}"
20260228T181111_20260302T103555_2,LA_BOCA,2026-02-28,60.663748723672825,"{""type"":""MultiPoint"",""coordinates"":[]}"
20260301T175216_20260303T101110_0,CORDOBA,2026-03-01,58.439243525232214,"{""type"":""MultiPoint"",""coordinates"":[]}"
20260301T175216_20260303T101110_1,CENTENARIO,2026-03-01,66.24156660425892,"{""type"":""MultiPoint"",""coordinates"":[]}"
20260301T175216_20260303T101110_2,LA_BOCA,2026-03-01,51.192094512269,"{""type"":""MultiPoint"",""coordinates"":[]}"
20260302T173322_20260304T095346_0,CORDOBA,2026-03-02,70.05949734964906,"{""type"":""MultiPoint"",""coordinates"":[]}"
20260302T173322_20260304T095346_1,CENTENARIO,2026-03-02,91.2065207751738,"{""type"":""MultiPoint"",""coordinates"":[]}"
20260302T173322_20260304T095346_2,LA_BOCA,2026-03-02,49.821396839490376,"{""type"":""MultiPoint"",""coordinates"":[]}"
20260304T165532_20260306T092118_0,CORDOBA,2026-03-04,156.75027808885935,"{""type"":""MultiPoint"",""coordinates"":[]}"
20260304T165532_20260306T092118_1,CENTENARIO,2026-03-04,233.39219719575698,"{""type"":""MultiPoint"",""coordinates"":[]}"
20260304T165532_20260306T092118_2,LA_BOCA,2026-03-04,141.38955028117974,"{""type"":""MultiPoint"",""coordinates"":[]}"
20260305T163637_20260307T092449_0,CORDOBA,2026-03-05,54.375668820058266,"{""type"":""MultiPoint"",""coordinates"":[]}"
20260305T163637_20260307T092449_1,CENTENARIO,2026-03-05,56.31972912872295,"{""type"":""MultiPoint"",""coordinates"":[]}"
20260305T163637_20260307T092449_2,LA_BOCA,2026-03-05,44.16245770380924,"{""type"":""MultiPoint"",""coordinates"":[]}"
20260307T174018_20260309T100706_0,CORDOBA,2026-03-07,29.21419197599694,"{""type"":""MultiPoint"",""coordinates"":[]}"
20260307T174018_20260309T100706_1,CENTENARIO,2026-03-07,36.84909993013809,"{""type"":""MultiPoint"",""coordinates"":[]}"
20260307T174018_20260309T100706_2,LA_BOCA,2026-03-07,31.249066365600513,"{""type"":""MultiPoint"",""coordinates"":[]}"
20260308T172123_20260310T094340_0,CORDOBA,2026-03-08,35.145502586358795,"{""type"":""MultiPoint"",""coordinates"":[]}"
20260308T172123_20260310T094340_1,CENTENARIO,2026-03-08,44.87700754449749,"{""type"":""MultiPoint"",""coordinates"":[]}"
20260308T172123_20260310T094340_2,LA_BOCA,2026-03-08,52.9051762306777,"{""type"":""MultiPoint"",""coordinates"":[]}"
20260309T170228_20260312T085155_0,CORDOBA,2026-03-09,48.524351983514485,"{""type"":""MultiPoint"",""coordinates"":[]}"
20260309T170228_20260312T085155_1,CENTENARIO,2026-03-09,75.40449576406829,"{""type"":""MultiPoint"",""coordinates"":[]}"
20260309T170228_20260312T085155_2,LA_BOCA,2026-03-09,48.06601662669883,"{""type"":""MultiPoint"",""coordinates"":[]}"
20260310T164333_20260313T072249_0,CORDOBA,2026-03-10,39.561061104982684,"{""type"":""MultiPoint"",""coordinates"":[]}"
20260310T164333_20260313T072249_1,CENTENARIO,2026-03-10,74.89591881748626,"{""type"":""MultiPoint"",""coordinates"":[]}"
20260310T164333_20260313T072249_2,LA_BOCA,2026-03-10,37.93742612230062,"{""type"":""MultiPoint"",""coordinates"":[]}"
20260311T162438_20260313T173139_0,CORDOBA,2026-03-11,50.44618620299298,"{""type"":""MultiPoint"",""coordinates"":[]}"
20260311T162438_20260313T173139_1,CENTENARIO,2026-03-11,49.778286086963284,"{""type"":""MultiPoint"",""coordinates"":[]}"
20260311T162438_20260313T173139_2,LA_BOCA,2026-03-11,47.240951712192754,"{""type"":""MultiPoint"",""coordinates"":[]}"
20260311T180609_20260313T173306_0,CORDOBA,2026-03-11,47.472583477878835,"{""type"":""MultiPoint"",""coordinates"":[]}"
20260311T180609_20260313T173306_1,CENTENARIO,2026-03-11,47.43632355794216,"{""type"":""MultiPoint"",""coordinates"":[]}"
20260311T180609_20260313T173306_2,LA_BOCA,2026-03-11,48.09518117887956,"{""type"":""MultiPoint"",""coordinates"":[]}"
20260312T174717_20260314T112133_0,CORDOBA,2026-03-12,66.67262225681573,"{""type"":""MultiPoint"",""coordinates"":[]}"
20260312T174717_20260314T112133_1,CENTENARIO,2026-03-12,76.34017460198582,"{""type"":""MultiPoint"",""coordinates"":[]}"
20260312T174717_20260314T112133_2,LA_BOCA,2026-03-12,49.87562222305102,"{""type"":""MultiPoint"",""coordinates"":[]}"
20260315T165042_20260318T103556_0,CORDOBA,2026-03-15,44.051735800156685,"{""type"":""MultiPoint"",""coordinates"":[]}"
20260315T165042_20260318T103556_1,CENTENARIO,2026-03-15,48.219778945114456,"{""type"":""MultiPoint"",""coordinates"":[]}"
20260315T165042_20260318T103556_2,LA_BOCA,2026-03-15,56.90246160579749,"{""type"":""MultiPoint"",""coordinates"":[]}"
20260316T163150_20260319T073641_0,CORDOBA,2026-03-16,75.04449930440508,"{""type"":""MultiPoint"",""coordinates"":[]}"
20260316T163150_20260319T073641_1,CENTENARIO,2026-03-16,72.770725151634,"{""type"":""MultiPoint"",""coordinates"":[]}"
20260316T163150_20260319T073641_2,LA_BOCA,2026-03-16,78.19517995469297,"{""type"":""MultiPoint"",""coordinates"":[]}"
20260316T181320_20260319T151701_0,CORDOBA,2026-03-16,45.861745329499755,"{""type"":""MultiPoint"",""coordinates"":[]}"
20260316T181320_20260319T151701_1,CENTENARIO,2026-03-16,77.15605456824606,"{""type"":""MultiPoint"",""coordinates"":[]}"
20260316T181320_20260319T151701_2,LA_BOCA,2026-03-16,79.82963149644782,"{""type"":""MultiPoint"",""coordinates"":[]}"
20260318T173537_20260320T162208_0,CORDOBA,2026-03-18,68.5418043703295,"{""type"":""MultiPoint"",""coordinates"":[]}"
20260318T173537_20260320T162208_1,CENTENARIO,2026-03-18,105.07888949307655,"{""type"":""MultiPoint"",""coordinates"":[]}"
20260318T173537_20260320T162208_2,LA_BOCA,2026-03-18,66.40750185323081,"{""type"":""MultiPoint"",""coordinates"":[]}"
20260319T171645_20260321T093843_0,CORDOBA,2026-03-19,92.1531371772767,"{""type"":""MultiPoint"",""coordinates"":[]}"
20260319T171645_20260321T093843_1,CENTENARIO,2026-03-19,162.64238632204606,"{""type"":""MultiPoint"",""coordinates"":[]}"
20260319T171645_20260321T093843_2,LA_BOCA,2026-03-19,66.74638085147915,"{""type"":""MultiPoint"",""coordinates"":[]}"
20260322T162010_20260324T083455_0,CORDOBA,2026-03-22,63.39796389105864,"{""type"":""MultiPoint"",""coordinates"":[]}"
20260322T162010_20260324T083455_1,CENTENARIO,2026-03-22,69.0593986992519,"{""type"":""MultiPoint"",""coordinates"":[]}"
20260322T162010_20260324T083455_2,LA_BOCA,2026-03-22,43.70732098028533,"{""type"":""MultiPoint"",""coordinates"":[]}"
20260322T180140_20260324T103145_0,CORDOBA,2026-03-22,61.827375628346346,"{""type"":""MultiPoint"",""coordinates"":[]}"
20260322T180140_20260324T103145_1,CENTENARIO,2026-03-22,61.59715092063006,"{""type"":""MultiPoint"",""coordinates"":[]}"
20260322T180140_20260324T103145_2,LA_BOCA,2026-03-22,65.65727062357544,"{""type"":""MultiPoint"",""coordinates"":[]}"
20260323T174248_20260325T100833_0,CORDOBA,2026-03-23,105.03526662379456,"{""type"":""MultiPoint"",""coordinates"":[]}"
20260323T174248_20260325T100833_2,LA_BOCA,2026-03-23,79.44373203360442,"{""type"":""MultiPoint"",""coordinates"":[]}"
20260324T172356_20260326T093805_0,CORDOBA,2026-03-24,150.42879746380552,"{""type"":""MultiPoint"",""coordinates"":[]}"
20260324T172356_20260326T093805_1,CENTENARIO,2026-03-24,137.47810939697393,"{""type"":""MultiPoint"",""coordinates"":[]}"
20260324T172356_20260326T093805_2,LA_BOCA,2026-03-24,153.5399564747418,"{""type"":""MultiPoint"",""coordinates"":[]}"
20260325T170504_20260327T090954_0,CORDOBA,2026-03-25,374.46064687993504,"{""type"":""MultiPoint"",""coordinates"":[]}"
20260325T170504_20260327T090954_1,CENTENARIO,2026-03-25,393.18399468033607,"{""type"":""MultiPoint"",""coordinates"":[]}"
20260325T170504_20260327T090954_2,LA_BOCA,2026-03-25,516.8238427928279,"{""type"":""MultiPoint"",""coordinates"":[]}"
20260326T164612_20260328T085910_0,CORDOBA,2026-03-26,89.02892837164151,"{""type"":""MultiPoint"",""coordinates"":[]}"
20260326T164612_20260328T085910_1,CENTENARIO,2026-03-26,162.99410590754687,"{""type"":""MultiPoint"",""coordinates"":[]}"
20260326T164612_20260328T085910_2,LA_BOCA,2026-03-26,90.39685095856322,"{""type"":""MultiPoint"",""coordinates"":[]}"
20260330T171215_20260401T093741_0,CORDOBA,2026-03-30,105.02169892964602,"{""type"":""MultiPoint"",""coordinates"":[]}"
20260330T171215_20260401T093741_1,CENTENARIO,2026-03-30,116.70396686636275,"{""type"":""MultiPoint"",""coordinates"":[]}"
20260330T171215_20260401T093741_2,LA_BOCA,2026-03-30,90.97141668809914,"{""type"":""MultiPoint"",""coordinates"":[]}"
20260331T165323_20260402T091044_0,CORDOBA,2026-03-31,81.61441996376327,"{""type"":""MultiPoint"",""coordinates"":[]}"
20260331T165323_20260402T091044_1,CENTENARIO,2026-03-31,73.12353116661265,"{""type"":""MultiPoint"",""coordinates"":[]}"
20260331T165323_20260402T091044_2,LA_BOCA,2026-03-31,75.19811650304595,"{""type"":""MultiPoint"",""coordinates"":[]}"
20260401T181601_20260403T102903_0,CORDOBA,2026-04-01,177.70673419553657,"{""type"":""MultiPoint"",""coordinates"":[]}"
20260401T181601_20260403T102903_1,CENTENARIO,2026-04-01,194.04192221276662,"{""type"":""MultiPoint"",""coordinates"":[]}"
20260401T181601_20260403T102903_2,LA_BOCA,2026-04-01,129.76647990284974,"{""type"":""MultiPoint"",""coordinates"":[]}"
20260403T173817_20260405T100124_0,CORDOBA,2026-04-03,70.59245027508196,"{""type"":""MultiPoint"",""coordinates"":[]}"
20260403T173817_20260405T100124_1,CENTENARIO,2026-04-03,54.64307411925332,"{""type"":""MultiPoint"",""coordinates"":[]}"
20260403T173817_20260405T100124_2,LA_BOCA,2026-04-03,66.14828082690443,"{""type"":""MultiPoint"",""coordinates"":[]}"
20260404T171924_20260406T093632_0,CORDOBA,2026-04-04,54.80105912253309,"{""type"":""MultiPoint"",""coordinates"":[]}"
20260404T171924_20260406T093632_1,CENTENARIO,2026-04-04,39.38234792965747,"{""type"":""MultiPoint"",""coordinates"":[]}"
20260404T171924_20260406T093632_2,LA_BOCA,2026-04-04,52.1990609758613,"{""type"":""MultiPoint"",""coordinates"":[]}"
20260408T174525_20260410T105423_0,CORDOBA,2026-04-08,47.39479999424564,"{""type"":""MultiPoint"",""coordinates"":[]}"
20260408T174525_20260410T105423_1,CENTENARIO,2026-04-08,44.81763273370406,"{""type"":""MultiPoint"",""coordinates"":[]}"
20260408T174525_20260410T105423_2,LA_BOCA,2026-04-08,43.22792085408069,"{""type"":""MultiPoint"",""coordinates"":[]}"
20260409T172633_20260411T095425_0,CORDOBA,2026-04-09,209.32643166313855,"{""type"":""MultiPoint"",""coordinates"":[]}"
20260409T172633_20260411T095425_1,CENTENARIO,2026-04-09,186.37987533013285,"{""type"":""MultiPoint"",""coordinates"":[]}"
20260409T172633_20260411T095425_2,LA_BOCA,2026-04-09,182.51041160449245,"{""type"":""MultiPoint"",""coordinates"":[]}"
20260410T170740_20260412T093722_0,CORDOBA,2026-04-10,144.87371263704128,"{""type"":""MultiPoint"",""coordinates"":[]}"
20260410T170740_20260412T093722_1,CENTENARIO,2026-04-10,190.89369254833676,"{""type"":""MultiPoint"",""coordinates"":[]}"
20260410T170740_20260412T093722_2,LA_BOCA,2026-04-10,186.35338481983518,"{""type"":""MultiPoint"",""coordinates"":[]}"
20260411T164847_20260413T091139_0,CORDOBA,2026-04-11,27.76873319194434,"{""type"":""MultiPoint"",""coordinates"":[]}"
20260411T164847_20260413T091139_1,CENTENARIO,2026-04-11,53.45741054537638,"{""type"":""MultiPoint"",""coordinates"":[]}"
20260411T164847_20260413T091139_2,LA_BOCA,2026-04-11,17.98729340219255,"{""type"":""MultiPoint"",""coordinates"":[]}"
20260412T162954_20260414T085225_0,CORDOBA,2026-04-12,122.72176677317026,"{""type"":""MultiPoint"",""coordinates"":[]}"
20260412T162954_20260414T085225_1,CENTENARIO,2026-04-12,123.70609401281754,"{""type"":""MultiPoint"",""coordinates"":[]}"
20260412T162954_20260414T085225_2,LA_BOCA,2026-04-12,91.93112955939246,"{""type"":""MultiPoint"",""coordinates"":[]}"
20260412T181125_20260414T103043_0,CORDOBA,2026-04-12,117.12712394834438,"{""type"":""MultiPoint"",""coordinates"":[]}"
20260412T181125_20260414T103043_1,CENTENARIO,2026-04-12,120.77159191945975,"{""type"":""MultiPoint"",""coordinates"":[]}"
20260412T181125_20260414T103043_2,LA_BOCA,2026-04-12,102.65298277907553,"{""type"":""MultiPoint"",""coordinates"":[]}"
20260413T175232_20260415T100827_0,CORDOBA,2026-04-13,99.21491437125131,"{""type"":""MultiPoint"",""coordinates"":[]}"
20260413T175232_20260415T100827_1,CENTENARIO,2026-04-13,140.57134209244478,"{""type"":""MultiPoint"",""coordinates"":[]}"
20260413T175232_20260415T100827_2,LA_BOCA,2026-04-13,88.95468566297401,"{""type"":""MultiPoint"",""coordinates"":[]}"
20260417T163700_20260419T085413_0,CORDOBA,2026-04-17,143.1602815312822,"{""type"":""MultiPoint"",""coordinates"":[]}"
20260417T163700_20260419T085413_1,CENTENARIO,2026-04-17,143.20679373087435,"{""type"":""MultiPoint"",""coordinates"":[]}"
20260417T163700_20260419T085413_2,LA_BOCA,2026-04-17,123.19484689154066,"{""type"":""MultiPoint"",""coordinates"":[]}"
20260417T181831_20260419T103424_0,CORDOBA,2026-04-17,131.05220534805173,"{""type"":""MultiPoint"",""coordinates"":[]}"
20260417T181831_20260419T103424_1,CENTENARIO,2026-04-17,124.53902096240252,"{""type"":""MultiPoint"",""coordinates"":[]}"
20260417T181831_20260419T103424_2,LA_BOCA,2026-04-17,131.0522045620585,"{""type"":""MultiPoint"",""coordinates"":[]}"
20260418T175938_20260420T075441_0,CORDOBA,2026-04-18,144.7515512956788,"{""type"":""MultiPoint"",""coordinates"":[]}"
20260418T175938_20260420T075441_1,CENTENARIO,2026-04-18,123.26022085125085,"{""type"":""MultiPoint"",""coordinates"":[]}"
20260418T175938_20260420T075441_2,LA_BOCA,2026-04-18,163.23436404743518,"{""type"":""MultiPoint"",""coordinates"":[]}"
20260422T164404_20260424T090904_0,CORDOBA,2026-04-22,110.58401187731093,"{""type"":""MultiPoint"",""coordinates"":[]}"
20260422T164404_20260424T090904_1,CENTENARIO,2026-04-22,106.04877273907881,"{""type"":""MultiPoint"",""coordinates"":[]}"
20260422T164404_20260424T090904_2,LA_BOCA,2026-04-22,120.9228769980401,"{""type"":""MultiPoint"",""coordinates"":[]}"
20260423T162511_20260425T084227_0,CORDOBA,2026-04-23,357.3525075960775,"{""type"":""MultiPoint"",""coordinates"":[]}"
20260423T162511_20260425T084227_1,CENTENARIO,2026-04-23,467.9840241570673,"{""type"":""MultiPoint"",""coordinates"":[]}"
20260423T162511_20260425T084227_2,LA_BOCA,2026-04-23,345.2913300450025,"{""type"":""MultiPoint"",""coordinates"":[]}"
20260423T180641_20260425T102824_0,CORDOBA,2026-04-23,509.9939994041605,"{""type"":""MultiPoint"",""coordinates"":[]}"
20260423T180641_20260425T102824_1,CENTENARIO,2026-04-23,508.46349238202146,"{""type"":""MultiPoint"",""coordinates"":[]}"
20260423T180641_20260425T102824_2,LA_BOCA,2026-04-23,555.5175916533746,"{""type"":""MultiPoint"",""coordinates"":[]}"
20260424T174748_20260426T101021_0,CORDOBA,2026-04-24,104.10325323631926,"{""type"":""MultiPoint"",""coordinates"":[]}"
20260424T174748_20260426T101021_1,CENTENARIO,2026-04-24,134.34221563237543,"{""type"":""MultiPoint"",""coordinates"":[]}"
20260424T174748_20260426T101021_2,LA_BOCA,2026-04-24,113.96469410833414,"{""type"":""MultiPoint"",""coordinates"":[]}"
20260425T172854_20260427T095813_1,CENTENARIO,2026-04-25,185.45957587117005,"{""type"":""MultiPoint"",""coordinates"":[]}"
20260426T171000_20260428T092921_0,CORDOBA,2026-04-26,-0.5708288936185704,"{""type"":""MultiPoint"",""coordinates"":[]}"
20260426T171000_20260428T092921_1,CENTENARIO,2026-04-26,-1.1394292400565729,"{""type"":""MultiPoint"",""coordinates"":[]}"
20260426T171000_20260428T092921_2,LA_BOCA,2026-04-26,25.685627044354828,"{""type"":""MultiPoint"",""coordinates"":[]}"
20260427T165106_20260429T090634_0,CORDOBA,2026-04-27,93.46258189891645,"{""type"":""MultiPoint"",""coordinates"":[]}"
20260427T165106_20260429T090634_1,CENTENARIO,2026-04-27,88.2531313803428,"{""type"":""MultiPoint"",""coordinates"":[]}"
20260427T165106_20260429T090634_2,LA_BOCA,2026-04-27,98.20262356461284,"{""type"":""MultiPoint"",""coordinates"":[]}"
20260428T163212_20260502T205057_0,CORDOBA,2026-04-28,89.12845919289327,"{""type"":""MultiPoint"",""coordinates"":[]}"
20260428T163212_20260502T205057_1,CENTENARIO,2026-04-28,154.39774107027776,"{""type"":""MultiPoint"",""coordinates"":[]}"
20260428T163212_20260502T205057_2,LA_BOCA,2026-04-28,109.92184237717383,"{""type"":""MultiPoint"",""coordinates"":[]}"
20260428T181343_20260502T205308_0,CORDOBA,2026-04-28,110.67694290430795,"{""type"":""MultiPoint"",""coordinates"":[]}"
20260428T181343_20260502T205308_1,CENTENARIO,2026-04-28,110.62390976286893,"{""type"":""MultiPoint"",""coordinates"":[]}"
20260428T181343_20260502T205308_2,LA_BOCA,2026-04-28,137.29640149581434,"{""type"":""MultiPoint"",""coordinates"":[]}"
20260430T173555_20260504T131857_0,CORDOBA,2026-04-30,112.74834757235908,"{""type"":""MultiPoint"",""coordinates"":[]}"
20260430T173555_20260504T131857_1,CENTENARIO,2026-04-30,157.04036854645895,"{""type"":""MultiPoint"",""coordinates"":[]}"
20260430T173555_20260504T131857_2,LA_BOCA,2026-04-30,128.39837157050246,"{""type"":""MultiPoint"",""coordinates"":[]}"
20260501T171700_20260505T100442_0,CORDOBA,2026-05-01,114.06195228908098,"{""type"":""MultiPoint"",""coordinates"":[]}"
20260501T171700_20260505T100442_1,CENTENARIO,2026-05-01,73.13910018166683,"{""type"":""MultiPoint"",""coordinates"":[]}"
20260501T171700_20260505T100442_2,LA_BOCA,2026-05-01,104.83298827427456,"{""type"":""MultiPoint"",""coordinates"":[]}"
20260502T165806_20260505T203518_0,CORDOBA,2026-05-02,84.09695834122516,"{""type"":""MultiPoint"",""coordinates"":[]}"
20260502T165806_20260505T203518_1,CENTENARIO,2026-05-02,83.86605946007967,"{""type"":""MultiPoint"",""coordinates"":[]}"
20260502T165806_20260505T203518_2,LA_BOCA,2026-05-02,72.17601684423619,"{""type"":""MultiPoint"",""coordinates"":[]}"
20260503T163912_20260506T152401_0,CORDOBA,2026-05-03,45.414275299236,"{""type"":""MultiPoint"",""coordinates"":[]}"
20260503T163912_20260506T152401_1,CENTENARIO,2026-05-03,45.427950675931726,"{""type"":""MultiPoint"",""coordinates"":[]}"
20260503T182042_20260507T065929_0,CORDOBA,2026-05-03,62.91998143122973,"{""type"":""MultiPoint"",""coordinates"":[]}"
20260503T182042_20260507T065929_1,CENTENARIO,2026-05-03,66.67285436225733,"{""type"":""MultiPoint"",""coordinates"":[]}"
20260503T182042_20260507T065929_2,LA_BOCA,2026-05-03,59.12397465455534,"{""type"":""MultiPoint"",""coordinates"":[]}"
20260504T180147_20260507T182824_0,CORDOBA,2026-05-04,189.72643699914883,"{""type"":""MultiPoint"",""coordinates"":[]}"
20260504T180147_20260507T182824_1,CENTENARIO,2026-05-04,210.15320472490126,"{""type"":""MultiPoint"",""coordinates"":[]}"
20260504T180147_20260507T182824_2,LA_BOCA,2026-05-04,274.037745138722,"{""type"":""MultiPoint"",""coordinates"":[]}"
20260508T164608_20260510T093103_0,CORDOBA,2026-05-08,67.65834978662922,"{""type"":""MultiPoint"",""coordinates"":[]}"
20260508T164608_20260510T093103_1,CENTENARIO,2026-05-08,63.558634072093085,"{""type"":""MultiPoint"",""coordinates"":[]}"
20260508T164608_20260510T093103_2,LA_BOCA,2026-05-08,66.88518241592188,"{""type"":""MultiPoint"",""coordinates"":[]}"
20260509T180843_20260511T103235_0,CORDOBA,2026-05-09,50.730659434188084,"{""type"":""MultiPoint"",""coordinates"":[]}"
20260509T180843_20260511T103235_2,LA_BOCA,2026-05-09,60.49165701201817,"{""type"":""MultiPoint"",""coordinates"":[]}"
20260510T174948_20260512T101117_0,CORDOBA,2026-05-10,62.18841894719523,"{""type"":""MultiPoint"",""coordinates"":[]}"
20260510T174948_20260512T101117_1,CENTENARIO,2026-05-10,44.16854420394038,"{""type"":""MultiPoint"",""coordinates"":[]}"
20260510T174948_20260512T101117_2,LA_BOCA,2026-05-10,62.70157159894851,"{""type"":""MultiPoint"",""coordinates"":[]}"
20260511T173053_20260513T094950_0,CORDOBA,2026-05-11,256.6257216179912,"{""type"":""MultiPoint"",""coordinates"":[]}"
20260511T173053_20260513T094950_1,CENTENARIO,2026-05-11,190.94473698991163,"{""type"":""MultiPoint"",""coordinates"":[]}"
20260511T173053_20260513T094950_2,LA_BOCA,2026-05-11,293.33713420575816,"{""type"":""MultiPoint"",""coordinates"":[]}"
20260512T171158_20260514T093417_0,CORDOBA,2026-05-12,202.16218307542556,"{""type"":""MultiPoint"",""coordinates"":[]}"
20260512T171158_20260514T093417_1,CENTENARIO,2026-05-12,167.3251275774917,"{""type"":""MultiPoint"",""coordinates"":[]}"
20260512T171158_20260514T093417_2,LA_BOCA,2026-05-12,217.75828029050976,"{""type"":""MultiPoint"",""coordinates"":[]}"
20260514T163406_20260516T085634_0,CORDOBA,2026-05-14,169.23722428579373,"{""type"":""MultiPoint"",""coordinates"":[]}"
20260514T163406_20260516T085634_1,CENTENARIO,2026-05-14,166.54216449951903,"{""type"":""MultiPoint"",""coordinates"":[]}"
20260514T163406_20260516T085634_2,LA_BOCA,2026-05-14,147.54751728630916,"{""type"":""MultiPoint"",""coordinates"":[]}"
20260514T181537_20260516T105121_0,CORDOBA,2026-05-14,178.18097845135492,"{""type"":""MultiPoint"",""coordinates"":[]}"
20260514T181537_20260516T105121_1,CENTENARIO,2026-05-14,179.78057333372251,"{""type"":""MultiPoint"",""coordinates"":[]}"
20260514T181537_20260516T105121_2,LA_BOCA,2026-05-14,149.74048948045439,"{""type"":""MultiPoint"",""coordinates"":[]}"
20260515T175641_20260517T103116_0,CORDOBA,2026-05-15,80.05596979190258,"{""type"":""MultiPoint"",""coordinates"":[]}"
20260515T175641_20260517T103116_1,CENTENARIO,2026-05-15,106.05625806449459,"{""type"":""MultiPoint"",""coordinates"":[]}"
20260515T175641_20260517T103116_2,LA_BOCA,2026-05-15,96.50184240835489,"{""type"":""MultiPoint"",""coordinates"":[]}"
20260517T171849_20260519T095322_0,CORDOBA,2026-05-17,70.24531150346787,"{""type"":""MultiPoint"",""coordinates"":[]}"
20260517T171849_20260519T095322_1,CENTENARIO,2026-05-17,70.91034860460358,"{""type"":""MultiPoint"",""coordinates"":[]}"
20260517T171849_20260519T095322_2,LA_BOCA,2026-05-17,63.54894869071972,"{""type"":""MultiPoint"",""coordinates"":[]}"
20260519T164057_20260521T091456_0,CORDOBA,2026-05-19,185.05846895742846,"{""type"":""MultiPoint"",""coordinates"":[]}"
20260519T164057_20260521T091456_1,CENTENARIO,2026-05-19,161.04487594449404,"{""type"":""MultiPoint"",""coordinates"":[]}"
20260519T164057_20260521T091456_2,LA_BOCA,2026-05-19,210.97603518003726,"{""type"":""MultiPoint"",""coordinates"":[]}"
20260519T182227_20260521T110805_0,CORDOBA,2026-05-19,192.25394655324615,"{""type"":""MultiPoint"",""coordinates"":[]}"
20260519T182227_20260521T110805_1,CENTENARIO,2026-05-19,170.09652744157472,"{""type"":""MultiPoint"",""coordinates"":[]}"
20260519T182227_20260521T110805_2,LA_BOCA,2026-05-19,204.1556979105284,"{""type"":""MultiPoint"",""coordinates"":[]}"
20260521T174435_20260523T101613_0,CORDOBA,2026-05-21,301.06736784451795,"{""type"":""MultiPoint"",""coordinates"":[]}"
20260521T174435_20260523T101613_1,CENTENARIO,2026-05-21,292.93344988226306,"{""type"":""MultiPoint"",""coordinates"":[]}"
20260521T174435_20260523T101613_2,LA_BOCA,2026-05-21,227.8529928159391,"{""type"":""MultiPoint"",""coordinates"":[]}"
20260523T170641_20260525T093206_0,CORDOBA,2026-05-23,82.95213071769803,"{""type"":""MultiPoint"",""coordinates"":[]}"
20260523T170641_20260525T093206_1,CENTENARIO,2026-05-23,125.44456970455877,"{""type"":""MultiPoint"",""coordinates"":[]}"
20260523T170641_20260525T093206_2,LA_BOCA,2026-05-23,63.118083127504235,"{""type"":""MultiPoint"",""coordinates"":[]}"
20260526T175121_20260528T101619_0,CORDOBA,2026-05-26,325.6082918170993,"{""type"":""MultiPoint"",""coordinates"":[]}"
20260526T175121_20260528T101619_1,CENTENARIO,2026-05-26,452.63284751810556,"{""type"":""MultiPoint"",""coordinates"":[]}"
20260526T175121_20260528T101619_2,LA_BOCA,2026-05-26,310.2481106742328,"{""type"":""MultiPoint"",""coordinates"":[]}"
20260530T163531_20260601T085114_0,CORDOBA,2026-05-30,254.31229252782435,"{""type"":""MultiPoint"",""coordinates"":[]}"
20260530T163531_20260601T085114_1,CENTENARIO,2026-05-30,257.3761299392743,"{""type"":""MultiPoint"",""coordinates"":[]}"
20260530T163531_20260601T085114_2,LA_BOCA,2026-05-30,262.84065728298464,"{""type"":""MultiPoint"",""coordinates"":[]}"
20260530T181701_20260601T103439_0,CORDOBA,2026-05-30,390.7844955144912,"{""type"":""MultiPoint"",""coordinates"":[]}"
20260530T181701_20260601T103439_1,CENTENARIO,2026-05-30,403.5312664783644,"{""type"":""MultiPoint"",""coordinates"":[]}"
20260530T181701_20260601T103439_2,LA_BOCA,2026-05-30,366.7020022163923,"{""type"":""MultiPoint"",""coordinates"":[]}"
20260602T172008_20260605T083816_0,CORDOBA,2026-06-02,75.89294547300481,"{""type"":""MultiPoint"",""coordinates"":[]}"
20260602T172008_20260605T083816_1,CENTENARIO,2026-06-02,94.82422941505853,"{""type"":""MultiPoint"",""coordinates"":[]}"
20260602T172008_20260605T083816_2,LA_BOCA,2026-06-02,56.6536519938026,"{""type"":""MultiPoint"",""coordinates"":[]}"
20260605T180443_20260607T101859_0,CORDOBA,2026-06-05,149.0033840507115,"{""type"":""MultiPoint"",""coordinates"":[]}"
20260605T180443_20260607T101859_1,CENTENARIO,2026-06-05,150.81584155509356,"{""type"":""MultiPoint"",""coordinates"":[]}"
20260605T180443_20260607T101859_2,LA_BOCA,2026-06-05,130.3633465736558,"{""type"":""MultiPoint"",""coordinates"":[]}"
20260609T164848_20260611T085541_2,LA_BOCA,2026-06-09,347.4498493897731,"{""type"":""MultiPoint"",""coordinates"":[]}"
20260611T175220_20260613T101452_0,CORDOBA,2026-06-11,427.65957194644756,"{""type"":""MultiPoint"",""coordinates"":[]}"
20260611T175220_20260613T101452_1,CENTENARIO,2026-06-11,361.546988292271,"{""type"":""MultiPoint"",""coordinates"":[]}"
20260611T175220_20260613T101452_2,LA_BOCA,2026-06-11,439.603511391258,"{""type"":""MultiPoint"",""coordinates"":[]}"
20260612T173321_20260614T095520_0,CORDOBA,2026-06-12,126.31619656765868,"{""type"":""MultiPoint"",""coordinates"":[]}"
20260612T173321_20260614T095520_1,CENTENARIO,2026-06-12,269.85085594200496,"{""type"":""MultiPoint"",""coordinates"":[]}"
20260614T165522_20260617T114513_0,CORDOBA,2026-06-14,149.72538990678498,"{""type"":""MultiPoint"",""coordinates"":[]}"
20260614T165522_20260617T114513_1,CENTENARIO,2026-06-14,130.47537203097204,"{""type"":""MultiPoint"",""coordinates"":[]}"
20260614T165522_20260617T114513_2,LA_BOCA,2026-06-14,143.04083088124932,"{""type"":""MultiPoint"",""coordinates"":[]}"
20260615T163622_20260617T115220_0,CORDOBA,2026-06-15,140.07948132897386,"{""type"":""MultiPoint"",""coordinates"":[]}"
20260615T163622_20260617T115220_1,CENTENARIO,2026-06-15,139.9193381005698,"{""type"":""MultiPoint"",""coordinates"":[]}"
20260615T163622_20260617T115220_2,LA_BOCA,2026-06-15,176.499420591249,"{""type"":""MultiPoint"",""coordinates"":[]}"
20260615T181752_20260617T231655_0,CORDOBA,2026-06-15,126.40679027325461,"{""type"":""MultiPoint"",""coordinates"":[]}"
20260615T181752_20260617T231655_1,CENTENARIO,2026-06-15,138.18253333180448,"{""type"":""MultiPoint"",""coordinates"":[]}"
20260615T181752_20260617T231655_2,LA_BOCA,2026-06-15,118.44479734887348,"{""type"":""MultiPoint"",""coordinates"":[]}"
20260616T175853_20260618T134845_0,CORDOBA,2026-06-16,155.85144048204523,"{""type"":""MultiPoint"",""coordinates"":[]}"
20260616T175853_20260618T134845_1,CENTENARIO,2026-06-16,150.33558811424987,"{""type"":""MultiPoint"",""coordinates"":[]}"
20260616T175853_20260618T134845_2,LA_BOCA,2026-06-16,186.92286850784993,"{""type"":""MultiPoint"",""coordinates"":[]}"
20260617T173953_20260619T094549_0,CORDOBA,2026-06-17,71.5067498794938,"{""type"":""MultiPoint"",""coordinates"":[]}"
20260617T173953_20260619T094549_1,CENTENARIO,2026-06-17,112.72362679932345,"{""type"":""MultiPoint"",""coordinates"":[]}"
20260617T173953_20260619T094549_2,LA_BOCA,2026-06-17,70.10463360505528,"{""type"":""MultiPoint"",""coordinates"":[]}"
20260619T170153_20260621T091041_0,CORDOBA,2026-06-19,132.7441533478334,"{""type"":""MultiPoint"",""coordinates"":[]}"
20260619T170153_20260621T091041_1,CENTENARIO,2026-06-19,134.88554259667512,"{""type"":""MultiPoint"",""coordinates"":[]}"
20260619T170153_20260621T091041_2,LA_BOCA,2026-06-19,121.56691847374078,"{""type"":""MultiPoint"",""coordinates"":[]}"
20260620T164252_20260622T085540_0,CORDOBA,2026-06-20,96.3271404329736,"{""type"":""MultiPoint"",""coordinates"":[]}"
20260620T164252_20260622T085540_1,CENTENARIO,2026-06-20,95.6112006195447,"{""type"":""MultiPoint"",""coordinates"":[]}"
20260620T164252_20260622T085540_2,LA_BOCA,2026-06-20,120.66093861164902,"{""type"":""MultiPoint"",""coordinates"":[]}"
20260620T182422_20260622T104938_0,CORDOBA,2026-06-20,-4.7764147693157115,"{""type"":""MultiPoint"",""coordinates"":[]}"
20260620T182422_20260622T104938_1,CENTENARIO,2026-06-20,47.11900423000622,"{""type"":""MultiPoint"",""coordinates"":[]}"
20260620T182422_20260622T104938_2,LA_BOCA,2026-06-20,-4.776414719123189,"{""type"":""MultiPoint"",""coordinates"":[]}"
20260621T180522_20260623T111126_0,CORDOBA,2026-06-21,90.97782464371805,"{""type"":""MultiPoint"",""coordinates"":[]}"
20260621T180522_20260623T111126_1,CENTENARIO,2026-06-21,90.97782456592968,"{""type"":""MultiPoint"",""coordinates"":[]}"
20260621T180522_20260623T111126_2,LA_BOCA,2026-06-21,90.977823026521,"{""type"":""MultiPoint"",""coordinates"":[]}"
20260622T174621_20260624T100812_0,CORDOBA,2026-06-22,125.10333162728757,"{""type"":""MultiPoint"",""coordinates"":[]}"
20260622T174621_20260624T100812_1,CENTENARIO,2026-06-22,109.56940523869847,"{""type"":""MultiPoint"",""coordinates"":[]}"
20260622T174621_20260624T100812_2,LA_BOCA,2026-06-22,82.7028890701204,"{""type"":""MultiPoint"",""coordinates"":[]}"
20260623T172721_20260625T095054_0,CORDOBA,2026-06-23,117.87690972531095,"{""type"":""MultiPoint"",""coordinates"":[]}"
20260623T172721_20260625T095054_1,CENTENARIO,2026-06-23,107.44416365675364,"{""type"":""MultiPoint"",""coordinates"":[]}"
20260623T172721_20260625T095054_2,LA_BOCA,2026-06-23,108.17067597386489,"{""type"":""MultiPoint"",""coordinates"":[]}"
20260625T164919_20260627T090530_0,CORDOBA,2026-06-25,138.30162688052445,"{""type"":""MultiPoint"",""coordinates"":[]}"
20260625T164919_20260627T090530_1,CENTENARIO,2026-06-25,135.84309867550945,"{""type"":""MultiPoint"",""coordinates"":[]}"
20260625T164919_20260627T090530_2,LA_BOCA,2026-06-25,141.24566217891393,"{""type"":""MultiPoint"",""coordinates"":[]}"
20260626T163018_20260628T090633_0,CORDOBA,2026-06-26,56.181531141886616,"{""type"":""MultiPoint"",""coordinates"":[]}"
20260626T163018_20260628T090633_1,CENTENARIO,2026-06-26,71.70004083246322,"{""type"":""MultiPoint"",""coordinates"":[]}"
20260626T163018_20260628T090633_2,LA_BOCA,2026-06-26,60.8401005876224,"{""type"":""MultiPoint"",""coordinates"":[]}"
20260626T181148_20260628T102947_0,CORDOBA,2026-06-26,66.99986925262867,"{""type"":""MultiPoint"",""coordinates"":[]}"
20260626T181148_20260628T102947_1,CENTENARIO,2026-06-26,125.49553709536758,"{""type"":""MultiPoint"",""coordinates"":[]}"
20260626T181148_20260628T102947_2,LA_BOCA,2026-06-26,83.85430727616533,"{""type"":""MultiPoint"",""coordinates"":[]}"
20260627T175247_20260629T101611_0,CORDOBA,2026-06-27,219.50529665227938,"{""type"":""MultiPoint"",""coordinates"":[]}"
20260627T175247_20260629T101611_1,CENTENARIO,2026-06-27,225.75864128470369,"{""type"":""MultiPoint"",""coordinates"":[]}"
20260627T175247_20260629T101611_2,LA_BOCA,2026-06-27,236.0241459803236,"{""type"":""MultiPoint"",""coordinates"":[]}"
20260628T173346_20260630T095507_0,CORDOBA,2026-06-28,88.80393512897845,"{""type"":""MultiPoint"",""coordinates"":[]}"
20260628T173346_20260630T095507_1,CENTENARIO,2026-06-28,71.46422901819946,"{""type"":""MultiPoint"",""coordinates"":[]}"
20260628T173346_20260630T095507_2,LA_BOCA,2026-06-28,84.75432750799054,"{""type"":""MultiPoint"",""coordinates"":[]}"
20260629T171444_20260701T093338_0,CORDOBA,2026-06-29,204.20800729331796,"{""type"":""MultiPoint"",""coordinates"":[]}"
20260629T171444_20260701T093338_1,CENTENARIO,2026-06-29,158.7604492726699,"{""type"":""MultiPoint"",""coordinates"":[]}"
20260629T171444_20260701T093338_2,LA_BOCA,2026-06-29,233.56430942646256,"{""type"":""MultiPoint"",""coordinates"":[]}"
20260630T165543_20260702T090724_0,CORDOBA,2026-06-30,103.75395274939667,"{""type"":""MultiPoint"",""coordinates"":[]}"
20260630T165543_20260702T090724_1,CENTENARIO,2026-06-30,108.58659590147981,"{""type"":""MultiPoint"",""coordinates"":[]}"
20260630T165543_20260702T090724_2,LA_BOCA,2026-06-30,105.38022630576401,"{""type"":""MultiPoint"",""coordinates"":[]}"
20260701T163641_20260703T084051_0,CORDOBA,2026-07-01,184.25405138423375,"{""type"":""MultiPoint"",""coordinates"":[]}"
20260701T163641_20260703T084051_1,CENTENARIO,2026-07-01,187.3296072886837,"{""type"":""MultiPoint"",""coordinates"":[]}"
20260701T163641_20260703T084051_2,LA_BOCA,2026-07-01,160.09074851853288,"{""type"":""MultiPoint"",""coordinates"":[]}"
20260701T181811_20260703T103350_0,CORDOBA,2026-07-01,194.07046357762124,"{""type"":""MultiPoint"",""coordinates"":[]}"
20260701T181811_20260703T103350_1,CENTENARIO,2026-07-01,198.52938198435695,"{""type"":""MultiPoint"",""coordinates"":[]}"
20260701T181811_20260703T103350_2,LA_BOCA,2026-07-01,155.20032626336086,"{""type"":""MultiPoint"",""coordinates"":[]}"
20260702T175909_20260704T100434_0,CORDOBA,2026-07-02,146.12431774601052,"{""type"":""MultiPoint"",""coordinates"":[]}"
20260702T175909_20260704T100434_1,CENTENARIO,2026-07-02,137.923266129624,"{""type"":""MultiPoint"",""coordinates"":[]}"
20260702T175909_20260704T100434_2,LA_BOCA,2026-07-02,119.62940765229952,"{""type"":""MultiPoint"",""coordinates"":[]}"
20260703T174007_20260705T094427_0,CORDOBA,2026-07-03,360.22508304225636,"{""type"":""MultiPoint"",""coordinates"":[]}"
20260703T174007_20260705T094427_1,CENTENARIO,2026-07-03,331.664114129023,"{""type"":""MultiPoint"",""coordinates"":[]}"
20260703T174007_20260705T094427_2,LA_BOCA,2026-07-03,266.12250256056643,"{""type"":""MultiPoint"",""coordinates"":[]}"
20260706T164301_20260708T084920_0,CORDOBA,2026-07-06,239.81892444140635,"{""type"":""MultiPoint"",""coordinates"":[]}"
20260706T164301_20260708T084920_1,CENTENARIO,2026-07-06,228.17296034462933,"{""type"":""MultiPoint"",""coordinates"":[]}"
20260706T164301_20260708T084920_2,LA_BOCA,2026-07-06,236.71117903209836,"{""type"":""MultiPoint"",""coordinates"":[]}"
20260706T182431_20260708T104252_0,CORDOBA,2026-07-06,173.99278874955914,"{""type"":""MultiPoint"",""coordinates"":[]}"
20260706T182431_20260708T104252_1,CENTENARIO,2026-07-06,203.41723315478922,"{""type"":""MultiPoint"",""coordinates"":[]}"
20260706T182431_20260708T104252_2,LA_BOCA,2026-07-06,212.9238856320452,"{""type"":""MultiPoint"",""coordinates"":[]}"
20260707T162359_20260709T082518_0,CORDOBA,2026-07-07,195.29394096655193,"{""type"":""MultiPoint"",""coordinates"":[]}"
20260707T162359_20260709T082518_2,LA_BOCA,2026-07-07,223.64597942726004,"{""type"":""MultiPoint"",""coordinates"":[]}"
20260707T180529_20260709T102639_0,CORDOBA,2026-07-07,127.40010228324645,"{""type"":""MultiPoint"",""coordinates"":[]}"
20260707T180529_20260709T102639_1,CENTENARIO,2026-07-07,129.72491305204244,"{""type"":""MultiPoint"",""coordinates"":[]}"
20260707T180529_20260709T102639_2,LA_BOCA,2026-07-07,119.04907293252295,"{""type"":""MultiPoint"",""coordinates"":[]}"
20260709T172724_20260711T094338_0,CORDOBA,2026-07-09,207.6898181692787,"{""type"":""MultiPoint"",""coordinates"":[]}"
20260709T172724_20260711T094338_1,CENTENARIO,2026-07-09,190.49438039346717,"{""type"":""MultiPoint"",""coordinates"":[]}"
20260709T172724_20260711T094338_2,LA_BOCA,2026-07-09,193.9887077914376,"{""type"":""MultiPoint"",""coordinates"":[]}"
20260711T164918_20260713T090512_2,LA_BOCA,2026-07-11,82.69641940722998,"{""type"":""MultiPoint"",""coordinates"":[]}"
20260712T163016_20260714T083137_0,CORDOBA,2026-07-12,69.72587206128271,"{""type"":""MultiPoint"",""coordinates"":[]}"
20260712T163016_20260714T083137_1,CENTENARIO,2026-07-12,69.67080805704835,"{""type"":""MultiPoint"",""coordinates"":[]}"
20260712T163016_20260714T083137_2,LA_BOCA,2026-07-12,69.87575585428607,"{""type"":""MultiPoint"",""coordinates"":[]}"
20260712T181145_20260714T102229_0,CORDOBA,2026-07-12,121.88533573531994,"{""type"":""MultiPoint"",""coordinates"":[]}"
20260712T181145_20260714T102229_1,CENTENARIO,2026-07-12,102.04030716012569,"{""type"":""MultiPoint"",""coordinates"":[]}"
20260712T181145_20260714T102229_2,LA_BOCA,2026-07-12,111.01233946083465,"{""type"":""MultiPoint"",""coordinates"":[]}"
20260716T165533_20260718T140212_0,CORDOBA,2026-07-16,67.22067427547424,"{""type"":""MultiPoint"",""coordinates"":[]}"
20260716T165533_20260718T140212_1,CENTENARIO,2026-07-16,91.90492378782388,"{""type"":""MultiPoint"",""coordinates"":[]}"
20260716T165533_20260718T140212_2,LA_BOCA,2026-07-16,74.72989062439206,"{""type"":""MultiPoint"",""coordinates"":[]}"
20260722T182411_20260724T111931_0,CORDOBA,2026-07-22,74.81417694432864,"{""type"":""MultiPoint"",""coordinates"":[]}"
20260722T182411_20260724T111931_1,CENTENARIO,2026-07-22,102.3667194746641,"{""type"":""MultiPoint"",""coordinates"":[]}"
20260722T182411_20260724T111931_2,LA_BOCA,2026-07-22,75.74423539394299,"{""type"":""MultiPoint"",""coordinates"":[]}"
20260723T162338_20260725T091007_2,LA_BOCA,2026-07-23,44.801428710330384,"{""type"":""MultiPoint"",""coordinates"":[]}"
20260725T172659_20260727T102626_0,CORDOBA,2026-07-25,40.9779000452856,"{""type"":""MultiPoint"",""coordinates"":[]}"
20260725T172659_20260727T102626_1,CENTENARIO,2026-07-25,74.85217594611825,"{""type"":""MultiPoint"",""coordinates"":[]}"
20260725T172659_20260727T102626_2,LA_BOCA,2026-07-25,42.86340551216233,"{""type"":""MultiPoint"",""coordinates"":[]}"
20260726T170755_20260728T092633_0,CORDOBA,2026-07-26,98.41078483048925,"{""type"":""MultiPoint"",""coordinates"":[]}"
20260726T170755_20260728T092633_1,CENTENARIO,2026-07-26,164.63498702301462,"{""type"":""MultiPoint"",""coordinates"":[]}"
20260726T170755_20260728T092633_2,LA_BOCA,2026-07-26,78.66831409699661,"{""type"":""MultiPoint"",""coordinates"":[]}"
20260730T173307_20260801T100111_0,CORDOBA,2026-07-30,37.88098957058681,"{""type"":""MultiPoint"",""coordinates"":[]}"
20260730T173307_20260801T100111_1,CENTENARIO,2026-07-30,57.38686888411516,"{""type"":""MultiPoint"",""coordinates"":[]}"
20260730T173307_20260801T100111_2,LA_BOCA,2026-07-30,35.74820159301169,"{""type"":""MultiPoint"",""coordinates"":[]}"
20260731T171402_20260802T094636_0,CORDOBA,2026-07-31,72.37946104914762,"{""type"":""MultiPoint"",""coordinates"":[]}"
20260731T171402_20260802T094636_1,CENTENARIO,2026-07-31,62.8421128136087,"{""type"":""MultiPoint"",""coordinates"":[]}"
20260731T171402_20260802T094636_2,LA_BOCA,2026-07-31,63.25806669413888,"{""type"":""MultiPoint"",""coordinates"":[]}"
20260801T165458_20260803T091330_0,CORDOBA,2026-08-01,65.06067316475615,"{""type"":""MultiPoint"",""coordinates"":[]}"
20260801T165458_20260803T091330_1,CENTENARIO,2026-08-01,68.44728286007604,"{""type"":""MultiPoint"",""coordinates"":[]}"
20260801T165458_20260803T091330_2,LA_BOCA,2026-08-01,64.15932357860466,"{""type"":""MultiPoint"",""coordinates"":[]}"
20260802T181723_20260804T105153_0,CORDOBA,2026-08-02,52.980025366106666,"{""type"":""MultiPoint"",""coordinates"":[]}"
20260802T181723_20260804T105153_1,CENTENARIO,2026-08-02,52.92220245137763,"{""type"":""MultiPoint"",""coordinates"":[]}"
20260802T181723_20260804T105153_2,LA_BOCA,2026-08-02,60.676445075454076,"{""type"":""MultiPoint"",""coordinates"":[]}"
20260807T164157_20260809T085010_0,CORDOBA,2026-08-07,153.51934574895174,"{""type"":""MultiPoint"",""coordinates"":[]}"
20260807T164157_20260809T085010_1,CENTENARIO,2026-08-07,134.39995034483647,"{""type"":""MultiPoint"",""coordinates"":[]}"
20260807T164157_20260809T085010_2,LA_BOCA,2026-08-07,181.96981528714028,"{""type"":""MultiPoint"",""coordinates"":[]}"
20260807T182327_20260809T104922_0,CORDOBA,2026-08-07,139.59744437498227,"{""type"":""MultiPoint"",""coordinates"":[]}"
20260807T182327_20260809T104922_1,CENTENARIO,2026-08-07,141.03340692091663,"{""type"":""MultiPoint"",""coordinates"":[]}"
20260807T182327_20260809T104922_2,LA_BOCA,2026-08-07,163.64215321001345,"{""type"":""MultiPoint"",""coordinates"":[]}"
20260808T180422_20260810T102311_0,CORDOBA,2026-08-08,89.34693634844831,"{""type"":""MultiPoint"",""coordinates"":[]}"
20260808T180422_20260810T102311_1,CENTENARIO,2026-08-08,72.80648567005476,"{""type"":""MultiPoint"",""coordinates"":[]}"
20260808T180422_20260810T102311_2,LA_BOCA,2026-08-08,66.92795036114626,"{""type"":""MultiPoint"",""coordinates"":[]}"
20260809T174516_20260811T100345_0,CORDOBA,2026-08-09,76.51401835752573,"{""type"":""MultiPoint"",""coordinates"":[]}"
20260809T174516_20260811T100345_1,CENTENARIO,2026-08-09,61.84560920302668,"{""type"":""MultiPoint"",""coordinates"":[]}"
20260809T174516_20260811T100345_2,LA_BOCA,2026-08-09,77.07979148961522,"{""type"":""MultiPoint"",""coordinates"":[]}"
20260810T172611_20260812T094134_0,CORDOBA,2026-08-10,239.6082998874423,"{""type"":""MultiPoint"",""coordinates"":[]}"
20260810T172611_20260812T094134_1,CENTENARIO,2026-08-10,276.8113249602235,"{""type"":""MultiPoint"",""coordinates"":[]}"
20260810T172611_20260812T094134_2,LA_BOCA,2026-08-10,209.16381870026675,"{""type"":""MultiPoint"",""coordinates"":[]}"
20260819T175718_20260821T100450_0,CORDOBA,2026-08-19,173.35190635114202,"{""type"":""MultiPoint"",""coordinates"":[]}"
20260819T175718_20260821T100450_1,CENTENARIO,2026-08-19,222.64061160276756,"{""type"":""MultiPoint"",""coordinates"":[]}"
20260819T175718_20260821T100450_2,LA_BOCA,2026-08-19,168.72813892848356,"{""type"":""MultiPoint"",""coordinates"":[]}"
20260820T173812_20260822T100244_1,CENTENARIO,2026-08-20,379.0085429432877,"{""type"":""MultiPoint"",""coordinates"":[]}"
20260821T171906_20260823T094302_1,CENTENARIO,2026-08-21,98.4091330890862,"{""type"":""MultiPoint"",""coordinates"":[]}"
20260821T171906_20260823T094302_2,LA_BOCA,2026-08-21,68.33968739706751,"{""type"":""MultiPoint"",""coordinates"":[]}"
20260822T170000_20260824T092457_0,CORDOBA,2026-08-22,151.23070530122166,"{""type"":""MultiPoint"",""coordinates"":[]}"
20260822T170000_20260824T092457_1,CENTENARIO,2026-08-22,119.23015454578902,"{""type"":""MultiPoint"",""coordinates"":[]}"
20260822T170000_20260824T092457_2,LA_BOCA,2026-08-22,136.0287836086311,"{""type"":""MultiPoint"",""coordinates"":[]}"
20260823T164053_20260825T085452_0,CORDOBA,2026-08-23,106.24566912505223,"{""type"":""MultiPoint"",""coordinates"":[]}"
20260823T164053_20260825T085452_1,CENTENARIO,2026-08-23,106.24921664391253,"{""type"":""MultiPoint"",""coordinates"":[]}"
20260823T164053_20260825T085452_2,LA_BOCA,2026-08-23,103.33893049864133,"{""type"":""MultiPoint"",""coordinates"":[]}"
20260823T182223_20260825T110936_0,CORDOBA,2026-08-23,130.80725329927031,"{""type"":""MultiPoint"",""coordinates"":[]}"
20260823T182223_20260825T110936_1,CENTENARIO,2026-08-23,129.4375807189869,"{""type"":""MultiPoint"",""coordinates"":[]}"
20260823T182223_20260825T110936_2,LA_BOCA,2026-08-23,117.00038542985729,"{""type"":""MultiPoint"",""coordinates"":[]}"
20260824T180317_20260826T100957_0,CORDOBA,2026-08-24,75.1367115385059,"{""type"":""MultiPoint"",""coordinates"":[]}"
20260824T180317_20260826T100957_2,LA_BOCA,2026-08-24,75.13671298826799,"{""type"":""MultiPoint"",""coordinates"":[]}"
20260825T174410_20260827T115704_0,CORDOBA,2026-08-25,82.4851521887362,"{""type"":""MultiPoint"",""coordinates"":[]}"
20260825T174410_20260827T115704_1,CENTENARIO,2026-08-25,137.29673915136675,"{""type"":""MultiPoint"",""coordinates"":[]}"
20260825T174410_20260827T115704_2,LA_BOCA,2026-08-25,93.69855782719067,"{""type"":""MultiPoint"",""coordinates"":[]}"
20260828T164651_20260830T090236_0,CORDOBA,2026-08-28,126.12118878015221,"{""type"":""MultiPoint"",""coordinates"":[]}"
20260828T164651_20260830T090236_1,CENTENARIO,2026-08-28,166.4464830703058,"{""type"":""MultiPoint"",""coordinates"":[]}"
20260828T164651_20260830T090236_2,LA_BOCA,2026-08-28,127.9409598587524,"{""type"":""MultiPoint"",""coordinates"":[]}"
20260829T162744_20260831T083850_0,CORDOBA,2026-08-29,86.31613338294468,"{""type"":""MultiPoint"",""coordinates"":[]}"
20260829T162744_20260831T083850_1,CENTENARIO,2026-08-29,103.26199133544132,"{""type"":""MultiPoint"",""coordinates"":[]}"
20260829T162744_20260831T083850_2,LA_BOCA,2026-08-29,103.96026793714542,"{""type"":""MultiPoint"",""coordinates"":[]}"
20260829T180914_20260831T102122_0,CORDOBA,2026-08-29,50.14366069829575,"{""type"":""MultiPoint"",""coordinates"":[]}"
20260829T180914_20260831T102122_1,CENTENARIO,2026-08-29,67.36503650558465,"{""type"":""MultiPoint"",""coordinates"":[]}"
20260829T180914_20260831T102122_2,LA_BOCA,2026-08-29,50.13279210531975,"{""type"":""MultiPoint"",""coordinates"":[]}"
20260830T175007_20260901T100047_0,CORDOBA,2026-08-30,60.202239812654575,"{""type"":""MultiPoint"",""coordinates"":[]}"
20260830T175007_20260901T100047_1,CENTENARIO,2026-08-30,68.13821345396018,"{""type"":""MultiPoint"",""coordinates"":[]}"
20260830T175007_20260901T100047_2,LA_BOCA,2026-08-30,54.16916397178382,"{""type"":""MultiPoint"",""coordinates"":[]}"
