system:index,area,barrios,comuna,count,id,mean,mes,objeto,perimetro,.geo
0_00000000000000000000,1.780103628E7,"Constitucion, San Telmo, Monserrat, Retiro, Puerto Madero, San Nicolas",1,35,1,172.9126005302303,2018-07,COMUNA,36351.19,"{""type"":""MultiPoint"",""coordinates"":[]}"
0_00000000000000000001,6433391.77,Recoleta,2,15,2,196.80822798332616,2018-07,COMUNA,25965.02,"{""type"":""MultiPoint"",""coordinates"":[]}"
0_00000000000000000002,6385992.08,"San Cristobal, Balvanera",3,11,3,182.231523728873,2018-07,COMUNA,10486.26,"{""type"":""MultiPoint"",""coordinates"":[]}"
0_00000000000000000003,2.169064689E7,"Barracas, La Boca, Parque Patricios, Nueva Pompeya",4,38,4,151.92810434311806,2018-07,COMUNA,35481.84,"{""type"":""MultiPoint"",""coordinates"":[]}"
0_00000000000000000004,6660603.77,"Almagro, Boedo",5,11,5,169.57801340957602,2018-07,COMUNA,12323.43,"{""type"":""MultiPoint"",""coordinates"":[]}"
0_00000000000000000005,6851029.56,Caballito,6,13,6,147.4079011532668,2018-07,COMUNA,10990.96,"{""type"":""MultiPoint"",""coordinates"":[]}"
0_00000000000000000006,1.2422902E7,"Flores, Parque Chacabuco",7,24,7,131.01166136168916,2018-07,COMUNA,17972.26,"{""type"":""MultiPoint"",""coordinates"":[]}"
0_00000000000000000007,2.223309659E7,"Villa Lugano, Villa Riachuelo, Villa Soldati",8,36,8,116.76056203264088,2018-07,COMUNA,20952.25,"{""type"":""MultiPoint"",""coordinates"":[]}"
0_00000000000000000008,1.650530734E7,"Parque Avellaneda, Mataderos, Liniers",9,27,9,116.08635290507962,2018-07,COMUNA,21411.74,"{""type"":""MultiPoint"",""coordinates"":[]}"
0_00000000000000000009,1.265655814E7,"Floresta, Monte Castro, Velez Sarsfield, Versalles, Villa Luro, Villa Real",10,25,10,135.91367392908745,2018-07,COMUNA,18332.04,"{""type"":""MultiPoint"",""coordinates"":[]}"
0_0000000000000000000a,1.412000807E7,"Villa Del Parque, Villa Devoto, Villa Gral. Mitre, Villa Santa Rita",11,26,11,143.33580538355037,2018-07,COMUNA,19987.7,"{""type"":""MultiPoint"",""coordinates"":[]}"
0_0000000000000000000b,1.557092811E7,"Villa Urquiza, Villa Pueyrredon, Saavedra, Coghlan",12,28,12,156.83861551201244,2018-07,COMUNA,17232.19,"{""type"":""MultiPoint"",""coordinates"":[]}"
0_0000000000000000000c,1.48461025E7,"Belgrano, Nuñez, Colegiales",13,27,13,151.74988043224224,2018-07,COMUNA,26155.33,"{""type"":""MultiPoint"",""coordinates"":[]}"
0_0000000000000000000d,1.592256351E7,Palermo,14,26,14,184.4662086107352,2018-07,COMUNA,22834.18,"{""type"":""MultiPoint"",""coordinates"":[]}"
0_0000000000000000000e,1.432289813E7,"Villa Ortuzar, Agronomia, Paternal, Parque Chas, Chacarita, Villa Crespo",15,24,15,149.08418784505463,2018-07,COMUNA,17832.59,"{""type"":""MultiPoint"",""coordinates"":[]}"
1_00000000000000000000,1.780103628E7,"Constitucion, San Telmo, Monserrat, Retiro, Puerto Madero, San Nicolas",1,35,1,95.9615060490323,2018-08,COMUNA,36351.19,"{""type"":""MultiPoint"",""coordinates"":[]}"
1_00000000000000000001,6433391.77,Recoleta,2,15,2,98.86520719246302,2018-08,COMUNA,25965.02,"{""type"":""MultiPoint"",""coordinates"":[]}"
1_00000000000000000002,6385992.08,"San Cristobal, Balvanera",3,11,3,116.68967908323299,2018-08,COMUNA,10486.26,"{""type"":""MultiPoint"",""coordinates"":[]}"
1_00000000000000000003,2.169064689E7,"Barracas, La Boca, Parque Patricios, Nueva Pompeya",4,38,4,129.04675351272286,2018-08,COMUNA,35481.84,"{""type"":""MultiPoint"",""coordinates"":[]}"
1_00000000000000000004,6660603.77,"Almagro, Boedo",5,11,5,128.62220928915877,2018-08,COMUNA,12323.43,"{""type"":""MultiPoint"",""coordinates"":[]}"
1_00000000000000000005,6851029.56,Caballito,6,13,6,128.32719707380667,2018-08,COMUNA,10990.96,"{""type"":""MultiPoint"",""coordinates"":[]}"
1_00000000000000000006,1.2422902E7,"Flores, Parque Chacabuco",7,24,7,131.93052946341936,2018-08,COMUNA,17972.26,"{""type"":""MultiPoint"",""coordinates"":[]}"
1_00000000000000000007,2.223309659E7,"Villa Lugano, Villa Riachuelo, Villa Soldati",8,36,8,155.51449765440955,2018-08,COMUNA,20952.25,"{""type"":""MultiPoint"",""coordinates"":[]}"
1_00000000000000000008,1.650530734E7,"Parque Avellaneda, Mataderos, Liniers",9,27,9,137.8443590987066,2018-08,COMUNA,21411.74,"{""type"":""MultiPoint"",""coordinates"":[]}"
1_00000000000000000009,1.265655814E7,"Floresta, Monte Castro, Velez Sarsfield, Versalles, Villa Luro, Villa Real",10,25,10,132.85975970242004,2018-08,COMUNA,18332.04,"{""type"":""MultiPoint"",""coordinates"":[]}"
1_0000000000000000000a,1.412000807E7,"Villa Del Parque, Villa Devoto, Villa Gral. Mitre, Villa Santa Rita",11,26,11,124.08325579694218,2018-08,COMUNA,19987.7,"{""type"":""MultiPoint"",""coordinates"":[]}"
1_0000000000000000000b,1.557092811E7,"Villa Urquiza, Villa Pueyrredon, Saavedra, Coghlan",12,28,12,97.7864943562194,2018-08,COMUNA,17232.19,"{""type"":""MultiPoint"",""coordinates"":[]}"
1_0000000000000000000c,1.48461025E7,"Belgrano, Nuñez, Colegiales",13,27,13,90.66320781960886,2018-08,COMUNA,26155.33,"{""type"":""MultiPoint"",""coordinates"":[]}"
1_0000000000000000000d,1.592256351E7,Palermo,14,26,14,91.04929043707736,2018-08,COMUNA,22834.18,"{""type"":""MultiPoint"",""coordinates"":[]}"
1_0000000000000000000e,1.432289813E7,"Villa Ortuzar, Agronomia, Paternal, Parque Chas, Chacarita, Villa Crespo",15,24,15,114.02478059489991,2018-08,COMUNA,17832.59,"{""type"":""MultiPoint"",""coordinates"":[]}"
2_00000000000000000000,1.780103628E7,"Constitucion, San Telmo, Monserrat, Retiro, Puerto Madero, San Nicolas",1,35,1,85.64165072323124,2018-09,COMUNA,36351.19,"{""type"":""MultiPoint"",""coordinates"":[]}"
2_00000000000000000001,6433391.77,Recoleta,2,15,2,93.24510842075804,2018-09,COMUNA,25965.02,"{""type"":""MultiPoint"",""coordinates"":[]}"
2_00000000000000000002,6385992.08,"San Cristobal, Balvanera",3,11,3,115.26529695803846,2018-09,COMUNA,10486.26,"{""type"":""MultiPoint"",""coordinates"":[]}"
2_00000000000000000003,2.169064689E7,"Barracas, La Boca, Parque Patricios, Nueva Pompeya",4,38,4,105.77663166319755,2018-09,COMUNA,35481.84,"{""type"":""MultiPoint"",""coordinates"":[]}"
2_00000000000000000004,6660603.77,"Almagro, Boedo",5,11,5,121.21866475639747,2018-09,COMUNA,12323.43,"{""type"":""MultiPoint"",""coordinates"":[]}"
2_00000000000000000005,6851029.56,Caballito,6,13,6,132.09270586584114,2018-09,COMUNA,10990.96,"{""type"":""MultiPoint"",""coordinates"":[]}"
2_00000000000000000006,1.2422902E7,"Flores, Parque Chacabuco",7,24,7,129.9928060488448,2018-09,COMUNA,17972.26,"{""type"":""MultiPoint"",""coordinates"":[]}"
2_00000000000000000007,2.223309659E7,"Villa Lugano, Villa Riachuelo, Villa Soldati",8,36,8,108.04998889017645,2018-09,COMUNA,20952.25,"{""type"":""MultiPoint"",""coordinates"":[]}"
2_00000000000000000008,1.650530734E7,"Parque Avellaneda, Mataderos, Liniers",9,27,9,117.64749459556703,2018-09,COMUNA,21411.74,"{""type"":""MultiPoint"",""coordinates"":[]}"
2_00000000000000000009,1.265655814E7,"Floresta, Monte Castro, Velez Sarsfield, Versalles, Villa Luro, Villa Real",10,25,10,129.8772211940052,2018-09,COMUNA,18332.04,"{""type"":""MultiPoint"",""coordinates"":[]}"
2_0000000000000000000a,1.412000807E7,"Villa Del Parque, Villa Devoto, Villa Gral. Mitre, Villa Santa Rita",11,26,11,130.53834466259713,2018-09,COMUNA,19987.7,"{""type"":""MultiPoint"",""coordinates"":[]}"
2_0000000000000000000b,1.557092811E7,"Villa Urquiza, Villa Pueyrredon, Saavedra, Coghlan",12,28,12,100.2866852505049,2018-09,COMUNA,17232.19,"{""type"":""MultiPoint"",""coordinates"":[]}"
2_0000000000000000000c,1.48461025E7,"Belgrano, Nuñez, Colegiales",13,27,13,87.90013888330226,2018-09,COMUNA,26155.33,"{""type"":""MultiPoint"",""coordinates"":[]}"
2_0000000000000000000d,1.592256351E7,Palermo,14,26,14,101.8952621986462,2018-09,COMUNA,22834.18,"{""type"":""MultiPoint"",""coordinates"":[]}"
2_0000000000000000000e,1.432289813E7,"Villa Ortuzar, Agronomia, Paternal, Parque Chas, Chacarita, Villa Crespo",15,24,15,120.50074638321216,2018-09,COMUNA,17832.59,"{""type"":""MultiPoint"",""coordinates"":[]}"
3_00000000000000000000,1.780103628E7,"Constitucion, San Telmo, Monserrat, Retiro, Puerto Madero, San Nicolas",1,35,1,123.37303179951934,2018-10,COMUNA,36351.19,"{""type"":""MultiPoint"",""coordinates"":[]}"
3_00000000000000000001,6433391.77,Recoleta,2,15,2,130.56522408244044,2018-10,COMUNA,25965.02,"{""type"":""MultiPoint"",""coordinates"":[]}"
3_00000000000000000002,6385992.08,"San Cristobal, Balvanera",3,11,3,137.8854639983848,2018-10,COMUNA,10486.26,"{""type"":""MultiPoint"",""coordinates"":[]}"
3_00000000000000000003,2.169064689E7,"Barracas, La Boca, Parque Patricios, Nueva Pompeya",4,38,4,130.09066921538957,2018-10,COMUNA,35481.84,"{""type"":""MultiPoint"",""coordinates"":[]}"
3_00000000000000000004,6660603.77,"Almagro, Boedo",5,11,5,135.90226300930735,2018-10,COMUNA,12323.43,"{""type"":""MultiPoint"",""coordinates"":[]}"
3_00000000000000000005,6851029.56,Caballito,6,13,6,136.01230270820608,2018-10,COMUNA,10990.96,"{""type"":""MultiPoint"",""coordinates"":[]}"
3_00000000000000000006,1.2422902E7,"Flores, Parque Chacabuco",7,24,7,138.86753133923116,2018-10,COMUNA,17972.26,"{""type"":""MultiPoint"",""coordinates"":[]}"
3_00000000000000000007,2.223309659E7,"Villa Lugano, Villa Riachuelo, Villa Soldati",8,36,8,129.1558560066057,2018-10,COMUNA,20952.25,"{""type"":""MultiPoint"",""coordinates"":[]}"
3_00000000000000000008,1.650530734E7,"Parque Avellaneda, Mataderos, Liniers",9,27,9,123.3942225355707,2018-10,COMUNA,21411.74,"{""type"":""MultiPoint"",""coordinates"":[]}"
3_00000000000000000009,1.265655814E7,"Floresta, Monte Castro, Velez Sarsfield, Versalles, Villa Luro, Villa Real",10,25,10,129.5482266744144,2018-10,COMUNA,18332.04,"{""type"":""MultiPoint"",""coordinates"":[]}"
3_0000000000000000000a,1.412000807E7,"Villa Del Parque, Villa Devoto, Villa Gral. Mitre, Villa Santa Rita",11,26,11,126.70853642908226,2018-10,COMUNA,19987.7,"{""type"":""MultiPoint"",""coordinates"":[]}"
3_0000000000000000000b,1.557092811E7,"Villa Urquiza, Villa Pueyrredon, Saavedra, Coghlan",12,28,12,123.82589909781065,2018-10,COMUNA,17232.19,"{""type"":""MultiPoint"",""coordinates"":[]}"
3_0000000000000000000c,1.48461025E7,"Belgrano, Nuñez, Colegiales",13,27,13,121.78916482690495,2018-10,COMUNA,26155.33,"{""type"":""MultiPoint"",""coordinates"":[]}"
3_0000000000000000000d,1.592256351E7,Palermo,14,26,14,129.5721802226207,2018-10,COMUNA,22834.18,"{""type"":""MultiPoint"",""coordinates"":[]}"
3_0000000000000000000e,1.432289813E7,"Villa Ortuzar, Agronomia, Paternal, Parque Chas, Chacarita, Villa Crespo",15,24,15,123.3817330261756,2018-10,COMUNA,17832.59,"{""type"":""MultiPoint"",""coordinates"":[]}"
4_00000000000000000000,1.780103628E7,"Constitucion, San Telmo, Monserrat, Retiro, Puerto Madero, San Nicolas",1,35,1,80.55722175335494,2018-11,COMUNA,36351.19,"{""type"":""MultiPoint"",""coordinates"":[]}"
4_00000000000000000001,6433391.77,Recoleta,2,15,2,84.73700262633909,2018-11,COMUNA,25965.02,"{""type"":""MultiPoint"",""coordinates"":[]}"
4_00000000000000000002,6385992.08,"San Cristobal, Balvanera",3,11,3,94.33233878044636,2018-11,COMUNA,10486.26,"{""type"":""MultiPoint"",""coordinates"":[]}"
4_00000000000000000003,2.169064689E7,"Barracas, La Boca, Parque Patricios, Nueva Pompeya",4,38,4,92.55412621754876,2018-11,COMUNA,35481.84,"{""type"":""MultiPoint"",""coordinates"":[]}"
4_00000000000000000004,6660603.77,"Almagro, Boedo",5,11,5,99.99484244054351,2018-11,COMUNA,12323.43,"{""type"":""MultiPoint"",""coordinates"":[]}"
4_00000000000000000005,6851029.56,Caballito,6,13,6,99.21106451993285,2018-11,COMUNA,10990.96,"{""type"":""MultiPoint"",""coordinates"":[]}"
4_00000000000000000006,1.2422902E7,"Flores, Parque Chacabuco",7,24,7,96.72346414581177,2018-11,COMUNA,17972.26,"{""type"":""MultiPoint"",""coordinates"":[]}"
4_00000000000000000007,2.223309659E7,"Villa Lugano, Villa Riachuelo, Villa Soldati",8,36,8,101.06170426263999,2018-11,COMUNA,20952.25,"{""type"":""MultiPoint"",""coordinates"":[]}"
4_00000000000000000008,1.650530734E7,"Parque Avellaneda, Mataderos, Liniers",9,27,9,92.09383042482644,2018-11,COMUNA,21411.74,"{""type"":""MultiPoint"",""coordinates"":[]}"
4_00000000000000000009,1.265655814E7,"Floresta, Monte Castro, Velez Sarsfield, Versalles, Villa Luro, Villa Real",10,25,10,91.01165265348162,2018-11,COMUNA,18332.04,"{""type"":""MultiPoint"",""coordinates"":[]}"
4_0000000000000000000a,1.412000807E7,"Villa Del Parque, Villa Devoto, Villa Gral. Mitre, Villa Santa Rita",11,26,11,88.34023074675629,2018-11,COMUNA,19987.7,"{""type"":""MultiPoint"",""coordinates"":[]}"
4_0000000000000000000b,1.557092811E7,"Villa Urquiza, Villa Pueyrredon, Saavedra, Coghlan",12,28,12,79.66142463730183,2018-11,COMUNA,17232.19,"{""type"":""MultiPoint"",""coordinates"":[]}"
4_0000000000000000000c,1.48461025E7,"Belgrano, Nuñez, Colegiales",13,27,13,78.51962182138885,2018-11,COMUNA,26155.33,"{""type"":""MultiPoint"",""coordinates"":[]}"
4_0000000000000000000d,1.592256351E7,Palermo,14,26,14,85.16855362208732,2018-11,COMUNA,22834.18,"{""type"":""MultiPoint"",""coordinates"":[]}"
4_0000000000000000000e,1.432289813E7,"Villa Ortuzar, Agronomia, Paternal, Parque Chas, Chacarita, Villa Crespo",15,24,15,90.92916461699825,2018-11,COMUNA,17832.59,"{""type"":""MultiPoint"",""coordinates"":[]}"
5_00000000000000000000,1.780103628E7,"Constitucion, San Telmo, Monserrat, Retiro, Puerto Madero, San Nicolas",1,35,1,74.76974611752489,2018-12,COMUNA,36351.19,"{""type"":""MultiPoint"",""coordinates"":[]}"
5_00000000000000000001,6433391.77,Recoleta,2,15,2,79.11212923010164,2018-12,COMUNA,25965.02,"{""type"":""MultiPoint"",""coordinates"":[]}"
5_00000000000000000002,6385992.08,"San Cristobal, Balvanera",3,11,3,95.3446447404887,2018-12,COMUNA,10486.26,"{""type"":""MultiPoint"",""coordinates"":[]}"
5_00000000000000000003,2.169064689E7,"Barracas, La Boca, Parque Patricios, Nueva Pompeya",4,38,4,87.37349952320135,2018-12,COMUNA,35481.84,"{""type"":""MultiPoint"",""coordinates"":[]}"
5_00000000000000000004,6660603.77,"Almagro, Boedo",5,11,5,102.55061411663795,2018-12,COMUNA,12323.43,"{""type"":""MultiPoint"",""coordinates"":[]}"
5_00000000000000000005,6851029.56,Caballito,6,13,6,105.97008884157363,2018-12,COMUNA,10990.96,"{""type"":""MultiPoint"",""coordinates"":[]}"
5_00000000000000000006,1.2422902E7,"Flores, Parque Chacabuco",7,24,7,101.72863702850076,2018-12,COMUNA,17972.26,"{""type"":""MultiPoint"",""coordinates"":[]}"
5_00000000000000000007,2.223309659E7,"Villa Lugano, Villa Riachuelo, Villa Soldati",8,36,8,92.90624411436387,2018-12,COMUNA,20952.25,"{""type"":""MultiPoint"",""coordinates"":[]}"
5_00000000000000000008,1.650530734E7,"Parque Avellaneda, Mataderos, Liniers",9,27,9,91.69188137124937,2018-12,COMUNA,21411.74,"{""type"":""MultiPoint"",""coordinates"":[]}"
5_00000000000000000009,1.265655814E7,"Floresta, Monte Castro, Velez Sarsfield, Versalles, Villa Luro, Villa Real",10,25,10,91.29000005612953,2018-12,COMUNA,18332.04,"{""type"":""MultiPoint"",""coordinates"":[]}"
5_0000000000000000000a,1.412000807E7,"Villa Del Parque, Villa Devoto, Villa Gral. Mitre, Villa Santa Rita",11,26,11,90.63498282879718,2018-12,COMUNA,19987.7,"{""type"":""MultiPoint"",""coordinates"":[]}"
5_0000000000000000000b,1.557092811E7,"Villa Urquiza, Villa Pueyrredon, Saavedra, Coghlan",12,28,12,88.63392569421977,2018-12,COMUNA,17232.19,"{""type"":""MultiPoint"",""coordinates"":[]}"
5_0000000000000000000c,1.48461025E7,"Belgrano, Nuñez, Colegiales",13,27,13,84.2773996380521,2018-12,COMUNA,26155.33,"{""type"":""MultiPoint"",""coordinates"":[]}"
5_0000000000000000000d,1.592256351E7,Palermo,14,26,14,84.90403891905663,2018-12,COMUNA,22834.18,"{""type"":""MultiPoint"",""coordinates"":[]}"
5_0000000000000000000e,1.432289813E7,"Villa Ortuzar, Agronomia, Paternal, Parque Chas, Chacarita, Villa Crespo",15,24,15,93.20077561036713,2018-12,COMUNA,17832.59,"{""type"":""MultiPoint"",""coordinates"":[]}"
6_00000000000000000000,1.780103628E7,"Constitucion, San Telmo, Monserrat, Retiro, Puerto Madero, San Nicolas",1,35,1,80.66883409721194,2019-01,COMUNA,36351.19,"{""type"":""MultiPoint"",""coordinates"":[]}"
6_00000000000000000001,6433391.77,Recoleta,2,15,2,77.84118058477375,2019-01,COMUNA,25965.02,"{""type"":""MultiPoint"",""coordinates"":[]}"
6_00000000000000000002,6385992.08,"San Cristobal, Balvanera",3,11,3,93.55079775578616,2019-01,COMUNA,10486.26,"{""type"":""MultiPoint"",""coordinates"":[]}"
6_00000000000000000003,2.169064689E7,"Barracas, La Boca, Parque Patricios, Nueva Pompeya",4,38,4,84.10377303435826,2019-01,COMUNA,35481.84,"{""type"":""MultiPoint"",""coordinates"":[]}"
6_00000000000000000004,6660603.77,"Almagro, Boedo",5,11,5,97.39639641255832,2019-01,COMUNA,12323.43,"{""type"":""MultiPoint"",""coordinates"":[]}"
6_00000000000000000005,6851029.56,Caballito,6,13,6,92.13906925088601,2019-01,COMUNA,10990.96,"{""type"":""MultiPoint"",""coordinates"":[]}"
6_00000000000000000006,1.2422902E7,"Flores, Parque Chacabuco",7,24,7,91.2462907749096,2019-01,COMUNA,17972.26,"{""type"":""MultiPoint"",""coordinates"":[]}"
6_00000000000000000007,2.223309659E7,"Villa Lugano, Villa Riachuelo, Villa Soldati",8,36,8,76.3636032324842,2019-01,COMUNA,20952.25,"{""type"":""MultiPoint"",""coordinates"":[]}"
6_00000000000000000008,1.650530734E7,"Parque Avellaneda, Mataderos, Liniers",9,27,9,82.88783176649734,2019-01,COMUNA,21411.74,"{""type"":""MultiPoint"",""coordinates"":[]}"
6_00000000000000000009,1.265655814E7,"Floresta, Monte Castro, Velez Sarsfield, Versalles, Villa Luro, Villa Real",10,25,10,85.8386791915559,2019-01,COMUNA,18332.04,"{""type"":""MultiPoint"",""coordinates"":[]}"
6_0000000000000000000a,1.412000807E7,"Villa Del Parque, Villa Devoto, Villa Gral. Mitre, Villa Santa Rita",11,26,11,85.47745345330804,2019-01,COMUNA,19987.7,"{""type"":""MultiPoint"",""coordinates"":[]}"
6_0000000000000000000b,1.557092811E7,"Villa Urquiza, Villa Pueyrredon, Saavedra, Coghlan",12,28,12,67.08463080751866,2019-01,COMUNA,17232.19,"{""type"":""MultiPoint"",""coordinates"":[]}"
6_0000000000000000000c,1.48461025E7,"Belgrano, Nuñez, Colegiales",13,27,13,63.97606903945567,2019-01,COMUNA,26155.33,"{""type"":""MultiPoint"",""coordinates"":[]}"
6_0000000000000000000d,1.592256351E7,Palermo,14,26,14,73.05509051022814,2019-01,COMUNA,22834.18,"{""type"":""MultiPoint"",""coordinates"":[]}"
6_0000000000000000000e,1.432289813E7,"Villa Ortuzar, Agronomia, Paternal, Parque Chas, Chacarita, Villa Crespo",15,24,15,81.7897871308543,2019-01,COMUNA,17832.59,"{""type"":""MultiPoint"",""coordinates"":[]}"
7_00000000000000000000,1.780103628E7,"Constitucion, San Telmo, Monserrat, Retiro, Puerto Madero, San Nicolas",1,35,1,107.60662369181124,2019-02,COMUNA,36351.19,"{""type"":""MultiPoint"",""coordinates"":[]}"
7_00000000000000000001,6433391.77,Recoleta,2,15,2,108.86184552972477,2019-02,COMUNA,25965.02,"{""type"":""MultiPoint"",""coordinates"":[]}"
7_00000000000000000002,6385992.08,"San Cristobal, Balvanera",3,11,3,128.76266414207163,2019-02,COMUNA,10486.26,"{""type"":""MultiPoint"",""coordinates"":[]}"
7_00000000000000000003,2.169064689E7,"Barracas, La Boca, Parque Patricios, Nueva Pompeya",4,38,4,125.14818690235877,2019-02,COMUNA,35481.84,"{""type"":""MultiPoint"",""coordinates"":[]}"
7_00000000000000000004,6660603.77,"Almagro, Boedo",5,11,5,132.47008700637116,2019-02,COMUNA,12323.43,"{""type"":""MultiPoint"",""coordinates"":[]}"
7_00000000000000000005,6851029.56,Caballito,6,13,6,135.92824864611092,2019-02,COMUNA,10990.96,"{""type"":""MultiPoint"",""coordinates"":[]}"
7_00000000000000000006,1.2422902E7,"Flores, Parque Chacabuco",7,24,7,142.64863406357395,2019-02,COMUNA,17972.26,"{""type"":""MultiPoint"",""coordinates"":[]}"
7_00000000000000000007,2.223309659E7,"Villa Lugano, Villa Riachuelo, Villa Soldati",8,36,8,129.57020838318945,2019-02,COMUNA,20952.25,"{""type"":""MultiPoint"",""coordinates"":[]}"
7_00000000000000000008,1.650530734E7,"Parque Avellaneda, Mataderos, Liniers",9,27,9,122.03681219876766,2019-02,COMUNA,21411.74,"{""type"":""MultiPoint"",""coordinates"":[]}"
7_00000000000000000009,1.265655814E7,"Floresta, Monte Castro, Velez Sarsfield, Versalles, Villa Luro, Villa Real",10,25,10,114.31958020230648,2019-02,COMUNA,18332.04,"{""type"":""MultiPoint"",""coordinates"":[]}"
7_0000000000000000000a,1.412000807E7,"Villa Del Parque, Villa Devoto, Villa Gral. Mitre, Villa Santa Rita",11,26,11,111.26981576694203,2019-02,COMUNA,19987.7,"{""type"":""MultiPoint"",""coordinates"":[]}"
7_0000000000000000000b,1.557092811E7,"Villa Urquiza, Villa Pueyrredon, Saavedra, Coghlan",12,28,12,94.18129188404684,2019-02,COMUNA,17232.19,"{""type"":""MultiPoint"",""coordinates"":[]}"
7_0000000000000000000c,1.48461025E7,"Belgrano, Nuñez, Colegiales",13,27,13,85.39603016325128,2019-02,COMUNA,26155.33,"{""type"":""MultiPoint"",""coordinates"":[]}"
7_0000000000000000000d,1.592256351E7,Palermo,14,26,14,101.98736763066296,2019-02,COMUNA,22834.18,"{""type"":""MultiPoint"",""coordinates"":[]}"
7_0000000000000000000e,1.432289813E7,"Villa Ortuzar, Agronomia, Paternal, Parque Chas, Chacarita, Villa Crespo",15,24,15,115.56967752753329,2019-02,COMUNA,17832.59,"{""type"":""MultiPoint"",""coordinates"":[]}"
8_00000000000000000000,1.780103628E7,"Constitucion, San Telmo, Monserrat, Retiro, Puerto Madero, San Nicolas",1,35,1,84.17263788764711,2019-03,COMUNA,36351.19,"{""type"":""MultiPoint"",""coordinates"":[]}"
8_00000000000000000001,6433391.77,Recoleta,2,15,2,88.27070420867985,2019-03,COMUNA,25965.02,"{""type"":""MultiPoint"",""coordinates"":[]}"
8_00000000000000000002,6385992.08,"San Cristobal, Balvanera",3,11,3,107.00664196959346,2019-03,COMUNA,10486.26,"{""type"":""MultiPoint"",""coordinates"":[]}"
8_00000000000000000003,2.169064689E7,"Barracas, La Boca, Parque Patricios, Nueva Pompeya",4,38,4,98.371165759933,2019-03,COMUNA,35481.84,"{""type"":""MultiPoint"",""coordinates"":[]}"
8_00000000000000000004,6660603.77,"Almagro, Boedo",5,11,5,106.83072482593741,2019-03,COMUNA,12323.43,"{""type"":""MultiPoint"",""coordinates"":[]}"
8_00000000000000000005,6851029.56,Caballito,6,13,6,102.30838220200023,2019-03,COMUNA,10990.96,"{""type"":""MultiPoint"",""coordinates"":[]}"
8_00000000000000000006,1.2422902E7,"Flores, Parque Chacabuco",7,24,7,100.58148644926615,2019-03,COMUNA,17972.26,"{""type"":""MultiPoint"",""coordinates"":[]}"
8_00000000000000000007,2.223309659E7,"Villa Lugano, Villa Riachuelo, Villa Soldati",8,36,8,91.22860915194671,2019-03,COMUNA,20952.25,"{""type"":""MultiPoint"",""coordinates"":[]}"
8_00000000000000000008,1.650530734E7,"Parque Avellaneda, Mataderos, Liniers",9,27,9,81.07230621937218,2019-03,COMUNA,21411.74,"{""type"":""MultiPoint"",""coordinates"":[]}"
8_00000000000000000009,1.265655814E7,"Floresta, Monte Castro, Velez Sarsfield, Versalles, Villa Luro, Villa Real",10,25,10,85.4923905854431,2019-03,COMUNA,18332.04,"{""type"":""MultiPoint"",""coordinates"":[]}"
8_0000000000000000000a,1.412000807E7,"Villa Del Parque, Villa Devoto, Villa Gral. Mitre, Villa Santa Rita",11,26,11,85.7651375595645,2019-03,COMUNA,19987.7,"{""type"":""MultiPoint"",""coordinates"":[]}"
8_0000000000000000000b,1.557092811E7,"Villa Urquiza, Villa Pueyrredon, Saavedra, Coghlan",12,28,12,78.23268821866606,2019-03,COMUNA,17232.19,"{""type"":""MultiPoint"",""coordinates"":[]}"
8_0000000000000000000c,1.48461025E7,"Belgrano, Nuñez, Colegiales",13,27,13,78.17363519935901,2019-03,COMUNA,26155.33,"{""type"":""MultiPoint"",""coordinates"":[]}"
8_0000000000000000000d,1.592256351E7,Palermo,14,26,14,89.25371142909171,2019-03,COMUNA,22834.18,"{""type"":""MultiPoint"",""coordinates"":[]}"
8_0000000000000000000e,1.432289813E7,"Villa Ortuzar, Agronomia, Paternal, Parque Chas, Chacarita, Villa Crespo",15,24,15,92.19398312024525,2019-03,COMUNA,17832.59,"{""type"":""MultiPoint"",""coordinates"":[]}"
9_00000000000000000000,1.780103628E7,"Constitucion, San Telmo, Monserrat, Retiro, Puerto Madero, San Nicolas",1,35,1,105.7035521850109,2019-04,COMUNA,36351.19,"{""type"":""MultiPoint"",""coordinates"":[]}"
9_00000000000000000001,6433391.77,Recoleta,2,15,2,99.79629955079182,2019-04,COMUNA,25965.02,"{""type"":""MultiPoint"",""coordinates"":[]}"
9_00000000000000000002,6385992.08,"San Cristobal, Balvanera",3,11,3,119.97450038420926,2019-04,COMUNA,10486.26,"{""type"":""MultiPoint"",""coordinates"":[]}"
9_00000000000000000003,2.169064689E7,"Barracas, La Boca, Parque Patricios, Nueva Pompeya",4,38,4,131.2533538617276,2019-04,COMUNA,35481.84,"{""type"":""MultiPoint"",""coordinates"":[]}"
9_00000000000000000004,6660603.77,"Almagro, Boedo",5,11,5,119.90425426758404,2019-04,COMUNA,12323.43,"{""type"":""MultiPoint"",""coordinates"":[]}"
9_00000000000000000005,6851029.56,Caballito,6,13,6,117.13430700507153,2019-04,COMUNA,10990.96,"{""type"":""MultiPoint"",""coordinates"":[]}"
9_00000000000000000006,1.2422902E7,"Flores, Parque Chacabuco",7,24,7,131.51412463127966,2019-04,COMUNA,17972.26,"{""type"":""MultiPoint"",""coordinates"":[]}"
9_00000000000000000007,2.223309659E7,"Villa Lugano, Villa Riachuelo, Villa Soldati",8,36,8,144.29031419757672,2019-04,COMUNA,20952.25,"{""type"":""MultiPoint"",""coordinates"":[]}"
9_00000000000000000008,1.650530734E7,"Parque Avellaneda, Mataderos, Liniers",9,27,9,127.20714357360396,2019-04,COMUNA,21411.74,"{""type"":""MultiPoint"",""coordinates"":[]}"
9_00000000000000000009,1.265655814E7,"Floresta, Monte Castro, Velez Sarsfield, Versalles, Villa Luro, Villa Real",10,25,10,116.43556252941389,2019-04,COMUNA,18332.04,"{""type"":""MultiPoint"",""coordinates"":[]}"
9_0000000000000000000a,1.412000807E7,"Villa Del Parque, Villa Devoto, Villa Gral. Mitre, Villa Santa Rita",11,26,11,113.16196849636859,2019-04,COMUNA,19987.7,"{""type"":""MultiPoint"",""coordinates"":[]}"
9_0000000000000000000b,1.557092811E7,"Villa Urquiza, Villa Pueyrredon, Saavedra, Coghlan",12,28,12,98.55096200281763,2019-04,COMUNA,17232.19,"{""type"":""MultiPoint"",""coordinates"":[]}"
9_0000000000000000000c,1.48461025E7,"Belgrano, Nuñez, Colegiales",13,27,13,89.54837450377703,2019-04,COMUNA,26155.33,"{""type"":""MultiPoint"",""coordinates"":[]}"
9_0000000000000000000d,1.592256351E7,Palermo,14,26,14,102.04539143569096,2019-04,COMUNA,22834.18,"{""type"":""MultiPoint"",""coordinates"":[]}"
9_0000000000000000000e,1.432289813E7,"Villa Ortuzar, Agronomia, Paternal, Parque Chas, Chacarita, Villa Crespo",15,24,15,113.32360314009568,2019-04,COMUNA,17832.59,"{""type"":""MultiPoint"",""coordinates"":[]}"
10_00000000000000000000,1.780103628E7,"Constitucion, San Telmo, Monserrat, Retiro, Puerto Madero, San Nicolas",1,35,1,114.13857860875585,2019-05,COMUNA,36351.19,"{""type"":""MultiPoint"",""coordinates"":[]}"
10_00000000000000000001,6433391.77,Recoleta,2,15,2,119.62669408891959,2019-05,COMUNA,25965.02,"{""type"":""MultiPoint"",""coordinates"":[]}"
10_00000000000000000002,6385992.08,"San Cristobal, Balvanera",3,11,3,123.40527098964084,2019-05,COMUNA,10486.26,"{""type"":""MultiPoint"",""coordinates"":[]}"
10_00000000000000000003,2.169064689E7,"Barracas, La Boca, Parque Patricios, Nueva Pompeya",4,38,4,110.70746395038758,2019-05,COMUNA,35481.84,"{""type"":""MultiPoint"",""coordinates"":[]}"
10_00000000000000000004,6660603.77,"Almagro, Boedo",5,11,5,124.94636722444585,2019-05,COMUNA,12323.43,"{""type"":""MultiPoint"",""coordinates"":[]}"
10_00000000000000000005,6851029.56,Caballito,6,13,6,124.93820725357114,2019-05,COMUNA,10990.96,"{""type"":""MultiPoint"",""coordinates"":[]}"
10_00000000000000000006,1.2422902E7,"Flores, Parque Chacabuco",7,24,7,115.45909386695277,2019-05,COMUNA,17972.26,"{""type"":""MultiPoint"",""coordinates"":[]}"
10_00000000000000000007,2.223309659E7,"Villa Lugano, Villa Riachuelo, Villa Soldati",8,36,8,111.35595247215902,2019-05,COMUNA,20952.25,"{""type"":""MultiPoint"",""coordinates"":[]}"
10_00000000000000000008,1.650530734E7,"Parque Avellaneda, Mataderos, Liniers",9,27,9,113.54576022659215,2019-05,COMUNA,21411.74,"{""type"":""MultiPoint"",""coordinates"":[]}"
10_00000000000000000009,1.265655814E7,"Floresta, Monte Castro, Velez Sarsfield, Versalles, Villa Luro, Villa Real",10,25,10,117.28175941814887,2019-05,COMUNA,18332.04,"{""type"":""MultiPoint"",""coordinates"":[]}"
10_0000000000000000000a,1.412000807E7,"Villa Del Parque, Villa Devoto, Villa Gral. Mitre, Villa Santa Rita",11,26,11,115.44839176129732,2019-05,COMUNA,19987.7,"{""type"":""MultiPoint"",""coordinates"":[]}"
10_0000000000000000000b,1.557092811E7,"Villa Urquiza, Villa Pueyrredon, Saavedra, Coghlan",12,28,12,111.91279733567029,2019-05,COMUNA,17232.19,"{""type"":""MultiPoint"",""coordinates"":[]}"
10_0000000000000000000c,1.48461025E7,"Belgrano, Nuñez, Colegiales",13,27,13,111.05911763801338,2019-05,COMUNA,26155.33,"{""type"":""MultiPoint"",""coordinates"":[]}"
10_0000000000000000000d,1.592256351E7,Palermo,14,26,14,116.88883957357928,2019-05,COMUNA,22834.18,"{""type"":""MultiPoint"",""coordinates"":[]}"
10_0000000000000000000e,1.432289813E7,"Villa Ortuzar, Agronomia, Paternal, Parque Chas, Chacarita, Villa Crespo",15,24,15,120.66654768614718,2019-05,COMUNA,17832.59,"{""type"":""MultiPoint"",""coordinates"":[]}"
11_00000000000000000000,1.780103628E7,"Constitucion, San Telmo, Monserrat, Retiro, Puerto Madero, San Nicolas",1,35,1,126.35467834598248,2019-06,COMUNA,36351.19,"{""type"":""MultiPoint"",""coordinates"":[]}"
11_00000000000000000001,6433391.77,Recoleta,2,15,2,118.36366485417071,2019-06,COMUNA,25965.02,"{""type"":""MultiPoint"",""coordinates"":[]}"
11_00000000000000000002,6385992.08,"San Cristobal, Balvanera",3,11,3,126.62261946236599,2019-06,COMUNA,10486.26,"{""type"":""MultiPoint"",""coordinates"":[]}"
11_00000000000000000003,2.169064689E7,"Barracas, La Boca, Parque Patricios, Nueva Pompeya",4,38,4,125.57919717217644,2019-06,COMUNA,35481.84,"{""type"":""MultiPoint"",""coordinates"":[]}"
11_00000000000000000004,6660603.77,"Almagro, Boedo",5,11,5,119.4814634901429,2019-06,COMUNA,12323.43,"{""type"":""MultiPoint"",""coordinates"":[]}"
11_00000000000000000005,6851029.56,Caballito,6,13,6,120.93873040990576,2019-06,COMUNA,10990.96,"{""type"":""MultiPoint"",""coordinates"":[]}"
11_00000000000000000006,1.2422902E7,"Flores, Parque Chacabuco",7,24,7,115.24389694414945,2019-06,COMUNA,17972.26,"{""type"":""MultiPoint"",""coordinates"":[]}"
11_00000000000000000007,2.223309659E7,"Villa Lugano, Villa Riachuelo, Villa Soldati",8,36,8,111.62870969312759,2019-06,COMUNA,20952.25,"{""type"":""MultiPoint"",""coordinates"":[]}"
11_00000000000000000008,1.650530734E7,"Parque Avellaneda, Mataderos, Liniers",9,27,9,102.04739865771722,2019-06,COMUNA,21411.74,"{""type"":""MultiPoint"",""coordinates"":[]}"
11_00000000000000000009,1.265655814E7,"Floresta, Monte Castro, Velez Sarsfield, Versalles, Villa Luro, Villa Real",10,25,10,108.98831033113208,2019-06,COMUNA,18332.04,"{""type"":""MultiPoint"",""coordinates"":[]}"
11_0000000000000000000a,1.412000807E7,"Villa Del Parque, Villa Devoto, Villa Gral. Mitre, Villa Santa Rita",11,26,11,111.6473892185959,2019-06,COMUNA,19987.7,"{""type"":""MultiPoint"",""coordinates"":[]}"
11_0000000000000000000b,1.557092811E7,"Villa Urquiza, Villa Pueyrredon, Saavedra, Coghlan",12,28,12,97.33920672460557,2019-06,COMUNA,17232.19,"{""type"":""MultiPoint"",""coordinates"":[]}"
11_0000000000000000000c,1.48461025E7,"Belgrano, Nuñez, Colegiales",13,27,13,98.72587089190809,2019-06,COMUNA,26155.33,"{""type"":""MultiPoint"",""coordinates"":[]}"
11_0000000000000000000d,1.592256351E7,Palermo,14,26,14,113.60189875775988,2019-06,COMUNA,22834.18,"{""type"":""MultiPoint"",""coordinates"":[]}"
11_0000000000000000000e,1.432289813E7,"Villa Ortuzar, Agronomia, Paternal, Parque Chas, Chacarita, Villa Crespo",15,24,15,111.94119589174537,2019-06,COMUNA,17832.59,"{""type"":""MultiPoint"",""coordinates"":[]}"
12_00000000000000000000,1.780103628E7,"Constitucion, San Telmo, Monserrat, Retiro, Puerto Madero, San Nicolas",1,35,1,173.95869680969898,2019-07,COMUNA,36351.19,"{""type"":""MultiPoint"",""coordinates"":[]}"
12_00000000000000000001,6433391.77,Recoleta,2,15,2,161.40680084166533,2019-07,COMUNA,25965.02,"{""type"":""MultiPoint"",""coordinates"":[]}"
12_00000000000000000002,6385992.08,"San Cristobal, Balvanera",3,11,3,187.61586716630575,2019-07,COMUNA,10486.26,"{""type"":""MultiPoint"",""coordinates"":[]}"
12_00000000000000000003,2.169064689E7,"Barracas, La Boca, Parque Patricios, Nueva Pompeya",4,38,4,185.87116119901015,2019-07,COMUNA,35481.84,"{""type"":""MultiPoint"",""coordinates"":[]}"
12_00000000000000000004,6660603.77,"Almagro, Boedo",5,11,5,187.48864150817715,2019-07,COMUNA,12323.43,"{""type"":""MultiPoint"",""coordinates"":[]}"
12_00000000000000000005,6851029.56,Caballito,6,13,6,186.04633389254255,2019-07,COMUNA,10990.96,"{""type"":""MultiPoint"",""coordinates"":[]}"
12_00000000000000000006,1.2422902E7,"Flores, Parque Chacabuco",7,24,7,185.90724115608117,2019-07,COMUNA,17972.26,"{""type"":""MultiPoint"",""coordinates"":[]}"
12_00000000000000000007,2.223309659E7,"Villa Lugano, Villa Riachuelo, Villa Soldati",8,36,8,172.0036193787022,2019-07,COMUNA,20952.25,"{""type"":""MultiPoint"",""coordinates"":[]}"
12_00000000000000000008,1.650530734E7,"Parque Avellaneda, Mataderos, Liniers",9,27,9,175.4374838602367,2019-07,COMUNA,21411.74,"{""type"":""MultiPoint"",""coordinates"":[]}"
12_00000000000000000009,1.265655814E7,"Floresta, Monte Castro, Velez Sarsfield, Versalles, Villa Luro, Villa Real",10,25,10,175.01092397721146,2019-07,COMUNA,18332.04,"{""type"":""MultiPoint"",""coordinates"":[]}"
12_0000000000000000000a,1.412000807E7,"Villa Del Parque, Villa Devoto, Villa Gral. Mitre, Villa Santa Rita",11,26,11,176.52738660950803,2019-07,COMUNA,19987.7,"{""type"":""MultiPoint"",""coordinates"":[]}"
12_0000000000000000000b,1.557092811E7,"Villa Urquiza, Villa Pueyrredon, Saavedra, Coghlan",12,28,12,155.05170566618543,2019-07,COMUNA,17232.19,"{""type"":""MultiPoint"",""coordinates"":[]}"
12_0000000000000000000c,1.48461025E7,"Belgrano, Nuñez, Colegiales",13,27,13,144.60400742388947,2019-07,COMUNA,26155.33,"{""type"":""MultiPoint"",""coordinates"":[]}"
12_0000000000000000000d,1.592256351E7,Palermo,14,26,14,158.90211452620255,2019-07,COMUNA,22834.18,"{""type"":""MultiPoint"",""coordinates"":[]}"
12_0000000000000000000e,1.432289813E7,"Villa Ortuzar, Agronomia, Paternal, Parque Chas, Chacarita, Villa Crespo",15,24,15,177.64117429770016,2019-07,COMUNA,17832.59,"{""type"":""MultiPoint"",""coordinates"":[]}"
13_00000000000000000000,1.780103628E7,"Constitucion, San Telmo, Monserrat, Retiro, Puerto Madero, San Nicolas",1,35,1,126.11779955915414,2019-08,COMUNA,36351.19,"{""type"":""MultiPoint"",""coordinates"":[]}"
13_00000000000000000001,6433391.77,Recoleta,2,15,2,124.07246213649522,2019-08,COMUNA,25965.02,"{""type"":""MultiPoint"",""coordinates"":[]}"
13_00000000000000000002,6385992.08,"San Cristobal, Balvanera",3,11,3,142.46144465556398,2019-08,COMUNA,10486.26,"{""type"":""MultiPoint"",""coordinates"":[]}"
13_00000000000000000003,2.169064689E7,"Barracas, La Boca, Parque Patricios, Nueva Pompeya",4,38,4,149.14527037932922,2019-08,COMUNA,35481.84,"{""type"":""MultiPoint"",""coordinates"":[]}"
13_00000000000000000004,6660603.77,"Almagro, Boedo",5,11,5,149.47436587529572,2019-08,COMUNA,12323.43,"{""type"":""MultiPoint"",""coordinates"":[]}"
13_00000000000000000005,6851029.56,Caballito,6,13,6,161.27358805308316,2019-08,COMUNA,10990.96,"{""type"":""MultiPoint"",""coordinates"":[]}"
13_00000000000000000006,1.2422902E7,"Flores, Parque Chacabuco",7,24,7,167.90448401685236,2019-08,COMUNA,17972.26,"{""type"":""MultiPoint"",""coordinates"":[]}"
13_00000000000000000007,2.223309659E7,"Villa Lugano, Villa Riachuelo, Villa Soldati",8,36,8,169.27340204372135,2019-08,COMUNA,20952.25,"{""type"":""MultiPoint"",""coordinates"":[]}"
13_00000000000000000008,1.650530734E7,"Parque Avellaneda, Mataderos, Liniers",9,27,9,169.9248737219342,2019-08,COMUNA,21411.74,"{""type"":""MultiPoint"",""coordinates"":[]}"
13_00000000000000000009,1.265655814E7,"Floresta, Monte Castro, Velez Sarsfield, Versalles, Villa Luro, Villa Real",10,25,10,162.50858900165625,2019-08,COMUNA,18332.04,"{""type"":""MultiPoint"",""coordinates"":[]}"
13_0000000000000000000a,1.412000807E7,"Villa Del Parque, Villa Devoto, Villa Gral. Mitre, Villa Santa Rita",11,26,11,157.28381421570325,2019-08,COMUNA,19987.7,"{""type"":""MultiPoint"",""coordinates"":[]}"
13_0000000000000000000b,1.557092811E7,"Villa Urquiza, Villa Pueyrredon, Saavedra, Coghlan",12,28,12,142.6903301697863,2019-08,COMUNA,17232.19,"{""type"":""MultiPoint"",""coordinates"":[]}"
13_0000000000000000000c,1.48461025E7,"Belgrano, Nuñez, Colegiales",13,27,13,127.6918023364048,2019-08,COMUNA,26155.33,"{""type"":""MultiPoint"",""coordinates"":[]}"
13_0000000000000000000d,1.592256351E7,Palermo,14,26,14,127.1635299409312,2019-08,COMUNA,22834.18,"{""type"":""MultiPoint"",""coordinates"":[]}"
13_0000000000000000000e,1.432289813E7,"Villa Ortuzar, Agronomia, Paternal, Parque Chas, Chacarita, Villa Crespo",15,24,15,153.09245431534,2019-08,COMUNA,17832.59,"{""type"":""MultiPoint"",""coordinates"":[]}"
14_00000000000000000000,1.780103628E7,"Constitucion, San Telmo, Monserrat, Retiro, Puerto Madero, San Nicolas",1,35,1,126.68598921142598,2019-09,COMUNA,36351.19,"{""type"":""MultiPoint"",""coordinates"":[]}"
14_00000000000000000001,6433391.77,Recoleta,2,15,2,116.24118446611874,2019-09,COMUNA,25965.02,"{""type"":""MultiPoint"",""coordinates"":[]}"
14_00000000000000000002,6385992.08,"San Cristobal, Balvanera",3,11,3,131.81589778577913,2019-09,COMUNA,10486.26,"{""type"":""MultiPoint"",""coordinates"":[]}"
14_00000000000000000003,2.169064689E7,"Barracas, La Boca, Parque Patricios, Nueva Pompeya",4,38,4,130.016675123318,2019-09,COMUNA,35481.84,"{""type"":""MultiPoint"",""coordinates"":[]}"
14_00000000000000000004,6660603.77,"Almagro, Boedo",5,11,5,134.00836192755872,2019-09,COMUNA,12323.43,"{""type"":""MultiPoint"",""coordinates"":[]}"
14_00000000000000000005,6851029.56,Caballito,6,13,6,133.5947760978479,2019-09,COMUNA,10990.96,"{""type"":""MultiPoint"",""coordinates"":[]}"
14_00000000000000000006,1.2422902E7,"Flores, Parque Chacabuco",7,24,7,130.824500440882,2019-09,COMUNA,17972.26,"{""type"":""MultiPoint"",""coordinates"":[]}"
14_00000000000000000007,2.223309659E7,"Villa Lugano, Villa Riachuelo, Villa Soldati",8,36,8,115.68832808914607,2019-09,COMUNA,20952.25,"{""type"":""MultiPoint"",""coordinates"":[]}"
14_00000000000000000008,1.650530734E7,"Parque Avellaneda, Mataderos, Liniers",9,27,9,126.11518765646993,2019-09,COMUNA,21411.74,"{""type"":""MultiPoint"",""coordinates"":[]}"
14_00000000000000000009,1.265655814E7,"Floresta, Monte Castro, Velez Sarsfield, Versalles, Villa Luro, Villa Real",10,25,10,128.1330447337822,2019-09,COMUNA,18332.04,"{""type"":""MultiPoint"",""coordinates"":[]}"
14_0000000000000000000a,1.412000807E7,"Villa Del Parque, Villa Devoto, Villa Gral. Mitre, Villa Santa Rita",11,26,11,128.3141432913608,2019-09,COMUNA,19987.7,"{""type"":""MultiPoint"",""coordinates"":[]}"
14_0000000000000000000b,1.557092811E7,"Villa Urquiza, Villa Pueyrredon, Saavedra, Coghlan",12,28,12,108.08606007477596,2019-09,COMUNA,17232.19,"{""type"":""MultiPoint"",""coordinates"":[]}"
14_0000000000000000000c,1.48461025E7,"Belgrano, Nuñez, Colegiales",13,27,13,94.11718169456464,2019-09,COMUNA,26155.33,"{""type"":""MultiPoint"",""coordinates"":[]}"
14_0000000000000000000d,1.592256351E7,Palermo,14,26,14,112.5409592061959,2019-09,COMUNA,22834.18,"{""type"":""MultiPoint"",""coordinates"":[]}"
14_0000000000000000000e,1.432289813E7,"Villa Ortuzar, Agronomia, Paternal, Parque Chas, Chacarita, Villa Crespo",15,24,15,124.19711813194702,2019-09,COMUNA,17832.59,"{""type"":""MultiPoint"",""coordinates"":[]}"
15_00000000000000000000,1.780103628E7,"Constitucion, San Telmo, Monserrat, Retiro, Puerto Madero, San Nicolas",1,35,1,102.22090906761592,2019-10,COMUNA,36351.19,"{""type"":""MultiPoint"",""coordinates"":[]}"
15_00000000000000000001,6433391.77,Recoleta,2,15,2,96.76122716515752,2019-10,COMUNA,25965.02,"{""type"":""MultiPoint"",""coordinates"":[]}"
15_00000000000000000002,6385992.08,"San Cristobal, Balvanera",3,11,3,111.06693675885398,2019-10,COMUNA,10486.26,"{""type"":""MultiPoint"",""coordinates"":[]}"
15_00000000000000000003,2.169064689E7,"Barracas, La Boca, Parque Patricios, Nueva Pompeya",4,38,4,105.4478765678705,2019-10,COMUNA,35481.84,"{""type"":""MultiPoint"",""coordinates"":[]}"
15_00000000000000000004,6660603.77,"Almagro, Boedo",5,11,5,105.7714661123038,2019-10,COMUNA,12323.43,"{""type"":""MultiPoint"",""coordinates"":[]}"
15_00000000000000000005,6851029.56,Caballito,6,13,6,97.30329085943376,2019-10,COMUNA,10990.96,"{""type"":""MultiPoint"",""coordinates"":[]}"
15_00000000000000000006,1.2422902E7,"Flores, Parque Chacabuco",7,24,7,98.06995004080014,2019-10,COMUNA,17972.26,"{""type"":""MultiPoint"",""coordinates"":[]}"
15_00000000000000000007,2.223309659E7,"Villa Lugano, Villa Riachuelo, Villa Soldati",8,36,8,87.42398851242108,2019-10,COMUNA,20952.25,"{""type"":""MultiPoint"",""coordinates"":[]}"
15_00000000000000000008,1.650530734E7,"Parque Avellaneda, Mataderos, Liniers",9,27,9,92.38631216748698,2019-10,COMUNA,21411.74,"{""type"":""MultiPoint"",""coordinates"":[]}"
15_00000000000000000009,1.265655814E7,"Floresta, Monte Castro, Velez Sarsfield, Versalles, Villa Luro, Villa Real",10,25,10,95.11266971904217,2019-10,COMUNA,18332.04,"{""type"":""MultiPoint"",""coordinates"":[]}"
15_0000000000000000000a,1.412000807E7,"Villa Del Parque, Villa Devoto, Villa Gral. Mitre, Villa Santa Rita",11,26,11,96.1953073970548,2019-10,COMUNA,19987.7,"{""type"":""MultiPoint"",""coordinates"":[]}"
15_0000000000000000000b,1.557092811E7,"Villa Urquiza, Villa Pueyrredon, Saavedra, Coghlan",12,28,12,90.46969474045544,2019-10,COMUNA,17232.19,"{""type"":""MultiPoint"",""coordinates"":[]}"
15_0000000000000000000c,1.48461025E7,"Belgrano, Nuñez, Colegiales",13,27,13,83.3116857970361,2019-10,COMUNA,26155.33,"{""type"":""MultiPoint"",""coordinates"":[]}"
15_0000000000000000000d,1.592256351E7,Palermo,14,26,14,89.81027039965286,2019-10,COMUNA,22834.18,"{""type"":""MultiPoint"",""coordinates"":[]}"
15_0000000000000000000e,1.432289813E7,"Villa Ortuzar, Agronomia, Paternal, Parque Chas, Chacarita, Villa Crespo",15,24,15,92.98789830977428,2019-10,COMUNA,17832.59,"{""type"":""MultiPoint"",""coordinates"":[]}"
16_00000000000000000000,1.780103628E7,"Constitucion, San Telmo, Monserrat, Retiro, Puerto Madero, San Nicolas",1,35,1,74.6473768905503,2019-11,COMUNA,36351.19,"{""type"":""MultiPoint"",""coordinates"":[]}"
16_00000000000000000001,6433391.77,Recoleta,2,15,2,72.7626821188687,2019-11,COMUNA,25965.02,"{""type"":""MultiPoint"",""coordinates"":[]}"
16_00000000000000000002,6385992.08,"San Cristobal, Balvanera",3,11,3,88.87591329859977,2019-11,COMUNA,10486.26,"{""type"":""MultiPoint"",""coordinates"":[]}"
16_00000000000000000003,2.169064689E7,"Barracas, La Boca, Parque Patricios, Nueva Pompeya",4,38,4,88.70307512950919,2019-11,COMUNA,35481.84,"{""type"":""MultiPoint"",""coordinates"":[]}"
16_00000000000000000004,6660603.77,"Almagro, Boedo",5,11,5,92.04030290695894,2019-11,COMUNA,12323.43,"{""type"":""MultiPoint"",""coordinates"":[]}"
16_00000000000000000005,6851029.56,Caballito,6,13,6,91.89818412397237,2019-11,COMUNA,10990.96,"{""type"":""MultiPoint"",""coordinates"":[]}"
16_00000000000000000006,1.2422902E7,"Flores, Parque Chacabuco",7,24,7,97.25671807446042,2019-11,COMUNA,17972.26,"{""type"":""MultiPoint"",""coordinates"":[]}"
16_00000000000000000007,2.223309659E7,"Villa Lugano, Villa Riachuelo, Villa Soldati",8,36,8,87.75017825535562,2019-11,COMUNA,20952.25,"{""type"":""MultiPoint"",""coordinates"":[]}"
16_00000000000000000008,1.650530734E7,"Parque Avellaneda, Mataderos, Liniers",9,27,9,87.23823671389678,2019-11,COMUNA,21411.74,"{""type"":""MultiPoint"",""coordinates"":[]}"
16_00000000000000000009,1.265655814E7,"Floresta, Monte Castro, Velez Sarsfield, Versalles, Villa Luro, Villa Real",10,25,10,85.45238934551949,2019-11,COMUNA,18332.04,"{""type"":""MultiPoint"",""coordinates"":[]}"
16_0000000000000000000a,1.412000807E7,"Villa Del Parque, Villa Devoto, Villa Gral. Mitre, Villa Santa Rita",11,26,11,81.8071395739274,2019-11,COMUNA,19987.7,"{""type"":""MultiPoint"",""coordinates"":[]}"
16_0000000000000000000b,1.557092811E7,"Villa Urquiza, Villa Pueyrredon, Saavedra, Coghlan",12,28,12,67.26942265624143,2019-11,COMUNA,17232.19,"{""type"":""MultiPoint"",""coordinates"":[]}"
16_0000000000000000000c,1.48461025E7,"Belgrano, Nuñez, Colegiales",13,27,13,59.22460774679263,2019-11,COMUNA,26155.33,"{""type"":""MultiPoint"",""coordinates"":[]}"
16_0000000000000000000d,1.592256351E7,Palermo,14,26,14,71.34449535820718,2019-11,COMUNA,22834.18,"{""type"":""MultiPoint"",""coordinates"":[]}"
16_0000000000000000000e,1.432289813E7,"Villa Ortuzar, Agronomia, Paternal, Parque Chas, Chacarita, Villa Crespo",15,24,15,80.20547820291847,2019-11,COMUNA,17832.59,"{""type"":""MultiPoint"",""coordinates"":[]}"
17_00000000000000000000,1.780103628E7,"Constitucion, San Telmo, Monserrat, Retiro, Puerto Madero, San Nicolas",1,35,1,87.28425730581641,2019-12,COMUNA,36351.19,"{""type"":""MultiPoint"",""coordinates"":[]}"
17_00000000000000000001,6433391.77,Recoleta,2,15,2,82.5256441669177,2019-12,COMUNA,25965.02,"{""type"":""MultiPoint"",""coordinates"":[]}"
17_00000000000000000002,6385992.08,"San Cristobal, Balvanera",3,11,3,101.97655190912995,2019-12,COMUNA,10486.26,"{""type"":""MultiPoint"",""coordinates"":[]}"
17_00000000000000000003,2.169064689E7,"Barracas, La Boca, Parque Patricios, Nueva Pompeya",4,38,4,109.09289569617513,2019-12,COMUNA,35481.84,"{""type"":""MultiPoint"",""coordinates"":[]}"
17_00000000000000000004,6660603.77,"Almagro, Boedo",5,11,5,103.94503395803447,2019-12,COMUNA,12323.43,"{""type"":""MultiPoint"",""coordinates"":[]}"
17_00000000000000000005,6851029.56,Caballito,6,13,6,99.40287331684621,2019-12,COMUNA,10990.96,"{""type"":""MultiPoint"",""coordinates"":[]}"
17_00000000000000000006,1.2422902E7,"Flores, Parque Chacabuco",7,24,7,104.43455105125531,2019-12,COMUNA,17972.26,"{""type"":""MultiPoint"",""coordinates"":[]}"
17_00000000000000000007,2.223309659E7,"Villa Lugano, Villa Riachuelo, Villa Soldati",8,36,8,104.35671840965327,2019-12,COMUNA,20952.25,"{""type"":""MultiPoint"",""coordinates"":[]}"
17_00000000000000000008,1.650530734E7,"Parque Avellaneda, Mataderos, Liniers",9,27,9,102.29409282661493,2019-12,COMUNA,21411.74,"{""type"":""MultiPoint"",""coordinates"":[]}"
17_00000000000000000009,1.265655814E7,"Floresta, Monte Castro, Velez Sarsfield, Versalles, Villa Luro, Villa Real",10,25,10,101.71370763692371,2019-12,COMUNA,18332.04,"{""type"":""MultiPoint"",""coordinates"":[]}"
17_0000000000000000000a,1.412000807E7,"Villa Del Parque, Villa Devoto, Villa Gral. Mitre, Villa Santa Rita",11,26,11,94.17043739894879,2019-12,COMUNA,19987.7,"{""type"":""MultiPoint"",""coordinates"":[]}"
17_0000000000000000000b,1.557092811E7,"Villa Urquiza, Villa Pueyrredon, Saavedra, Coghlan",12,28,12,80.37633641666366,2019-12,COMUNA,17232.19,"{""type"":""MultiPoint"",""coordinates"":[]}"
17_0000000000000000000c,1.48461025E7,"Belgrano, Nuñez, Colegiales",13,27,13,72.62800784377232,2019-12,COMUNA,26155.33,"{""type"":""MultiPoint"",""coordinates"":[]}"
17_0000000000000000000d,1.592256351E7,Palermo,14,26,14,81.11893098207783,2019-12,COMUNA,22834.18,"{""type"":""MultiPoint"",""coordinates"":[]}"
17_0000000000000000000e,1.432289813E7,"Villa Ortuzar, Agronomia, Paternal, Parque Chas, Chacarita, Villa Crespo",15,24,15,89.855082880827,2019-12,COMUNA,17832.59,"{""type"":""MultiPoint"",""coordinates"":[]}"
18_00000000000000000000,1.780103628E7,"Constitucion, San Telmo, Monserrat, Retiro, Puerto Madero, San Nicolas",1,35,1,71.70966804399941,2020-01,COMUNA,36351.19,"{""type"":""MultiPoint"",""coordinates"":[]}"
18_00000000000000000001,6433391.77,Recoleta,2,15,2,72.30662211728857,2020-01,COMUNA,25965.02,"{""type"":""MultiPoint"",""coordinates"":[]}"
18_00000000000000000002,6385992.08,"San Cristobal, Balvanera",3,11,3,84.77890493740642,2020-01,COMUNA,10486.26,"{""type"":""MultiPoint"",""coordinates"":[]}"
18_00000000000000000003,2.169064689E7,"Barracas, La Boca, Parque Patricios, Nueva Pompeya",4,38,4,83.95195897899802,2020-01,COMUNA,35481.84,"{""type"":""MultiPoint"",""coordinates"":[]}"
18_00000000000000000004,6660603.77,"Almagro, Boedo",5,11,5,85.0629466790838,2020-01,COMUNA,12323.43,"{""type"":""MultiPoint"",""coordinates"":[]}"
18_00000000000000000005,6851029.56,Caballito,6,13,6,87.72143709197353,2020-01,COMUNA,10990.96,"{""type"":""MultiPoint"",""coordinates"":[]}"
18_00000000000000000006,1.2422902E7,"Flores, Parque Chacabuco",7,24,7,89.70698101497943,2020-01,COMUNA,17972.26,"{""type"":""MultiPoint"",""coordinates"":[]}"
18_00000000000000000007,2.223309659E7,"Villa Lugano, Villa Riachuelo, Villa Soldati",8,36,8,88.959204073422,2020-01,COMUNA,20952.25,"{""type"":""MultiPoint"",""coordinates"":[]}"
18_00000000000000000008,1.650530734E7,"Parque Avellaneda, Mataderos, Liniers",9,27,9,85.39578347688139,2020-01,COMUNA,21411.74,"{""type"":""MultiPoint"",""coordinates"":[]}"
18_00000000000000000009,1.265655814E7,"Floresta, Monte Castro, Velez Sarsfield, Versalles, Villa Luro, Villa Real",10,25,10,86.24381066525052,2020-01,COMUNA,18332.04,"{""type"":""MultiPoint"",""coordinates"":[]}"
18_0000000000000000000a,1.412000807E7,"Villa Del Parque, Villa Devoto, Villa Gral. Mitre, Villa Santa Rita",11,26,11,81.14739384731062,2020-01,COMUNA,19987.7,"{""type"":""MultiPoint"",""coordinates"":[]}"
18_0000000000000000000b,1.557092811E7,"Villa Urquiza, Villa Pueyrredon, Saavedra, Coghlan",12,28,12,70.1373405619187,2020-01,COMUNA,17232.19,"{""type"":""MultiPoint"",""coordinates"":[]}"
18_0000000000000000000c,1.48461025E7,"Belgrano, Nuñez, Colegiales",13,27,13,67.83856379811776,2020-01,COMUNA,26155.33,"{""type"":""MultiPoint"",""coordinates"":[]}"
18_0000000000000000000d,1.592256351E7,Palermo,14,26,14,73.60912913511697,2020-01,COMUNA,22834.18,"{""type"":""MultiPoint"",""coordinates"":[]}"
18_0000000000000000000e,1.432289813E7,"Villa Ortuzar, Agronomia, Paternal, Parque Chas, Chacarita, Villa Crespo",15,24,15,79.46011088007938,2020-01,COMUNA,17832.59,"{""type"":""MultiPoint"",""coordinates"":[]}"
19_00000000000000000000,1.780103628E7,"Constitucion, San Telmo, Monserrat, Retiro, Puerto Madero, San Nicolas",1,35,1,88.31856088051465,2020-02,COMUNA,36351.19,"{""type"":""MultiPoint"",""coordinates"":[]}"
19_00000000000000000001,6433391.77,Recoleta,2,15,2,82.83853258579175,2020-02,COMUNA,25965.02,"{""type"":""MultiPoint"",""coordinates"":[]}"
19_00000000000000000002,6385992.08,"San Cristobal, Balvanera",3,11,3,95.17595304860228,2020-02,COMUNA,10486.26,"{""type"":""MultiPoint"",""coordinates"":[]}"
19_00000000000000000003,2.169064689E7,"Barracas, La Boca, Parque Patricios, Nueva Pompeya",4,38,4,100.57768397412148,2020-02,COMUNA,35481.84,"{""type"":""MultiPoint"",""coordinates"":[]}"
19_00000000000000000004,6660603.77,"Almagro, Boedo",5,11,5,94.94952028130622,2020-02,COMUNA,12323.43,"{""type"":""MultiPoint"",""coordinates"":[]}"
19_00000000000000000005,6851029.56,Caballito,6,13,6,87.18428606594495,2020-02,COMUNA,10990.96,"{""type"":""MultiPoint"",""coordinates"":[]}"
19_00000000000000000006,1.2422902E7,"Flores, Parque Chacabuco",7,24,7,90.90474779084981,2020-02,COMUNA,17972.26,"{""type"":""MultiPoint"",""coordinates"":[]}"
19_00000000000000000007,2.223309659E7,"Villa Lugano, Villa Riachuelo, Villa Soldati",8,36,8,100.39569143208348,2020-02,COMUNA,20952.25,"{""type"":""MultiPoint"",""coordinates"":[]}"
19_00000000000000000008,1.650530734E7,"Parque Avellaneda, Mataderos, Liniers",9,27,9,87.56567814271561,2020-02,COMUNA,21411.74,"{""type"":""MultiPoint"",""coordinates"":[]}"
19_00000000000000000009,1.265655814E7,"Floresta, Monte Castro, Velez Sarsfield, Versalles, Villa Luro, Villa Real",10,25,10,86.54369781410547,2020-02,COMUNA,18332.04,"{""type"":""MultiPoint"",""coordinates"":[]}"
19_0000000000000000000a,1.412000807E7,"Villa Del Parque, Villa Devoto, Villa Gral. Mitre, Villa Santa Rita",11,26,11,79.44842301578136,2020-02,COMUNA,19987.7,"{""type"":""MultiPoint"",""coordinates"":[]}"
19_0000000000000000000b,1.557092811E7,"Villa Urquiza, Villa Pueyrredon, Saavedra, Coghlan",12,28,12,73.3916351680781,2020-02,COMUNA,17232.19,"{""type"":""MultiPoint"",""coordinates"":[]}"
19_0000000000000000000c,1.48461025E7,"Belgrano, Nuñez, Colegiales",13,27,13,65.71012202582996,2020-02,COMUNA,26155.33,"{""type"":""MultiPoint"",""coordinates"":[]}"
19_0000000000000000000d,1.592256351E7,Palermo,14,26,14,71.97612214500698,2020-02,COMUNA,22834.18,"{""type"":""MultiPoint"",""coordinates"":[]}"
19_0000000000000000000e,1.432289813E7,"Villa Ortuzar, Agronomia, Paternal, Parque Chas, Chacarita, Villa Crespo",15,24,15,75.79249443958489,2020-02,COMUNA,17832.59,"{""type"":""MultiPoint"",""coordinates"":[]}"
20_00000000000000000000,1.780103628E7,"Constitucion, San Telmo, Monserrat, Retiro, Puerto Madero, San Nicolas",1,35,1,78.01588365660533,2020-03,COMUNA,36351.19,"{""type"":""MultiPoint"",""coordinates"":[]}"
20_00000000000000000001,6433391.77,Recoleta,2,15,2,72.36814011714272,2020-03,COMUNA,25965.02,"{""type"":""MultiPoint"",""coordinates"":[]}"
20_00000000000000000002,6385992.08,"San Cristobal, Balvanera",3,11,3,88.61105567909291,2020-03,COMUNA,10486.26,"{""type"":""MultiPoint"",""coordinates"":[]}"
20_00000000000000000003,2.169064689E7,"Barracas, La Boca, Parque Patricios, Nueva Pompeya",4,38,4,92.96942016397757,2020-03,COMUNA,35481.84,"{""type"":""MultiPoint"",""coordinates"":[]}"
20_00000000000000000004,6660603.77,"Almagro, Boedo",5,11,5,88.29847324213083,2020-03,COMUNA,12323.43,"{""type"":""MultiPoint"",""coordinates"":[]}"
20_00000000000000000005,6851029.56,Caballito,6,13,6,88.82003258638672,2020-03,COMUNA,10990.96,"{""type"":""MultiPoint"",""coordinates"":[]}"
20_00000000000000000006,1.2422902E7,"Flores, Parque Chacabuco",7,24,7,103.27918326305094,2020-03,COMUNA,17972.26,"{""type"":""MultiPoint"",""coordinates"":[]}"
20_00000000000000000007,2.223309659E7,"Villa Lugano, Villa Riachuelo, Villa Soldati",8,36,8,110.00382157228557,2020-03,COMUNA,20952.25,"{""type"":""MultiPoint"",""coordinates"":[]}"
20_00000000000000000008,1.650530734E7,"Parque Avellaneda, Mataderos, Liniers",9,27,9,98.93160484434989,2020-03,COMUNA,21411.74,"{""type"":""MultiPoint"",""coordinates"":[]}"
20_00000000000000000009,1.265655814E7,"Floresta, Monte Castro, Velez Sarsfield, Versalles, Villa Luro, Villa Real",10,25,10,89.31653512971127,2020-03,COMUNA,18332.04,"{""type"":""MultiPoint"",""coordinates"":[]}"
20_0000000000000000000a,1.412000807E7,"Villa Del Parque, Villa Devoto, Villa Gral. Mitre, Villa Santa Rita",11,26,11,80.58654506761344,2020-03,COMUNA,19987.7,"{""type"":""MultiPoint"",""coordinates"":[]}"
20_0000000000000000000b,1.557092811E7,"Villa Urquiza, Villa Pueyrredon, Saavedra, Coghlan",12,28,12,62.97659495458117,2020-03,COMUNA,17232.19,"{""type"":""MultiPoint"",""coordinates"":[]}"
20_0000000000000000000c,1.48461025E7,"Belgrano, Nuñez, Colegiales",13,27,13,50.65551641265625,2020-03,COMUNA,26155.33,"{""type"":""MultiPoint"",""coordinates"":[]}"
20_0000000000000000000d,1.592256351E7,Palermo,14,26,14,63.77893792910438,2020-03,COMUNA,22834.18,"{""type"":""MultiPoint"",""coordinates"":[]}"
20_0000000000000000000e,1.432289813E7,"Villa Ortuzar, Agronomia, Paternal, Parque Chas, Chacarita, Villa Crespo",15,24,15,74.63012497580549,2020-03,COMUNA,17832.59,"{""type"":""MultiPoint"",""coordinates"":[]}"
21_00000000000000000000,1.780103628E7,"Constitucion, San Telmo, Monserrat, Retiro, Puerto Madero, San Nicolas",1,35,1,64.17551216234254,2020-04,COMUNA,36351.19,"{""type"":""MultiPoint"",""coordinates"":[]}"
21_00000000000000000001,6433391.77,Recoleta,2,15,2,61.98700915285813,2020-04,COMUNA,25965.02,"{""type"":""MultiPoint"",""coordinates"":[]}"
21_00000000000000000002,6385992.08,"San Cristobal, Balvanera",3,11,3,68.12299483777404,2020-04,COMUNA,10486.26,"{""type"":""MultiPoint"",""coordinates"":[]}"
21_00000000000000000003,2.169064689E7,"Barracas, La Boca, Parque Patricios, Nueva Pompeya",4,38,4,62.07650913953164,2020-04,COMUNA,35481.84,"{""type"":""MultiPoint"",""coordinates"":[]}"
21_00000000000000000004,6660603.77,"Almagro, Boedo",5,11,5,66.90199875903089,2020-04,COMUNA,12323.43,"{""type"":""MultiPoint"",""coordinates"":[]}"
21_00000000000000000005,6851029.56,Caballito,6,13,6,68.57456509233914,2020-04,COMUNA,10990.96,"{""type"":""MultiPoint"",""coordinates"":[]}"
21_00000000000000000006,1.2422902E7,"Flores, Parque Chacabuco",7,24,7,65.17204599646958,2020-04,COMUNA,17972.26,"{""type"":""MultiPoint"",""coordinates"":[]}"
21_00000000000000000007,2.223309659E7,"Villa Lugano, Villa Riachuelo, Villa Soldati",8,36,8,58.30220597053417,2020-04,COMUNA,20952.25,"{""type"":""MultiPoint"",""coordinates"":[]}"
21_00000000000000000008,1.650530734E7,"Parque Avellaneda, Mataderos, Liniers",9,27,9,56.165419707488354,2020-04,COMUNA,21411.74,"{""type"":""MultiPoint"",""coordinates"":[]}"
21_00000000000000000009,1.265655814E7,"Floresta, Monte Castro, Velez Sarsfield, Versalles, Villa Luro, Villa Real",10,25,10,61.72494419987257,2020-04,COMUNA,18332.04,"{""type"":""MultiPoint"",""coordinates"":[]}"
21_0000000000000000000a,1.412000807E7,"Villa Del Parque, Villa Devoto, Villa Gral. Mitre, Villa Santa Rita",11,26,11,65.52355678684492,2020-04,COMUNA,19987.7,"{""type"":""MultiPoint"",""coordinates"":[]}"
21_0000000000000000000b,1.557092811E7,"Villa Urquiza, Villa Pueyrredon, Saavedra, Coghlan",12,28,12,66.33262588642127,2020-04,COMUNA,17232.19,"{""type"":""MultiPoint"",""coordinates"":[]}"
21_0000000000000000000c,1.48461025E7,"Belgrano, Nuñez, Colegiales",13,27,13,62.90205967414299,2020-04,COMUNA,26155.33,"{""type"":""MultiPoint"",""coordinates"":[]}"
21_0000000000000000000d,1.592256351E7,Palermo,14,26,14,63.375641651400386,2020-04,COMUNA,22834.18,"{""type"":""MultiPoint"",""coordinates"":[]}"
21_0000000000000000000e,1.432289813E7,"Villa Ortuzar, Agronomia, Paternal, Parque Chas, Chacarita, Villa Crespo",15,24,15,68.2872684664222,2020-04,COMUNA,17832.59,"{""type"":""MultiPoint"",""coordinates"":[]}"
22_00000000000000000000,1.780103628E7,"Constitucion, San Telmo, Monserrat, Retiro, Puerto Madero, San Nicolas",1,35,1,87.79516982341775,2020-05,COMUNA,36351.19,"{""type"":""MultiPoint"",""coordinates"":[]}"
22_00000000000000000001,6433391.77,Recoleta,2,15,2,84.15949654373331,2020-05,COMUNA,25965.02,"{""type"":""MultiPoint"",""coordinates"":[]}"
22_00000000000000000002,6385992.08,"San Cristobal, Balvanera",3,11,3,92.88414917202597,2020-05,COMUNA,10486.26,"{""type"":""MultiPoint"",""coordinates"":[]}"
22_00000000000000000003,2.169064689E7,"Barracas, La Boca, Parque Patricios, Nueva Pompeya",4,38,4,91.38370733575731,2020-05,COMUNA,35481.84,"{""type"":""MultiPoint"",""coordinates"":[]}"
22_00000000000000000004,6660603.77,"Almagro, Boedo",5,11,5,96.99406076000857,2020-05,COMUNA,12323.43,"{""type"":""MultiPoint"",""coordinates"":[]}"
22_00000000000000000005,6851029.56,Caballito,6,13,6,101.70624413435976,2020-05,COMUNA,10990.96,"{""type"":""MultiPoint"",""coordinates"":[]}"
22_00000000000000000006,1.2422902E7,"Flores, Parque Chacabuco",7,24,7,99.4885524338019,2020-05,COMUNA,17972.26,"{""type"":""MultiPoint"",""coordinates"":[]}"
22_00000000000000000007,2.223309659E7,"Villa Lugano, Villa Riachuelo, Villa Soldati",8,36,8,92.63697735886274,2020-05,COMUNA,20952.25,"{""type"":""MultiPoint"",""coordinates"":[]}"
22_00000000000000000008,1.650530734E7,"Parque Avellaneda, Mataderos, Liniers",9,27,9,93.83697879128543,2020-05,COMUNA,21411.74,"{""type"":""MultiPoint"",""coordinates"":[]}"
22_00000000000000000009,1.265655814E7,"Floresta, Monte Castro, Velez Sarsfield, Versalles, Villa Luro, Villa Real",10,25,10,94.7569099719332,2020-05,COMUNA,18332.04,"{""type"":""MultiPoint"",""coordinates"":[]}"
22_0000000000000000000a,1.412000807E7,"Villa Del Parque, Villa Devoto, Villa Gral. Mitre, Villa Santa Rita",11,26,11,90.92838147367691,2020-05,COMUNA,19987.7,"{""type"":""MultiPoint"",""coordinates"":[]}"
22_0000000000000000000b,1.557092811E7,"Villa Urquiza, Villa Pueyrredon, Saavedra, Coghlan",12,28,12,83.44049087424328,2020-05,COMUNA,17232.19,"{""type"":""MultiPoint"",""coordinates"":[]}"
22_0000000000000000000c,1.48461025E7,"Belgrano, Nuñez, Colegiales",13,27,13,81.47704752069563,2020-05,COMUNA,26155.33,"{""type"":""MultiPoint"",""coordinates"":[]}"
22_0000000000000000000d,1.592256351E7,Palermo,14,26,14,83.62316416867566,2020-05,COMUNA,22834.18,"{""type"":""MultiPoint"",""coordinates"":[]}"
22_0000000000000000000e,1.432289813E7,"Villa Ortuzar, Agronomia, Paternal, Parque Chas, Chacarita, Villa Crespo",15,24,15,92.17385399945141,2020-05,COMUNA,17832.59,"{""type"":""MultiPoint"",""coordinates"":[]}"
23_00000000000000000000,1.780103628E7,"Constitucion, San Telmo, Monserrat, Retiro, Puerto Madero, San Nicolas",1,35,1,129.01874622497922,2020-06,COMUNA,36351.19,"{""type"":""MultiPoint"",""coordinates"":[]}"
23_00000000000000000001,6433391.77,Recoleta,2,15,2,124.70821800953347,2020-06,COMUNA,25965.02,"{""type"":""MultiPoint"",""coordinates"":[]}"
23_00000000000000000002,6385992.08,"San Cristobal, Balvanera",3,11,3,136.51262805294732,2020-06,COMUNA,10486.26,"{""type"":""MultiPoint"",""coordinates"":[]}"
23_00000000000000000003,2.169064689E7,"Barracas, La Boca, Parque Patricios, Nueva Pompeya",4,38,4,140.93249407152138,2020-06,COMUNA,35481.84,"{""type"":""MultiPoint"",""coordinates"":[]}"
23_00000000000000000004,6660603.77,"Almagro, Boedo",5,11,5,138.34503689564414,2020-06,COMUNA,12323.43,"{""type"":""MultiPoint"",""coordinates"":[]}"
23_00000000000000000005,6851029.56,Caballito,6,13,6,140.17169400597595,2020-06,COMUNA,10990.96,"{""type"":""MultiPoint"",""coordinates"":[]}"
23_00000000000000000006,1.2422902E7,"Flores, Parque Chacabuco",7,24,7,139.84379121595134,2020-06,COMUNA,17972.26,"{""type"":""MultiPoint"",""coordinates"":[]}"
23_00000000000000000007,2.223309659E7,"Villa Lugano, Villa Riachuelo, Villa Soldati",8,36,8,133.67218274511015,2020-06,COMUNA,20952.25,"{""type"":""MultiPoint"",""coordinates"":[]}"
23_00000000000000000008,1.650530734E7,"Parque Avellaneda, Mataderos, Liniers",9,27,9,134.02998249173683,2020-06,COMUNA,21411.74,"{""type"":""MultiPoint"",""coordinates"":[]}"
23_00000000000000000009,1.265655814E7,"Floresta, Monte Castro, Velez Sarsfield, Versalles, Villa Luro, Villa Real",10,25,10,135.54071361264778,2020-06,COMUNA,18332.04,"{""type"":""MultiPoint"",""coordinates"":[]}"
23_0000000000000000000a,1.412000807E7,"Villa Del Parque, Villa Devoto, Villa Gral. Mitre, Villa Santa Rita",11,26,11,142.3667526416853,2020-06,COMUNA,19987.7,"{""type"":""MultiPoint"",""coordinates"":[]}"
23_0000000000000000000b,1.557092811E7,"Villa Urquiza, Villa Pueyrredon, Saavedra, Coghlan",12,28,12,140.25242086663096,2020-06,COMUNA,17232.19,"{""type"":""MultiPoint"",""coordinates"":[]}"
23_0000000000000000000c,1.48461025E7,"Belgrano, Nuñez, Colegiales",13,27,13,131.60740642842032,2020-06,COMUNA,26155.33,"{""type"":""MultiPoint"",""coordinates"":[]}"
23_0000000000000000000d,1.592256351E7,Palermo,14,26,14,125.8515771503142,2020-06,COMUNA,22834.18,"{""type"":""MultiPoint"",""coordinates"":[]}"
23_0000000000000000000e,1.432289813E7,"Villa Ortuzar, Agronomia, Paternal, Parque Chas, Chacarita, Villa Crespo",15,24,15,141.40827471473065,2020-06,COMUNA,17832.59,"{""type"":""MultiPoint"",""coordinates"":[]}"
24_00000000000000000000,1.780103628E7,"Constitucion, San Telmo, Monserrat, Retiro, Puerto Madero, San Nicolas",1,35,1,147.60592320087514,2020-07,COMUNA,36351.19,"{""type"":""MultiPoint"",""coordinates"":[]}"
24_00000000000000000001,6433391.77,Recoleta,2,15,2,143.14750029454729,2020-07,COMUNA,25965.02,"{""type"":""MultiPoint"",""coordinates"":[]}"
24_00000000000000000002,6385992.08,"San Cristobal, Balvanera",3,11,3,157.1702975490782,2020-07,COMUNA,10486.26,"{""type"":""MultiPoint"",""coordinates"":[]}"
24_00000000000000000003,2.169064689E7,"Barracas, La Boca, Parque Patricios, Nueva Pompeya",4,38,4,158.4155836114858,2020-07,COMUNA,35481.84,"{""type"":""MultiPoint"",""coordinates"":[]}"
24_00000000000000000004,6660603.77,"Almagro, Boedo",5,11,5,159.44129281012343,2020-07,COMUNA,12323.43,"{""type"":""MultiPoint"",""coordinates"":[]}"
24_00000000000000000005,6851029.56,Caballito,6,13,6,152.4341208237517,2020-07,COMUNA,10990.96,"{""type"":""MultiPoint"",""coordinates"":[]}"
24_00000000000000000006,1.2422902E7,"Flores, Parque Chacabuco",7,24,7,139.6289826103835,2020-07,COMUNA,17972.26,"{""type"":""MultiPoint"",""coordinates"":[]}"
24_00000000000000000007,2.223309659E7,"Villa Lugano, Villa Riachuelo, Villa Soldati",8,36,8,126.7483104352366,2020-07,COMUNA,20952.25,"{""type"":""MultiPoint"",""coordinates"":[]}"
24_00000000000000000008,1.650530734E7,"Parque Avellaneda, Mataderos, Liniers",9,27,9,118.9963819740779,2020-07,COMUNA,21411.74,"{""type"":""MultiPoint"",""coordinates"":[]}"
24_00000000000000000009,1.265655814E7,"Floresta, Monte Castro, Velez Sarsfield, Versalles, Villa Luro, Villa Real",10,25,10,123.02888281841248,2020-07,COMUNA,18332.04,"{""type"":""MultiPoint"",""coordinates"":[]}"
24_0000000000000000000a,1.412000807E7,"Villa Del Parque, Villa Devoto, Villa Gral. Mitre, Villa Santa Rita",11,26,11,127.86472895450078,2020-07,COMUNA,19987.7,"{""type"":""MultiPoint"",""coordinates"":[]}"
24_0000000000000000000b,1.557092811E7,"Villa Urquiza, Villa Pueyrredon, Saavedra, Coghlan",12,28,12,128.67885434514073,2020-07,COMUNA,17232.19,"{""type"":""MultiPoint"",""coordinates"":[]}"
24_0000000000000000000c,1.48461025E7,"Belgrano, Nuñez, Colegiales",13,27,13,127.78108025782358,2020-07,COMUNA,26155.33,"{""type"":""MultiPoint"",""coordinates"":[]}"
24_0000000000000000000d,1.592256351E7,Palermo,14,26,14,133.29775602518149,2020-07,COMUNA,22834.18,"{""type"":""MultiPoint"",""coordinates"":[]}"
24_0000000000000000000e,1.432289813E7,"Villa Ortuzar, Agronomia, Paternal, Parque Chas, Chacarita, Villa Crespo",15,24,15,143.6806578758181,2020-07,COMUNA,17832.59,"{""type"":""MultiPoint"",""coordinates"":[]}"
25_00000000000000000000,1.780103628E7,"Constitucion, San Telmo, Monserrat, Retiro, Puerto Madero, San Nicolas",1,35,1,86.99772896817784,2020-08,COMUNA,36351.19,"{""type"":""MultiPoint"",""coordinates"":[]}"
25_00000000000000000001,6433391.77,Recoleta,2,15,2,81.45109039567947,2020-08,COMUNA,25965.02,"{""type"":""MultiPoint"",""coordinates"":[]}"
25_00000000000000000002,6385992.08,"San Cristobal, Balvanera",3,11,3,88.68663467574252,2020-08,COMUNA,10486.26,"{""type"":""MultiPoint"",""coordinates"":[]}"
25_00000000000000000003,2.169064689E7,"Barracas, La Boca, Parque Patricios, Nueva Pompeya",4,38,4,92.81025646013062,2020-08,COMUNA,35481.84,"{""type"":""MultiPoint"",""coordinates"":[]}"
25_00000000000000000004,6660603.77,"Almagro, Boedo",5,11,5,86.58418794451654,2020-08,COMUNA,12323.43,"{""type"":""MultiPoint"",""coordinates"":[]}"
25_00000000000000000005,6851029.56,Caballito,6,13,6,81.2794659888741,2020-08,COMUNA,10990.96,"{""type"":""MultiPoint"",""coordinates"":[]}"
25_00000000000000000006,1.2422902E7,"Flores, Parque Chacabuco",7,24,7,84.71537074919031,2020-08,COMUNA,17972.26,"{""type"":""MultiPoint"",""coordinates"":[]}"
25_00000000000000000007,2.223309659E7,"Villa Lugano, Villa Riachuelo, Villa Soldati",8,36,8,88.71580444938914,2020-08,COMUNA,20952.25,"{""type"":""MultiPoint"",""coordinates"":[]}"
25_00000000000000000008,1.650530734E7,"Parque Avellaneda, Mataderos, Liniers",9,27,9,87.93048785385811,2020-08,COMUNA,21411.74,"{""type"":""MultiPoint"",""coordinates"":[]}"
25_00000000000000000009,1.265655814E7,"Floresta, Monte Castro, Velez Sarsfield, Versalles, Villa Luro, Villa Real",10,25,10,81.01606399510392,2020-08,COMUNA,18332.04,"{""type"":""MultiPoint"",""coordinates"":[]}"
25_0000000000000000000a,1.412000807E7,"Villa Del Parque, Villa Devoto, Villa Gral. Mitre, Villa Santa Rita",11,26,11,74.81130595543716,2020-08,COMUNA,19987.7,"{""type"":""MultiPoint"",""coordinates"":[]}"
25_0000000000000000000b,1.557092811E7,"Villa Urquiza, Villa Pueyrredon, Saavedra, Coghlan",12,28,12,65.19711601785636,2020-08,COMUNA,17232.19,"{""type"":""MultiPoint"",""coordinates"":[]}"
25_0000000000000000000c,1.48461025E7,"Belgrano, Nuñez, Colegiales",13,27,13,62.63017291456486,2020-08,COMUNA,26155.33,"{""type"":""MultiPoint"",""coordinates"":[]}"
25_0000000000000000000d,1.592256351E7,Palermo,14,26,14,73.98579645236153,2020-08,COMUNA,22834.18,"{""type"":""MultiPoint"",""coordinates"":[]}"
25_0000000000000000000e,1.432289813E7,"Villa Ortuzar, Agronomia, Paternal, Parque Chas, Chacarita, Villa Crespo",15,24,15,72.75928411755977,2020-08,COMUNA,17832.59,"{""type"":""MultiPoint"",""coordinates"":[]}"
26_00000000000000000000,1.780103628E7,"Constitucion, San Telmo, Monserrat, Retiro, Puerto Madero, San Nicolas",1,35,1,97.05896525331464,2020-09,COMUNA,36351.19,"{""type"":""MultiPoint"",""coordinates"":[]}"
26_00000000000000000001,6433391.77,Recoleta,2,15,2,102.79942395441056,2020-09,COMUNA,25965.02,"{""type"":""MultiPoint"",""coordinates"":[]}"
26_00000000000000000002,6385992.08,"San Cristobal, Balvanera",3,11,3,135.6359747181067,2020-09,COMUNA,10486.26,"{""type"":""MultiPoint"",""coordinates"":[]}"
26_00000000000000000003,2.169064689E7,"Barracas, La Boca, Parque Patricios, Nueva Pompeya",4,38,4,119.17788432953168,2020-09,COMUNA,35481.84,"{""type"":""MultiPoint"",""coordinates"":[]}"
26_00000000000000000004,6660603.77,"Almagro, Boedo",5,11,5,140.46896501429677,2020-09,COMUNA,12323.43,"{""type"":""MultiPoint"",""coordinates"":[]}"
26_00000000000000000005,6851029.56,Caballito,6,13,6,142.9015241959371,2020-09,COMUNA,10990.96,"{""type"":""MultiPoint"",""coordinates"":[]}"
26_00000000000000000006,1.2422902E7,"Flores, Parque Chacabuco",7,24,7,137.31090328971717,2020-09,COMUNA,17972.26,"{""type"":""MultiPoint"",""coordinates"":[]}"
26_00000000000000000007,2.223309659E7,"Villa Lugano, Villa Riachuelo, Villa Soldati",8,36,8,108.36457210152962,2020-09,COMUNA,20952.25,"{""type"":""MultiPoint"",""coordinates"":[]}"
26_00000000000000000008,1.650530734E7,"Parque Avellaneda, Mataderos, Liniers",9,27,9,112.30115634555938,2020-09,COMUNA,21411.74,"{""type"":""MultiPoint"",""coordinates"":[]}"
26_00000000000000000009,1.265655814E7,"Floresta, Monte Castro, Velez Sarsfield, Versalles, Villa Luro, Villa Real",10,25,10,115.27948434727762,2020-09,COMUNA,18332.04,"{""type"":""MultiPoint"",""coordinates"":[]}"
26_0000000000000000000a,1.412000807E7,"Villa Del Parque, Villa Devoto, Villa Gral. Mitre, Villa Santa Rita",11,26,11,128.39099485733018,2020-09,COMUNA,19987.7,"{""type"":""MultiPoint"",""coordinates"":[]}"
26_0000000000000000000b,1.557092811E7,"Villa Urquiza, Villa Pueyrredon, Saavedra, Coghlan",12,28,12,109.1176350531815,2020-09,COMUNA,17232.19,"{""type"":""MultiPoint"",""coordinates"":[]}"
26_0000000000000000000c,1.48461025E7,"Belgrano, Nuñez, Colegiales",13,27,13,88.35146577439649,2020-09,COMUNA,26155.33,"{""type"":""MultiPoint"",""coordinates"":[]}"
26_0000000000000000000d,1.592256351E7,Palermo,14,26,14,91.68862639796593,2020-09,COMUNA,22834.18,"{""type"":""MultiPoint"",""coordinates"":[]}"
26_0000000000000000000e,1.432289813E7,"Villa Ortuzar, Agronomia, Paternal, Parque Chas, Chacarita, Villa Crespo",15,24,15,129.64553256970456,2020-09,COMUNA,17832.59,"{""type"":""MultiPoint"",""coordinates"":[]}"
27_00000000000000000000,1.780103628E7,"Constitucion, San Telmo, Monserrat, Retiro, Puerto Madero, San Nicolas",1,35,1,88.93423777227613,2020-10,COMUNA,36351.19,"{""type"":""MultiPoint"",""coordinates"":[]}"
27_00000000000000000001,6433391.77,Recoleta,2,15,2,91.37888212864583,2020-10,COMUNA,25965.02,"{""type"":""MultiPoint"",""coordinates"":[]}"
27_00000000000000000002,6385992.08,"San Cristobal, Balvanera",3,11,3,98.37988797762496,2020-10,COMUNA,10486.26,"{""type"":""MultiPoint"",""coordinates"":[]}"
27_00000000000000000003,2.169064689E7,"Barracas, La Boca, Parque Patricios, Nueva Pompeya",4,38,4,99.87137531424311,2020-10,COMUNA,35481.84,"{""type"":""MultiPoint"",""coordinates"":[]}"
27_00000000000000000004,6660603.77,"Almagro, Boedo",5,11,5,108.44100220259843,2020-10,COMUNA,12323.43,"{""type"":""MultiPoint"",""coordinates"":[]}"
27_00000000000000000005,6851029.56,Caballito,6,13,6,116.67158967211056,2020-10,COMUNA,10990.96,"{""type"":""MultiPoint"",""coordinates"":[]}"
27_00000000000000000006,1.2422902E7,"Flores, Parque Chacabuco",7,24,7,115.0680355742096,2020-10,COMUNA,17972.26,"{""type"":""MultiPoint"",""coordinates"":[]}"
27_00000000000000000007,2.223309659E7,"Villa Lugano, Villa Riachuelo, Villa Soldati",8,36,8,112.74871622463726,2020-10,COMUNA,20952.25,"{""type"":""MultiPoint"",""coordinates"":[]}"
27_00000000000000000008,1.650530734E7,"Parque Avellaneda, Mataderos, Liniers",9,27,9,125.22943872557033,2020-10,COMUNA,21411.74,"{""type"":""MultiPoint"",""coordinates"":[]}"
27_00000000000000000009,1.265655814E7,"Floresta, Monte Castro, Velez Sarsfield, Versalles, Villa Luro, Villa Real",10,25,10,124.36568053513355,2020-10,COMUNA,18332.04,"{""type"":""MultiPoint"",""coordinates"":[]}"
27_0000000000000000000a,1.412000807E7,"Villa Del Parque, Villa Devoto, Villa Gral. Mitre, Villa Santa Rita",11,26,11,119.84135424267666,2020-10,COMUNA,19987.7,"{""type"":""MultiPoint"",""coordinates"":[]}"
27_0000000000000000000b,1.557092811E7,"Villa Urquiza, Villa Pueyrredon, Saavedra, Coghlan",12,28,12,99.8927094583595,2020-10,COMUNA,17232.19,"{""type"":""MultiPoint"",""coordinates"":[]}"
27_0000000000000000000c,1.48461025E7,"Belgrano, Nuñez, Colegiales",13,27,13,91.48097034045263,2020-10,COMUNA,26155.33,"{""type"":""MultiPoint"",""coordinates"":[]}"
27_0000000000000000000d,1.592256351E7,Palermo,14,26,14,93.4704621196914,2020-10,COMUNA,22834.18,"{""type"":""MultiPoint"",""coordinates"":[]}"
27_0000000000000000000e,1.432289813E7,"Villa Ortuzar, Agronomia, Paternal, Parque Chas, Chacarita, Villa Crespo",15,24,15,111.50355795210706,2020-10,COMUNA,17832.59,"{""type"":""MultiPoint"",""coordinates"":[]}"
28_00000000000000000000,1.780103628E7,"Constitucion, San Telmo, Monserrat, Retiro, Puerto Madero, San Nicolas",1,35,1,69.14556655108711,2020-11,COMUNA,36351.19,"{""type"":""MultiPoint"",""coordinates"":[]}"
28_00000000000000000001,6433391.77,Recoleta,2,15,2,75.15420272151913,2020-11,COMUNA,25965.02,"{""type"":""MultiPoint"",""coordinates"":[]}"
28_00000000000000000002,6385992.08,"San Cristobal, Balvanera",3,11,3,82.0880929773806,2020-11,COMUNA,10486.26,"{""type"":""MultiPoint"",""coordinates"":[]}"
28_00000000000000000003,2.169064689E7,"Barracas, La Boca, Parque Patricios, Nueva Pompeya",4,38,4,77.31665650222457,2020-11,COMUNA,35481.84,"{""type"":""MultiPoint"",""coordinates"":[]}"
28_00000000000000000004,6660603.77,"Almagro, Boedo",5,11,5,88.80902647432363,2020-11,COMUNA,12323.43,"{""type"":""MultiPoint"",""coordinates"":[]}"
28_00000000000000000005,6851029.56,Caballito,6,13,6,97.11671065403466,2020-11,COMUNA,10990.96,"{""type"":""MultiPoint"",""coordinates"":[]}"
28_00000000000000000006,1.2422902E7,"Flores, Parque Chacabuco",7,24,7,96.89436491309839,2020-11,COMUNA,17972.26,"{""type"":""MultiPoint"",""coordinates"":[]}"
28_00000000000000000007,2.223309659E7,"Villa Lugano, Villa Riachuelo, Villa Soldati",8,36,8,87.14530215507597,2020-11,COMUNA,20952.25,"{""type"":""MultiPoint"",""coordinates"":[]}"
28_00000000000000000008,1.650530734E7,"Parque Avellaneda, Mataderos, Liniers",9,27,9,101.22878170050144,2020-11,COMUNA,21411.74,"{""type"":""MultiPoint"",""coordinates"":[]}"
28_00000000000000000009,1.265655814E7,"Floresta, Monte Castro, Velez Sarsfield, Versalles, Villa Luro, Villa Real",10,25,10,105.17716869356413,2020-11,COMUNA,18332.04,"{""type"":""MultiPoint"",""coordinates"":[]}"
28_0000000000000000000a,1.412000807E7,"Villa Del Parque, Villa Devoto, Villa Gral. Mitre, Villa Santa Rita",11,26,11,103.2569536113662,2020-11,COMUNA,19987.7,"{""type"":""MultiPoint"",""coordinates"":[]}"
28_0000000000000000000b,1.557092811E7,"Villa Urquiza, Villa Pueyrredon, Saavedra, Coghlan",12,28,12,88.8638889738751,2020-11,COMUNA,17232.19,"{""type"":""MultiPoint"",""coordinates"":[]}"
28_0000000000000000000c,1.48461025E7,"Belgrano, Nuñez, Colegiales",13,27,13,78.39899857964569,2020-11,COMUNA,26155.33,"{""type"":""MultiPoint"",""coordinates"":[]}"
28_0000000000000000000d,1.592256351E7,Palermo,14,26,14,82.11886192328615,2020-11,COMUNA,22834.18,"{""type"":""MultiPoint"",""coordinates"":[]}"
28_0000000000000000000e,1.432289813E7,"Villa Ortuzar, Agronomia, Paternal, Parque Chas, Chacarita, Villa Crespo",15,24,15,96.83645325825178,2020-11,COMUNA,17832.59,"{""type"":""MultiPoint"",""coordinates"":[]}"
29_00000000000000000000,1.780103628E7,"Constitucion, San Telmo, Monserrat, Retiro, Puerto Madero, San Nicolas",1,35,1,89.65143853360306,2020-12,COMUNA,36351.19,"{""type"":""MultiPoint"",""coordinates"":[]}"
29_00000000000000000001,6433391.77,Recoleta,2,15,2,87.26663794822716,2020-12,COMUNA,25965.02,"{""type"":""MultiPoint"",""coordinates"":[]}"
29_00000000000000000002,6385992.08,"San Cristobal, Balvanera",3,11,3,107.84864201062268,2020-12,COMUNA,10486.26,"{""type"":""MultiPoint"",""coordinates"":[]}"
29_00000000000000000003,2.169064689E7,"Barracas, La Boca, Parque Patricios, Nueva Pompeya",4,38,4,106.88421413494025,2020-12,COMUNA,35481.84,"{""type"":""MultiPoint"",""coordinates"":[]}"
29_00000000000000000004,6660603.77,"Almagro, Boedo",5,11,5,111.00732814391839,2020-12,COMUNA,12323.43,"{""type"":""MultiPoint"",""coordinates"":[]}"
29_00000000000000000005,6851029.56,Caballito,6,13,6,110.50750136505461,2020-12,COMUNA,10990.96,"{""type"":""MultiPoint"",""coordinates"":[]}"
29_00000000000000000006,1.2422902E7,"Flores, Parque Chacabuco",7,24,7,105.65424074764825,2020-12,COMUNA,17972.26,"{""type"":""MultiPoint"",""coordinates"":[]}"
29_00000000000000000007,2.223309659E7,"Villa Lugano, Villa Riachuelo, Villa Soldati",8,36,8,104.17911901173709,2020-12,COMUNA,20952.25,"{""type"":""MultiPoint"",""coordinates"":[]}"
29_00000000000000000008,1.650530734E7,"Parque Avellaneda, Mataderos, Liniers",9,27,9,108.01920810033937,2020-12,COMUNA,21411.74,"{""type"":""MultiPoint"",""coordinates"":[]}"
29_00000000000000000009,1.265655814E7,"Floresta, Monte Castro, Velez Sarsfield, Versalles, Villa Luro, Villa Real",10,25,10,106.64433706538709,2020-12,COMUNA,18332.04,"{""type"":""MultiPoint"",""coordinates"":[]}"
29_0000000000000000000a,1.412000807E7,"Villa Del Parque, Villa Devoto, Villa Gral. Mitre, Villa Santa Rita",11,26,11,99.03151996524176,2020-12,COMUNA,19987.7,"{""type"":""MultiPoint"",""coordinates"":[]}"
29_0000000000000000000b,1.557092811E7,"Villa Urquiza, Villa Pueyrredon, Saavedra, Coghlan",12,28,12,83.24885221730133,2020-12,COMUNA,17232.19,"{""type"":""MultiPoint"",""coordinates"":[]}"
29_0000000000000000000c,1.48461025E7,"Belgrano, Nuñez, Colegiales",13,27,13,75.33884142698479,2020-12,COMUNA,26155.33,"{""type"":""MultiPoint"",""coordinates"":[]}"
29_0000000000000000000d,1.592256351E7,Palermo,14,26,14,83.60740679156929,2020-12,COMUNA,22834.18,"{""type"":""MultiPoint"",""coordinates"":[]}"
29_0000000000000000000e,1.432289813E7,"Villa Ortuzar, Agronomia, Paternal, Parque Chas, Chacarita, Villa Crespo",15,24,15,98.40019695750938,2020-12,COMUNA,17832.59,"{""type"":""MultiPoint"",""coordinates"":[]}"
30_00000000000000000000,1.780103628E7,"Constitucion, San Telmo, Monserrat, Retiro, Puerto Madero, San Nicolas",1,35,1,76.80875504203611,2021-01,COMUNA,36351.19,"{""type"":""MultiPoint"",""coordinates"":[]}"
30_00000000000000000001,6433391.77,Recoleta,2,15,2,77.95939655599311,2021-01,COMUNA,25965.02,"{""type"":""MultiPoint"",""coordinates"":[]}"
30_00000000000000000002,6385992.08,"San Cristobal, Balvanera",3,11,3,104.62602171950894,2021-01,COMUNA,10486.26,"{""type"":""MultiPoint"",""coordinates"":[]}"
30_00000000000000000003,2.169064689E7,"Barracas, La Boca, Parque Patricios, Nueva Pompeya",4,38,4,103.61304553467387,2021-01,COMUNA,35481.84,"{""type"":""MultiPoint"",""coordinates"":[]}"
30_00000000000000000004,6660603.77,"Almagro, Boedo",5,11,5,108.71544043194189,2021-01,COMUNA,12323.43,"{""type"":""MultiPoint"",""coordinates"":[]}"
30_00000000000000000005,6851029.56,Caballito,6,13,6,122.23598166155514,2021-01,COMUNA,10990.96,"{""type"":""MultiPoint"",""coordinates"":[]}"
30_00000000000000000006,1.2422902E7,"Flores, Parque Chacabuco",7,24,7,129.35482756835447,2021-01,COMUNA,17972.26,"{""type"":""MultiPoint"",""coordinates"":[]}"
30_00000000000000000007,2.223309659E7,"Villa Lugano, Villa Riachuelo, Villa Soldati",8,36,8,133.716512910309,2021-01,COMUNA,20952.25,"{""type"":""MultiPoint"",""coordinates"":[]}"
30_00000000000000000008,1.650530734E7,"Parque Avellaneda, Mataderos, Liniers",9,27,9,165.09177715117937,2021-01,COMUNA,21411.74,"{""type"":""MultiPoint"",""coordinates"":[]}"
30_00000000000000000009,1.265655814E7,"Floresta, Monte Castro, Velez Sarsfield, Versalles, Villa Luro, Villa Real",10,25,10,168.2351573939891,2021-01,COMUNA,18332.04,"{""type"":""MultiPoint"",""coordinates"":[]}"
30_0000000000000000000a,1.412000807E7,"Villa Del Parque, Villa Devoto, Villa Gral. Mitre, Villa Santa Rita",11,26,11,157.35229650458965,2021-01,COMUNA,19987.7,"{""type"":""MultiPoint"",""coordinates"":[]}"
30_0000000000000000000b,1.557092811E7,"Villa Urquiza, Villa Pueyrredon, Saavedra, Coghlan",12,28,12,124.02017642290329,2021-01,COMUNA,17232.19,"{""type"":""MultiPoint"",""coordinates"":[]}"
30_0000000000000000000c,1.48461025E7,"Belgrano, Nuñez, Colegiales",13,27,13,82.98070498176786,2021-01,COMUNA,26155.33,"{""type"":""MultiPoint"",""coordinates"":[]}"
30_0000000000000000000d,1.592256351E7,Palermo,14,26,14,80.60494359418755,2021-01,COMUNA,22834.18,"{""type"":""MultiPoint"",""coordinates"":[]}"
30_0000000000000000000e,1.432289813E7,"Villa Ortuzar, Agronomia, Paternal, Parque Chas, Chacarita, Villa Crespo",15,24,15,121.64219355615876,2021-01,COMUNA,17832.59,"{""type"":""MultiPoint"",""coordinates"":[]}"
31_00000000000000000000,1.780103628E7,"Constitucion, San Telmo, Monserrat, Retiro, Puerto Madero, San Nicolas",1,35,1,142.251999755358,2021-02,COMUNA,36351.19,"{""type"":""MultiPoint"",""coordinates"":[]}"
31_00000000000000000001,6433391.77,Recoleta,2,15,2,144.6579081433326,2021-02,COMUNA,25965.02,"{""type"":""MultiPoint"",""coordinates"":[]}"
31_00000000000000000002,6385992.08,"San Cristobal, Balvanera",3,11,3,172.98508936286817,2021-02,COMUNA,10486.26,"{""type"":""MultiPoint"",""coordinates"":[]}"
31_00000000000000000003,2.169064689E7,"Barracas, La Boca, Parque Patricios, Nueva Pompeya",4,38,4,175.95714914773615,2021-02,COMUNA,35481.84,"{""type"":""MultiPoint"",""coordinates"":[]}"
31_00000000000000000004,6660603.77,"Almagro, Boedo",5,11,5,178.8803719836169,2021-02,COMUNA,12323.43,"{""type"":""MultiPoint"",""coordinates"":[]}"
31_00000000000000000005,6851029.56,Caballito,6,13,6,157.95123289627963,2021-02,COMUNA,10990.96,"{""type"":""MultiPoint"",""coordinates"":[]}"
31_00000000000000000006,1.2422902E7,"Flores, Parque Chacabuco",7,24,7,170.10914771366654,2021-02,COMUNA,17972.26,"{""type"":""MultiPoint"",""coordinates"":[]}"
31_00000000000000000007,2.223309659E7,"Villa Lugano, Villa Riachuelo, Villa Soldati",8,36,8,150.50144599979868,2021-02,COMUNA,20952.25,"{""type"":""MultiPoint"",""coordinates"":[]}"
31_00000000000000000008,1.650530734E7,"Parque Avellaneda, Mataderos, Liniers",9,27,9,165.40716280063882,2021-02,COMUNA,21411.74,"{""type"":""MultiPoint"",""coordinates"":[]}"
31_00000000000000000009,1.265655814E7,"Floresta, Monte Castro, Velez Sarsfield, Versalles, Villa Luro, Villa Real",10,25,10,159.75032284086527,2021-02,COMUNA,18332.04,"{""type"":""MultiPoint"",""coordinates"":[]}"
31_0000000000000000000a,1.412000807E7,"Villa Del Parque, Villa Devoto, Villa Gral. Mitre, Villa Santa Rita",11,26,11,155.95959445761076,2021-02,COMUNA,19987.7,"{""type"":""MultiPoint"",""coordinates"":[]}"
31_0000000000000000000b,1.557092811E7,"Villa Urquiza, Villa Pueyrredon, Saavedra, Coghlan",12,28,12,142.96769066984913,2021-02,COMUNA,17232.19,"{""type"":""MultiPoint"",""coordinates"":[]}"
31_0000000000000000000c,1.48461025E7,"Belgrano, Nuñez, Colegiales",13,27,13,120.63628269522566,2021-02,COMUNA,26155.33,"{""type"":""MultiPoint"",""coordinates"":[]}"
31_0000000000000000000d,1.592256351E7,Palermo,14,26,14,142.08523704090672,2021-02,COMUNA,22834.18,"{""type"":""MultiPoint"",""coordinates"":[]}"
31_0000000000000000000e,1.432289813E7,"Villa Ortuzar, Agronomia, Paternal, Parque Chas, Chacarita, Villa Crespo",15,24,15,149.38326385775366,2021-02,COMUNA,17832.59,"{""type"":""MultiPoint"",""coordinates"":[]}"
32_00000000000000000000,1.780103628E7,"Constitucion, San Telmo, Monserrat, Retiro, Puerto Madero, San Nicolas",1,35,1,123.02081633951356,2021-03,COMUNA,36351.19,"{""type"":""MultiPoint"",""coordinates"":[]}"
32_00000000000000000001,6433391.77,Recoleta,2,15,2,118.37498685614729,2021-03,COMUNA,25965.02,"{""type"":""MultiPoint"",""coordinates"":[]}"
32_00000000000000000002,6385992.08,"San Cristobal, Balvanera",3,11,3,150.6727698461478,2021-03,COMUNA,10486.26,"{""type"":""MultiPoint"",""coordinates"":[]}"
32_00000000000000000003,2.169064689E7,"Barracas, La Boca, Parque Patricios, Nueva Pompeya",4,38,4,139.20951980074497,2021-03,COMUNA,35481.84,"{""type"":""MultiPoint"",""coordinates"":[]}"
32_00000000000000000004,6660603.77,"Almagro, Boedo",5,11,5,153.23090441715738,2021-03,COMUNA,12323.43,"{""type"":""MultiPoint"",""coordinates"":[]}"
32_00000000000000000005,6851029.56,Caballito,6,13,6,173.9299981384817,2021-03,COMUNA,10990.96,"{""type"":""MultiPoint"",""coordinates"":[]}"
32_00000000000000000006,1.2422902E7,"Flores, Parque Chacabuco",7,24,7,183.70129042312243,2021-03,COMUNA,17972.26,"{""type"":""MultiPoint"",""coordinates"":[]}"
32_00000000000000000007,2.223309659E7,"Villa Lugano, Villa Riachuelo, Villa Soldati",8,36,8,168.34375365880587,2021-03,COMUNA,20952.25,"{""type"":""MultiPoint"",""coordinates"":[]}"
32_00000000000000000008,1.650530734E7,"Parque Avellaneda, Mataderos, Liniers",9,27,9,196.16828462123212,2021-03,COMUNA,21411.74,"{""type"":""MultiPoint"",""coordinates"":[]}"
32_00000000000000000009,1.265655814E7,"Floresta, Monte Castro, Velez Sarsfield, Versalles, Villa Luro, Villa Real",10,25,10,201.81396176489835,2021-03,COMUNA,18332.04,"{""type"":""MultiPoint"",""coordinates"":[]}"
32_0000000000000000000a,1.412000807E7,"Villa Del Parque, Villa Devoto, Villa Gral. Mitre, Villa Santa Rita",11,26,11,188.6236669070569,2021-03,COMUNA,19987.7,"{""type"":""MultiPoint"",""coordinates"":[]}"
32_0000000000000000000b,1.557092811E7,"Villa Urquiza, Villa Pueyrredon, Saavedra, Coghlan",12,28,12,158.6112065958123,2021-03,COMUNA,17232.19,"{""type"":""MultiPoint"",""coordinates"":[]}"
32_0000000000000000000c,1.48461025E7,"Belgrano, Nuñez, Colegiales",13,27,13,131.72399242747747,2021-03,COMUNA,26155.33,"{""type"":""MultiPoint"",""coordinates"":[]}"
32_0000000000000000000d,1.592256351E7,Palermo,14,26,14,124.38829772206014,2021-03,COMUNA,22834.18,"{""type"":""MultiPoint"",""coordinates"":[]}"
32_0000000000000000000e,1.432289813E7,"Villa Ortuzar, Agronomia, Paternal, Parque Chas, Chacarita, Villa Crespo",15,24,15,167.0968972545331,2021-03,COMUNA,17832.59,"{""type"":""MultiPoint"",""coordinates"":[]}"
33_00000000000000000000,1.780103628E7,"Constitucion, San Telmo, Monserrat, Retiro, Puerto Madero, San Nicolas",1,35,1,94.18085612219954,2021-04,COMUNA,36351.19,"{""type"":""MultiPoint"",""coordinates"":[]}"
33_00000000000000000001,6433391.77,Recoleta,2,15,2,89.88634277585312,2021-04,COMUNA,25965.02,"{""type"":""MultiPoint"",""coordinates"":[]}"
33_00000000000000000002,6385992.08,"San Cristobal, Balvanera",3,11,3,126.49429390066793,2021-04,COMUNA,10486.26,"{""type"":""MultiPoint"",""coordinates"":[]}"
33_00000000000000000003,2.169064689E7,"Barracas, La Boca, Parque Patricios, Nueva Pompeya",4,38,4,133.90795607165884,2021-04,COMUNA,35481.84,"{""type"":""MultiPoint"",""coordinates"":[]}"
33_00000000000000000004,6660603.77,"Almagro, Boedo",5,11,5,136.87994270997484,2021-04,COMUNA,12323.43,"{""type"":""MultiPoint"",""coordinates"":[]}"
33_00000000000000000005,6851029.56,Caballito,6,13,6,132.8182831757212,2021-04,COMUNA,10990.96,"{""type"":""MultiPoint"",""coordinates"":[]}"
33_00000000000000000006,1.2422902E7,"Flores, Parque Chacabuco",7,24,7,150.90575663235165,2021-04,COMUNA,17972.26,"{""type"":""MultiPoint"",""coordinates"":[]}"
33_00000000000000000007,2.223309659E7,"Villa Lugano, Villa Riachuelo, Villa Soldati",8,36,8,150.12784047620542,2021-04,COMUNA,20952.25,"{""type"":""MultiPoint"",""coordinates"":[]}"
33_00000000000000000008,1.650530734E7,"Parque Avellaneda, Mataderos, Liniers",9,27,9,153.29494201002737,2021-04,COMUNA,21411.74,"{""type"":""MultiPoint"",""coordinates"":[]}"
33_00000000000000000009,1.265655814E7,"Floresta, Monte Castro, Velez Sarsfield, Versalles, Villa Luro, Villa Real",10,25,10,132.605847736595,2021-04,COMUNA,18332.04,"{""type"":""MultiPoint"",""coordinates"":[]}"
33_0000000000000000000a,1.412000807E7,"Villa Del Parque, Villa Devoto, Villa Gral. Mitre, Villa Santa Rita",11,26,11,118.54489585671384,2021-04,COMUNA,19987.7,"{""type"":""MultiPoint"",""coordinates"":[]}"
33_0000000000000000000b,1.557092811E7,"Villa Urquiza, Villa Pueyrredon, Saavedra, Coghlan",12,28,12,91.32744577597275,2021-04,COMUNA,17232.19,"{""type"":""MultiPoint"",""coordinates"":[]}"
33_0000000000000000000c,1.48461025E7,"Belgrano, Nuñez, Colegiales",13,27,13,79.17339066768102,2021-04,COMUNA,26155.33,"{""type"":""MultiPoint"",""coordinates"":[]}"
33_0000000000000000000d,1.592256351E7,Palermo,14,26,14,92.32809212824708,2021-04,COMUNA,22834.18,"{""type"":""MultiPoint"",""coordinates"":[]}"
33_0000000000000000000e,1.432289813E7,"Villa Ortuzar, Agronomia, Paternal, Parque Chas, Chacarita, Villa Crespo",15,24,15,112.58762986953978,2021-04,COMUNA,17832.59,"{""type"":""MultiPoint"",""coordinates"":[]}"
34_00000000000000000000,1.780103628E7,"Constitucion, San Telmo, Monserrat, Retiro, Puerto Madero, San Nicolas",1,35,1,153.81209442444757,2021-05,COMUNA,36351.19,"{""type"":""MultiPoint"",""coordinates"":[]}"
34_00000000000000000001,6433391.77,Recoleta,2,15,2,147.76973101410243,2021-05,COMUNA,25965.02,"{""type"":""MultiPoint"",""coordinates"":[]}"
34_00000000000000000002,6385992.08,"San Cristobal, Balvanera",3,11,3,181.60853400218716,2021-05,COMUNA,10486.26,"{""type"":""MultiPoint"",""coordinates"":[]}"
34_00000000000000000003,2.169064689E7,"Barracas, La Boca, Parque Patricios, Nueva Pompeya",4,38,4,183.78736577785492,2021-05,COMUNA,35481.84,"{""type"":""MultiPoint"",""coordinates"":[]}"
34_00000000000000000004,6660603.77,"Almagro, Boedo",5,11,5,184.97057288815444,2021-05,COMUNA,12323.43,"{""type"":""MultiPoint"",""coordinates"":[]}"
34_00000000000000000005,6851029.56,Caballito,6,13,6,182.73122122917374,2021-05,COMUNA,10990.96,"{""type"":""MultiPoint"",""coordinates"":[]}"
34_00000000000000000006,1.2422902E7,"Flores, Parque Chacabuco",7,24,7,188.65925784326325,2021-05,COMUNA,17972.26,"{""type"":""MultiPoint"",""coordinates"":[]}"
34_00000000000000000007,2.223309659E7,"Villa Lugano, Villa Riachuelo, Villa Soldati",8,36,8,191.1804395498143,2021-05,COMUNA,20952.25,"{""type"":""MultiPoint"",""coordinates"":[]}"
34_00000000000000000008,1.650530734E7,"Parque Avellaneda, Mataderos, Liniers",9,27,9,192.83147890469243,2021-05,COMUNA,21411.74,"{""type"":""MultiPoint"",""coordinates"":[]}"
34_00000000000000000009,1.265655814E7,"Floresta, Monte Castro, Velez Sarsfield, Versalles, Villa Luro, Villa Real",10,25,10,190.17936544664425,2021-05,COMUNA,18332.04,"{""type"":""MultiPoint"",""coordinates"":[]}"
34_0000000000000000000a,1.412000807E7,"Villa Del Parque, Villa Devoto, Villa Gral. Mitre, Villa Santa Rita",11,26,11,176.09822715698002,2021-05,COMUNA,19987.7,"{""type"":""MultiPoint"",""coordinates"":[]}"
34_0000000000000000000b,1.557092811E7,"Villa Urquiza, Villa Pueyrredon, Saavedra, Coghlan",12,28,12,152.94769063042284,2021-05,COMUNA,17232.19,"{""type"":""MultiPoint"",""coordinates"":[]}"
34_0000000000000000000c,1.48461025E7,"Belgrano, Nuñez, Colegiales",13,27,13,137.1867025671847,2021-05,COMUNA,26155.33,"{""type"":""MultiPoint"",""coordinates"":[]}"
34_0000000000000000000d,1.592256351E7,Palermo,14,26,14,154.08581356796412,2021-05,COMUNA,22834.18,"{""type"":""MultiPoint"",""coordinates"":[]}"
34_0000000000000000000e,1.432289813E7,"Villa Ortuzar, Agronomia, Paternal, Parque Chas, Chacarita, Villa Crespo",15,24,15,165.3514206898775,2021-05,COMUNA,17832.59,"{""type"":""MultiPoint"",""coordinates"":[]}"
35_00000000000000000000,1.780103628E7,"Constitucion, San Telmo, Monserrat, Retiro, Puerto Madero, San Nicolas",1,35,1,120.56087360480485,2021-06,COMUNA,36351.19,"{""type"":""MultiPoint"",""coordinates"":[]}"
35_00000000000000000001,6433391.77,Recoleta,2,15,2,118.31563336113916,2021-06,COMUNA,25965.02,"{""type"":""MultiPoint"",""coordinates"":[]}"
35_00000000000000000002,6385992.08,"San Cristobal, Balvanera",3,11,3,146.48082479598045,2021-06,COMUNA,10486.26,"{""type"":""MultiPoint"",""coordinates"":[]}"
35_00000000000000000003,2.169064689E7,"Barracas, La Boca, Parque Patricios, Nueva Pompeya",4,38,4,147.77608375277973,2021-06,COMUNA,35481.84,"{""type"":""MultiPoint"",""coordinates"":[]}"
35_00000000000000000004,6660603.77,"Almagro, Boedo",5,11,5,147.5216435250394,2021-06,COMUNA,12323.43,"{""type"":""MultiPoint"",""coordinates"":[]}"
35_00000000000000000005,6851029.56,Caballito,6,13,6,140.54858249042826,2021-06,COMUNA,10990.96,"{""type"":""MultiPoint"",""coordinates"":[]}"
35_00000000000000000006,1.2422902E7,"Flores, Parque Chacabuco",7,24,7,151.60140369356805,2021-06,COMUNA,17972.26,"{""type"":""MultiPoint"",""coordinates"":[]}"
35_00000000000000000007,2.223309659E7,"Villa Lugano, Villa Riachuelo, Villa Soldati",8,36,8,164.17084326744774,2021-06,COMUNA,20952.25,"{""type"":""MultiPoint"",""coordinates"":[]}"
35_00000000000000000008,1.650530734E7,"Parque Avellaneda, Mataderos, Liniers",9,27,9,180.01663553162723,2021-06,COMUNA,21411.74,"{""type"":""MultiPoint"",""coordinates"":[]}"
35_00000000000000000009,1.265655814E7,"Floresta, Monte Castro, Velez Sarsfield, Versalles, Villa Luro, Villa Real",10,25,10,168.47035010295298,2021-06,COMUNA,18332.04,"{""type"":""MultiPoint"",""coordinates"":[]}"
35_0000000000000000000a,1.412000807E7,"Villa Del Parque, Villa Devoto, Villa Gral. Mitre, Villa Santa Rita",11,26,11,147.57434142906266,2021-06,COMUNA,19987.7,"{""type"":""MultiPoint"",""coordinates"":[]}"
35_0000000000000000000b,1.557092811E7,"Villa Urquiza, Villa Pueyrredon, Saavedra, Coghlan",12,28,12,119.99281239457989,2021-06,COMUNA,17232.19,"{""type"":""MultiPoint"",""coordinates"":[]}"
35_0000000000000000000c,1.48461025E7,"Belgrano, Nuñez, Colegiales",13,27,13,103.65747525136801,2021-06,COMUNA,26155.33,"{""type"":""MultiPoint"",""coordinates"":[]}"
35_0000000000000000000d,1.592256351E7,Palermo,14,26,14,113.98163706786212,2021-06,COMUNA,22834.18,"{""type"":""MultiPoint"",""coordinates"":[]}"
35_0000000000000000000e,1.432289813E7,"Villa Ortuzar, Agronomia, Paternal, Parque Chas, Chacarita, Villa Crespo",15,24,15,124.52350769948103,2021-06,COMUNA,17832.59,"{""type"":""MultiPoint"",""coordinates"":[]}"
36_00000000000000000000,1.780103628E7,"Constitucion, San Telmo, Monserrat, Retiro, Puerto Madero, San Nicolas",1,35,1,183.73811811907166,2021-07,COMUNA,36351.19,"{""type"":""MultiPoint"",""coordinates"":[]}"
36_00000000000000000001,6433391.77,Recoleta,2,15,2,175.61346013172275,2021-07,COMUNA,25965.02,"{""type"":""MultiPoint"",""coordinates"":[]}"
36_00000000000000000002,6385992.08,"San Cristobal, Balvanera",3,11,3,207.25808159508563,2021-07,COMUNA,10486.26,"{""type"":""MultiPoint"",""coordinates"":[]}"
36_00000000000000000003,2.169064689E7,"Barracas, La Boca, Parque Patricios, Nueva Pompeya",4,38,4,211.24385517094981,2021-07,COMUNA,35481.84,"{""type"":""MultiPoint"",""coordinates"":[]}"
36_00000000000000000004,6660603.77,"Almagro, Boedo",5,11,5,208.03518597485575,2021-07,COMUNA,12323.43,"{""type"":""MultiPoint"",""coordinates"":[]}"
36_00000000000000000005,6851029.56,Caballito,6,13,6,209.65271747364662,2021-07,COMUNA,10990.96,"{""type"":""MultiPoint"",""coordinates"":[]}"
36_00000000000000000006,1.2422902E7,"Flores, Parque Chacabuco",7,24,7,215.93218070500086,2021-07,COMUNA,17972.26,"{""type"":""MultiPoint"",""coordinates"":[]}"
36_00000000000000000007,2.223309659E7,"Villa Lugano, Villa Riachuelo, Villa Soldati",8,36,8,211.0757968369295,2021-07,COMUNA,20952.25,"{""type"":""MultiPoint"",""coordinates"":[]}"
36_00000000000000000008,1.650530734E7,"Parque Avellaneda, Mataderos, Liniers",9,27,9,185.9753668385278,2021-07,COMUNA,21411.74,"{""type"":""MultiPoint"",""coordinates"":[]}"
36_00000000000000000009,1.265655814E7,"Floresta, Monte Castro, Velez Sarsfield, Versalles, Villa Luro, Villa Real",10,25,10,176.04886249290018,2021-07,COMUNA,18332.04,"{""type"":""MultiPoint"",""coordinates"":[]}"
36_0000000000000000000a,1.412000807E7,"Villa Del Parque, Villa Devoto, Villa Gral. Mitre, Villa Santa Rita",11,26,11,171.5823545024339,2021-07,COMUNA,19987.7,"{""type"":""MultiPoint"",""coordinates"":[]}"
36_0000000000000000000b,1.557092811E7,"Villa Urquiza, Villa Pueyrredon, Saavedra, Coghlan",12,28,12,155.67910452770798,2021-07,COMUNA,17232.19,"{""type"":""MultiPoint"",""coordinates"":[]}"
36_0000000000000000000c,1.48461025E7,"Belgrano, Nuñez, Colegiales",13,27,13,142.67377609866523,2021-07,COMUNA,26155.33,"{""type"":""MultiPoint"",""coordinates"":[]}"
36_0000000000000000000d,1.592256351E7,Palermo,14,26,14,164.29104522456115,2021-07,COMUNA,22834.18,"{""type"":""MultiPoint"",""coordinates"":[]}"
36_0000000000000000000e,1.432289813E7,"Villa Ortuzar, Agronomia, Paternal, Parque Chas, Chacarita, Villa Crespo",15,24,15,184.363901169395,2021-07,COMUNA,17832.59,"{""type"":""MultiPoint"",""coordinates"":[]}"
37_00000000000000000000,1.780103628E7,"Constitucion, San Telmo, Monserrat, Retiro, Puerto Madero, San Nicolas",1,35,1,131.4822371358039,2021-08,COMUNA,36351.19,"{""type"":""MultiPoint"",""coordinates"":[]}"
37_00000000000000000001,6433391.77,Recoleta,2,15,2,140.11569700113037,2021-08,COMUNA,25965.02,"{""type"":""MultiPoint"",""coordinates"":[]}"
37_00000000000000000002,6385992.08,"San Cristobal, Balvanera",3,11,3,170.80435991756215,2021-08,COMUNA,10486.26,"{""type"":""MultiPoint"",""coordinates"":[]}"
37_00000000000000000003,2.169064689E7,"Barracas, La Boca, Parque Patricios, Nueva Pompeya",4,38,4,158.65195678091052,2021-08,COMUNA,35481.84,"{""type"":""MultiPoint"",""coordinates"":[]}"
37_00000000000000000004,6660603.77,"Almagro, Boedo",5,11,5,172.5606275497232,2021-08,COMUNA,12323.43,"{""type"":""MultiPoint"",""coordinates"":[]}"
37_00000000000000000005,6851029.56,Caballito,6,13,6,186.28463734407617,2021-08,COMUNA,10990.96,"{""type"":""MultiPoint"",""coordinates"":[]}"
37_00000000000000000006,1.2422902E7,"Flores, Parque Chacabuco",7,24,7,190.0202657543642,2021-08,COMUNA,17972.26,"{""type"":""MultiPoint"",""coordinates"":[]}"
37_00000000000000000007,2.223309659E7,"Villa Lugano, Villa Riachuelo, Villa Soldati",8,36,8,202.19083768155724,2021-08,COMUNA,20952.25,"{""type"":""MultiPoint"",""coordinates"":[]}"
37_00000000000000000008,1.650530734E7,"Parque Avellaneda, Mataderos, Liniers",9,27,9,212.19702615240442,2021-08,COMUNA,21411.74,"{""type"":""MultiPoint"",""coordinates"":[]}"
37_00000000000000000009,1.265655814E7,"Floresta, Monte Castro, Velez Sarsfield, Versalles, Villa Luro, Villa Real",10,25,10,204.55757409948146,2021-08,COMUNA,18332.04,"{""type"":""MultiPoint"",""coordinates"":[]}"
37_0000000000000000000a,1.412000807E7,"Villa Del Parque, Villa Devoto, Villa Gral. Mitre, Villa Santa Rita",11,26,11,190.42133731810674,2021-08,COMUNA,19987.7,"{""type"":""MultiPoint"",""coordinates"":[]}"
37_0000000000000000000b,1.557092811E7,"Villa Urquiza, Villa Pueyrredon, Saavedra, Coghlan",12,28,12,156.08353450607765,2021-08,COMUNA,17232.19,"{""type"":""MultiPoint"",""coordinates"":[]}"
37_0000000000000000000c,1.48461025E7,"Belgrano, Nuñez, Colegiales",13,27,13,132.46763166923196,2021-08,COMUNA,26155.33,"{""type"":""MultiPoint"",""coordinates"":[]}"
37_0000000000000000000d,1.592256351E7,Palermo,14,26,14,143.1122784721301,2021-08,COMUNA,22834.18,"{""type"":""MultiPoint"",""coordinates"":[]}"
37_0000000000000000000e,1.432289813E7,"Villa Ortuzar, Agronomia, Paternal, Parque Chas, Chacarita, Villa Crespo",15,24,15,170.74091897599308,2021-08,COMUNA,17832.59,"{""type"":""MultiPoint"",""coordinates"":[]}"
38_00000000000000000000,1.780103628E7,"Constitucion, San Telmo, Monserrat, Retiro, Puerto Madero, San Nicolas",1,35,1,95.51276553297187,2021-09,COMUNA,36351.19,"{""type"":""MultiPoint"",""coordinates"":[]}"
38_00000000000000000001,6433391.77,Recoleta,2,15,2,94.85226822260549,2021-09,COMUNA,25965.02,"{""type"":""MultiPoint"",""coordinates"":[]}"
38_00000000000000000002,6385992.08,"San Cristobal, Balvanera",3,11,3,121.2478295019702,2021-09,COMUNA,10486.26,"{""type"":""MultiPoint"",""coordinates"":[]}"
38_00000000000000000003,2.169064689E7,"Barracas, La Boca, Parque Patricios, Nueva Pompeya",4,38,4,131.13406698353364,2021-09,COMUNA,35481.84,"{""type"":""MultiPoint"",""coordinates"":[]}"
38_00000000000000000004,6660603.77,"Almagro, Boedo",5,11,5,130.61512400226434,2021-09,COMUNA,12323.43,"{""type"":""MultiPoint"",""coordinates"":[]}"
38_00000000000000000005,6851029.56,Caballito,6,13,6,140.97627811405772,2021-09,COMUNA,10990.96,"{""type"":""MultiPoint"",""coordinates"":[]}"
38_00000000000000000006,1.2422902E7,"Flores, Parque Chacabuco",7,24,7,160.01081804486125,2021-09,COMUNA,17972.26,"{""type"":""MultiPoint"",""coordinates"":[]}"
38_00000000000000000007,2.223309659E7,"Villa Lugano, Villa Riachuelo, Villa Soldati",8,36,8,165.920840551311,2021-09,COMUNA,20952.25,"{""type"":""MultiPoint"",""coordinates"":[]}"
38_00000000000000000008,1.650530734E7,"Parque Avellaneda, Mataderos, Liniers",9,27,9,178.29636642053362,2021-09,COMUNA,21411.74,"{""type"":""MultiPoint"",""coordinates"":[]}"
38_00000000000000000009,1.265655814E7,"Floresta, Monte Castro, Velez Sarsfield, Versalles, Villa Luro, Villa Real",10,25,10,175.1075397574126,2021-09,COMUNA,18332.04,"{""type"":""MultiPoint"",""coordinates"":[]}"
38_0000000000000000000a,1.412000807E7,"Villa Del Parque, Villa Devoto, Villa Gral. Mitre, Villa Santa Rita",11,26,11,159.85981457853484,2021-09,COMUNA,19987.7,"{""type"":""MultiPoint"",""coordinates"":[]}"
38_0000000000000000000b,1.557092811E7,"Villa Urquiza, Villa Pueyrredon, Saavedra, Coghlan",12,28,12,120.04784176103347,2021-09,COMUNA,17232.19,"{""type"":""MultiPoint"",""coordinates"":[]}"
38_0000000000000000000c,1.48461025E7,"Belgrano, Nuñez, Colegiales",13,27,13,82.02142616381866,2021-09,COMUNA,26155.33,"{""type"":""MultiPoint"",""coordinates"":[]}"
38_0000000000000000000d,1.592256351E7,Palermo,14,26,14,91.20323305694018,2021-09,COMUNA,22834.18,"{""type"":""MultiPoint"",""coordinates"":[]}"
38_0000000000000000000e,1.432289813E7,"Villa Ortuzar, Agronomia, Paternal, Parque Chas, Chacarita, Villa Crespo",15,24,15,128.99568689064373,2021-09,COMUNA,17832.59,"{""type"":""MultiPoint"",""coordinates"":[]}"
39_00000000000000000000,1.780103628E7,"Constitucion, San Telmo, Monserrat, Retiro, Puerto Madero, San Nicolas",1,35,1,135.8579968076412,2021-10,COMUNA,36351.19,"{""type"":""MultiPoint"",""coordinates"":[]}"
39_00000000000000000001,6433391.77,Recoleta,2,15,2,137.42781290698903,2021-10,COMUNA,25965.02,"{""type"":""MultiPoint"",""coordinates"":[]}"
39_00000000000000000002,6385992.08,"San Cristobal, Balvanera",3,11,3,150.69880165914154,2021-10,COMUNA,10486.26,"{""type"":""MultiPoint"",""coordinates"":[]}"
39_00000000000000000003,2.169064689E7,"Barracas, La Boca, Parque Patricios, Nueva Pompeya",4,38,4,157.86764732164005,2021-10,COMUNA,35481.84,"{""type"":""MultiPoint"",""coordinates"":[]}"
39_00000000000000000004,6660603.77,"Almagro, Boedo",5,11,5,152.6186771882957,2021-10,COMUNA,12323.43,"{""type"":""MultiPoint"",""coordinates"":[]}"
39_00000000000000000005,6851029.56,Caballito,6,13,6,160.10455569004696,2021-10,COMUNA,10990.96,"{""type"":""MultiPoint"",""coordinates"":[]}"
39_00000000000000000006,1.2422902E7,"Flores, Parque Chacabuco",7,24,7,171.54190239251295,2021-10,COMUNA,17972.26,"{""type"":""MultiPoint"",""coordinates"":[]}"
39_00000000000000000007,2.223309659E7,"Villa Lugano, Villa Riachuelo, Villa Soldati",8,36,8,163.67794191079057,2021-10,COMUNA,20952.25,"{""type"":""MultiPoint"",""coordinates"":[]}"
39_00000000000000000008,1.650530734E7,"Parque Avellaneda, Mataderos, Liniers",9,27,9,177.51105569693306,2021-10,COMUNA,21411.74,"{""type"":""MultiPoint"",""coordinates"":[]}"
39_00000000000000000009,1.265655814E7,"Floresta, Monte Castro, Velez Sarsfield, Versalles, Villa Luro, Villa Real",10,25,10,171.82131020126812,2021-10,COMUNA,18332.04,"{""type"":""MultiPoint"",""coordinates"":[]}"
39_0000000000000000000a,1.412000807E7,"Villa Del Parque, Villa Devoto, Villa Gral. Mitre, Villa Santa Rita",11,26,11,158.88544163922583,2021-10,COMUNA,19987.7,"{""type"":""MultiPoint"",""coordinates"":[]}"
39_0000000000000000000b,1.557092811E7,"Villa Urquiza, Villa Pueyrredon, Saavedra, Coghlan",12,28,12,144.3467979720906,2021-10,COMUNA,17232.19,"{""type"":""MultiPoint"",""coordinates"":[]}"
39_0000000000000000000c,1.48461025E7,"Belgrano, Nuñez, Colegiales",13,27,13,125.55345458970102,2021-10,COMUNA,26155.33,"{""type"":""MultiPoint"",""coordinates"":[]}"
39_0000000000000000000d,1.592256351E7,Palermo,14,26,14,135.29919119749263,2021-10,COMUNA,22834.18,"{""type"":""MultiPoint"",""coordinates"":[]}"
39_0000000000000000000e,1.432289813E7,"Villa Ortuzar, Agronomia, Paternal, Parque Chas, Chacarita, Villa Crespo",15,24,15,150.4389217144498,2021-10,COMUNA,17832.59,"{""type"":""MultiPoint"",""coordinates"":[]}"
40_00000000000000000000,1.780103628E7,"Constitucion, San Telmo, Monserrat, Retiro, Puerto Madero, San Nicolas",1,35,1,80.55812367221597,2021-11,COMUNA,36351.19,"{""type"":""MultiPoint"",""coordinates"":[]}"
40_00000000000000000001,6433391.77,Recoleta,2,15,2,83.72493431990249,2021-11,COMUNA,25965.02,"{""type"":""MultiPoint"",""coordinates"":[]}"
40_00000000000000000002,6385992.08,"San Cristobal, Balvanera",3,11,3,94.82835829574134,2021-11,COMUNA,10486.26,"{""type"":""MultiPoint"",""coordinates"":[]}"
40_00000000000000000003,2.169064689E7,"Barracas, La Boca, Parque Patricios, Nueva Pompeya",4,38,4,90.59925977682016,2021-11,COMUNA,35481.84,"{""type"":""MultiPoint"",""coordinates"":[]}"
40_00000000000000000004,6660603.77,"Almagro, Boedo",5,11,5,99.04257529559413,2021-11,COMUNA,12323.43,"{""type"":""MultiPoint"",""coordinates"":[]}"
40_00000000000000000005,6851029.56,Caballito,6,13,6,104.06892373994698,2021-11,COMUNA,10990.96,"{""type"":""MultiPoint"",""coordinates"":[]}"
40_00000000000000000006,1.2422902E7,"Flores, Parque Chacabuco",7,24,7,104.74166432880799,2021-11,COMUNA,17972.26,"{""type"":""MultiPoint"",""coordinates"":[]}"
40_00000000000000000007,2.223309659E7,"Villa Lugano, Villa Riachuelo, Villa Soldati",8,36,8,95.86765633410273,2021-11,COMUNA,20952.25,"{""type"":""MultiPoint"",""coordinates"":[]}"
40_00000000000000000008,1.650530734E7,"Parque Avellaneda, Mataderos, Liniers",9,27,9,111.72118894519734,2021-11,COMUNA,21411.74,"{""type"":""MultiPoint"",""coordinates"":[]}"
40_00000000000000000009,1.265655814E7,"Floresta, Monte Castro, Velez Sarsfield, Versalles, Villa Luro, Villa Real",10,25,10,115.65637529275757,2021-11,COMUNA,18332.04,"{""type"":""MultiPoint"",""coordinates"":[]}"
40_0000000000000000000a,1.412000807E7,"Villa Del Parque, Villa Devoto, Villa Gral. Mitre, Villa Santa Rita",11,26,11,116.9082712712104,2021-11,COMUNA,19987.7,"{""type"":""MultiPoint"",""coordinates"":[]}"
40_0000000000000000000b,1.557092811E7,"Villa Urquiza, Villa Pueyrredon, Saavedra, Coghlan",12,28,12,104.59699851040084,2021-11,COMUNA,17232.19,"{""type"":""MultiPoint"",""coordinates"":[]}"
40_0000000000000000000c,1.48461025E7,"Belgrano, Nuñez, Colegiales",13,27,13,86.08636914536814,2021-11,COMUNA,26155.33,"{""type"":""MultiPoint"",""coordinates"":[]}"
40_0000000000000000000d,1.592256351E7,Palermo,14,26,14,87.40911927555042,2021-11,COMUNA,22834.18,"{""type"":""MultiPoint"",""coordinates"":[]}"
40_0000000000000000000e,1.432289813E7,"Villa Ortuzar, Agronomia, Paternal, Parque Chas, Chacarita, Villa Crespo",15,24,15,106.99768404895548,2021-11,COMUNA,17832.59,"{""type"":""MultiPoint"",""coordinates"":[]}"
41_00000000000000000000,1.780103628E7,"Constitucion, San Telmo, Monserrat, Retiro, Puerto Madero, San Nicolas",1,35,1,74.4290773552366,2021-12,COMUNA,36351.19,"{""type"":""MultiPoint"",""coordinates"":[]}"
41_00000000000000000001,6433391.77,Recoleta,2,15,2,76.56371789719475,2021-12,COMUNA,25965.02,"{""type"":""MultiPoint"",""coordinates"":[]}"
41_00000000000000000002,6385992.08,"San Cristobal, Balvanera",3,11,3,93.49432100826452,2021-12,COMUNA,10486.26,"{""type"":""MultiPoint"",""coordinates"":[]}"
41_00000000000000000003,2.169064689E7,"Barracas, La Boca, Parque Patricios, Nueva Pompeya",4,38,4,86.12136673473502,2021-12,COMUNA,35481.84,"{""type"":""MultiPoint"",""coordinates"":[]}"
41_00000000000000000004,6660603.77,"Almagro, Boedo",5,11,5,94.00496238798584,2021-12,COMUNA,12323.43,"{""type"":""MultiPoint"",""coordinates"":[]}"
41_00000000000000000005,6851029.56,Caballito,6,13,6,99.14121303208064,2021-12,COMUNA,10990.96,"{""type"":""MultiPoint"",""coordinates"":[]}"
41_00000000000000000006,1.2422902E7,"Flores, Parque Chacabuco",7,24,7,106.72346947109449,2021-12,COMUNA,17972.26,"{""type"":""MultiPoint"",""coordinates"":[]}"
41_00000000000000000007,2.223309659E7,"Villa Lugano, Villa Riachuelo, Villa Soldati",8,36,8,106.38027573171676,2021-12,COMUNA,20952.25,"{""type"":""MultiPoint"",""coordinates"":[]}"
41_00000000000000000008,1.650530734E7,"Parque Avellaneda, Mataderos, Liniers",9,27,9,124.39946853075895,2021-12,COMUNA,21411.74,"{""type"":""MultiPoint"",""coordinates"":[]}"
41_00000000000000000009,1.265655814E7,"Floresta, Monte Castro, Velez Sarsfield, Versalles, Villa Luro, Villa Real",10,25,10,116.6097815624214,2021-12,COMUNA,18332.04,"{""type"":""MultiPoint"",""coordinates"":[]}"
41_0000000000000000000a,1.412000807E7,"Villa Del Parque, Villa Devoto, Villa Gral. Mitre, Villa Santa Rita",11,26,11,108.69686691745663,2021-12,COMUNA,19987.7,"{""type"":""MultiPoint"",""coordinates"":[]}"
41_0000000000000000000b,1.557092811E7,"Villa Urquiza, Villa Pueyrredon, Saavedra, Coghlan",12,28,12,88.6611837864141,2021-12,COMUNA,17232.19,"{""type"":""MultiPoint"",""coordinates"":[]}"
41_0000000000000000000c,1.48461025E7,"Belgrano, Nuñez, Colegiales",13,27,13,69.87741470467073,2021-12,COMUNA,26155.33,"{""type"":""MultiPoint"",""coordinates"":[]}"
41_0000000000000000000d,1.592256351E7,Palermo,14,26,14,75.55092624661448,2021-12,COMUNA,22834.18,"{""type"":""MultiPoint"",""coordinates"":[]}"
41_0000000000000000000e,1.432289813E7,"Villa Ortuzar, Agronomia, Paternal, Parque Chas, Chacarita, Villa Crespo",15,24,15,94.69622127614419,2021-12,COMUNA,17832.59,"{""type"":""MultiPoint"",""coordinates"":[]}"
42_00000000000000000000,1.780103628E7,"Constitucion, San Telmo, Monserrat, Retiro, Puerto Madero, San Nicolas",1,35,1,91.3505741333107,2022-01,COMUNA,36351.19,"{""type"":""MultiPoint"",""coordinates"":[]}"
42_00000000000000000001,6433391.77,Recoleta,2,15,2,95.35674872801985,2022-01,COMUNA,25965.02,"{""type"":""MultiPoint"",""coordinates"":[]}"
42_00000000000000000002,6385992.08,"San Cristobal, Balvanera",3,11,3,110.87008650190782,2022-01,COMUNA,10486.26,"{""type"":""MultiPoint"",""coordinates"":[]}"
42_00000000000000000003,2.169064689E7,"Barracas, La Boca, Parque Patricios, Nueva Pompeya",4,38,4,111.7097130763742,2022-01,COMUNA,35481.84,"{""type"":""MultiPoint"",""coordinates"":[]}"
42_00000000000000000004,6660603.77,"Almagro, Boedo",5,11,5,122.57519278607595,2022-01,COMUNA,12323.43,"{""type"":""MultiPoint"",""coordinates"":[]}"
42_00000000000000000005,6851029.56,Caballito,6,13,6,122.94196134367907,2022-01,COMUNA,10990.96,"{""type"":""MultiPoint"",""coordinates"":[]}"
42_00000000000000000006,1.2422902E7,"Flores, Parque Chacabuco",7,24,7,128.82677965531747,2022-01,COMUNA,17972.26,"{""type"":""MultiPoint"",""coordinates"":[]}"
42_00000000000000000007,2.223309659E7,"Villa Lugano, Villa Riachuelo, Villa Soldati",8,36,8,122.53701026880917,2022-01,COMUNA,20952.25,"{""type"":""MultiPoint"",""coordinates"":[]}"
42_00000000000000000008,1.650530734E7,"Parque Avellaneda, Mataderos, Liniers",9,27,9,131.89377110444792,2022-01,COMUNA,21411.74,"{""type"":""MultiPoint"",""coordinates"":[]}"
42_00000000000000000009,1.265655814E7,"Floresta, Monte Castro, Velez Sarsfield, Versalles, Villa Luro, Villa Real",10,25,10,128.79263677925388,2022-01,COMUNA,18332.04,"{""type"":""MultiPoint"",""coordinates"":[]}"
42_0000000000000000000a,1.412000807E7,"Villa Del Parque, Villa Devoto, Villa Gral. Mitre, Villa Santa Rita",11,26,11,122.87833488276233,2022-01,COMUNA,19987.7,"{""type"":""MultiPoint"",""coordinates"":[]}"
42_0000000000000000000b,1.557092811E7,"Villa Urquiza, Villa Pueyrredon, Saavedra, Coghlan",12,28,12,103.88127222691091,2022-01,COMUNA,17232.19,"{""type"":""MultiPoint"",""coordinates"":[]}"
42_0000000000000000000c,1.48461025E7,"Belgrano, Nuñez, Colegiales",13,27,13,87.89186257215997,2022-01,COMUNA,26155.33,"{""type"":""MultiPoint"",""coordinates"":[]}"
42_0000000000000000000d,1.592256351E7,Palermo,14,26,14,97.58229314286845,2022-01,COMUNA,22834.18,"{""type"":""MultiPoint"",""coordinates"":[]}"
42_0000000000000000000e,1.432289813E7,"Villa Ortuzar, Agronomia, Paternal, Parque Chas, Chacarita, Villa Crespo",15,24,15,113.27216932919272,2022-01,COMUNA,17832.59,"{""type"":""MultiPoint"",""coordinates"":[]}"
43_00000000000000000000,1.780103628E7,"Constitucion, San Telmo, Monserrat, Retiro, Puerto Madero, San Nicolas",1,35,1,111.3664838851168,2022-02,COMUNA,36351.19,"{""type"":""MultiPoint"",""coordinates"":[]}"
43_00000000000000000001,6433391.77,Recoleta,2,15,2,112.8038732666291,2022-02,COMUNA,25965.02,"{""type"":""MultiPoint"",""coordinates"":[]}"
43_00000000000000000002,6385992.08,"San Cristobal, Balvanera",3,11,3,140.59360483209713,2022-02,COMUNA,10486.26,"{""type"":""MultiPoint"",""coordinates"":[]}"
43_00000000000000000003,2.169064689E7,"Barracas, La Boca, Parque Patricios, Nueva Pompeya",4,38,4,141.8439749605727,2022-02,COMUNA,35481.84,"{""type"":""MultiPoint"",""coordinates"":[]}"
43_00000000000000000004,6660603.77,"Almagro, Boedo",5,11,5,143.30282295302675,2022-02,COMUNA,12323.43,"{""type"":""MultiPoint"",""coordinates"":[]}"
43_00000000000000000005,6851029.56,Caballito,6,13,6,148.27153188544926,2022-02,COMUNA,10990.96,"{""type"":""MultiPoint"",""coordinates"":[]}"
43_00000000000000000006,1.2422902E7,"Flores, Parque Chacabuco",7,24,7,151.37484403675649,2022-02,COMUNA,17972.26,"{""type"":""MultiPoint"",""coordinates"":[]}"
43_00000000000000000007,2.223309659E7,"Villa Lugano, Villa Riachuelo, Villa Soldati",8,36,8,152.95225554992314,2022-02,COMUNA,20952.25,"{""type"":""MultiPoint"",""coordinates"":[]}"
43_00000000000000000008,1.650530734E7,"Parque Avellaneda, Mataderos, Liniers",9,27,9,164.43159066510788,2022-02,COMUNA,21411.74,"{""type"":""MultiPoint"",""coordinates"":[]}"
43_00000000000000000009,1.265655814E7,"Floresta, Monte Castro, Velez Sarsfield, Versalles, Villa Luro, Villa Real",10,25,10,164.06922983447132,2022-02,COMUNA,18332.04,"{""type"":""MultiPoint"",""coordinates"":[]}"
43_0000000000000000000a,1.412000807E7,"Villa Del Parque, Villa Devoto, Villa Gral. Mitre, Villa Santa Rita",11,26,11,148.25042489449197,2022-02,COMUNA,19987.7,"{""type"":""MultiPoint"",""coordinates"":[]}"
43_0000000000000000000b,1.557092811E7,"Villa Urquiza, Villa Pueyrredon, Saavedra, Coghlan",12,28,12,122.43980779234339,2022-02,COMUNA,17232.19,"{""type"":""MultiPoint"",""coordinates"":[]}"
43_0000000000000000000c,1.48461025E7,"Belgrano, Nuñez, Colegiales",13,27,13,106.70018027952737,2022-02,COMUNA,26155.33,"{""type"":""MultiPoint"",""coordinates"":[]}"
43_0000000000000000000d,1.592256351E7,Palermo,14,26,14,106.33126227223296,2022-02,COMUNA,22834.18,"{""type"":""MultiPoint"",""coordinates"":[]}"
43_0000000000000000000e,1.432289813E7,"Villa Ortuzar, Agronomia, Paternal, Parque Chas, Chacarita, Villa Crespo",15,24,15,130.4970400985088,2022-02,COMUNA,17832.59,"{""type"":""MultiPoint"",""coordinates"":[]}"
44_00000000000000000000,1.780103628E7,"Constitucion, San Telmo, Monserrat, Retiro, Puerto Madero, San Nicolas",1,35,1,108.48440377625913,2022-03,COMUNA,36351.19,"{""type"":""MultiPoint"",""coordinates"":[]}"
44_00000000000000000001,6433391.77,Recoleta,2,15,2,103.39375908619837,2022-03,COMUNA,25965.02,"{""type"":""MultiPoint"",""coordinates"":[]}"
44_00000000000000000002,6385992.08,"San Cristobal, Balvanera",3,11,3,129.9543307873013,2022-03,COMUNA,10486.26,"{""type"":""MultiPoint"",""coordinates"":[]}"
44_00000000000000000003,2.169064689E7,"Barracas, La Boca, Parque Patricios, Nueva Pompeya",4,38,4,117.3297402704591,2022-03,COMUNA,35481.84,"{""type"":""MultiPoint"",""coordinates"":[]}"
44_00000000000000000004,6660603.77,"Almagro, Boedo",5,11,5,126.5655915971262,2022-03,COMUNA,12323.43,"{""type"":""MultiPoint"",""coordinates"":[]}"
44_00000000000000000005,6851029.56,Caballito,6,13,6,120.56567527551216,2022-03,COMUNA,10990.96,"{""type"":""MultiPoint"",""coordinates"":[]}"
44_00000000000000000006,1.2422902E7,"Flores, Parque Chacabuco",7,24,7,120.13246326306393,2022-03,COMUNA,17972.26,"{""type"":""MultiPoint"",""coordinates"":[]}"
44_00000000000000000007,2.223309659E7,"Villa Lugano, Villa Riachuelo, Villa Soldati",8,36,8,114.79088153505033,2022-03,COMUNA,20952.25,"{""type"":""MultiPoint"",""coordinates"":[]}"
44_00000000000000000008,1.650530734E7,"Parque Avellaneda, Mataderos, Liniers",9,27,9,119.15973319415824,2022-03,COMUNA,21411.74,"{""type"":""MultiPoint"",""coordinates"":[]}"
44_00000000000000000009,1.265655814E7,"Floresta, Monte Castro, Velez Sarsfield, Versalles, Villa Luro, Villa Real",10,25,10,119.21748034074689,2022-03,COMUNA,18332.04,"{""type"":""MultiPoint"",""coordinates"":[]}"
44_0000000000000000000a,1.412000807E7,"Villa Del Parque, Villa Devoto, Villa Gral. Mitre, Villa Santa Rita",11,26,11,112.54645232085677,2022-03,COMUNA,19987.7,"{""type"":""MultiPoint"",""coordinates"":[]}"
44_0000000000000000000b,1.557092811E7,"Villa Urquiza, Villa Pueyrredon, Saavedra, Coghlan",12,28,12,94.37024707656305,2022-03,COMUNA,17232.19,"{""type"":""MultiPoint"",""coordinates"":[]}"
44_0000000000000000000c,1.48461025E7,"Belgrano, Nuñez, Colegiales",13,27,13,91.47271527103902,2022-03,COMUNA,26155.33,"{""type"":""MultiPoint"",""coordinates"":[]}"
44_0000000000000000000d,1.592256351E7,Palermo,14,26,14,106.5596938623951,2022-03,COMUNA,22834.18,"{""type"":""MultiPoint"",""coordinates"":[]}"
44_0000000000000000000e,1.432289813E7,"Villa Ortuzar, Agronomia, Paternal, Parque Chas, Chacarita, Villa Crespo",15,24,15,109.36483015952122,2022-03,COMUNA,17832.59,"{""type"":""MultiPoint"",""coordinates"":[]}"
45_00000000000000000000,1.780103628E7,"Constitucion, San Telmo, Monserrat, Retiro, Puerto Madero, San Nicolas",1,35,1,122.43904949539099,2022-04,COMUNA,36351.19,"{""type"":""MultiPoint"",""coordinates"":[]}"
45_00000000000000000001,6433391.77,Recoleta,2,15,2,123.7415827265943,2022-04,COMUNA,25965.02,"{""type"":""MultiPoint"",""coordinates"":[]}"
45_00000000000000000002,6385992.08,"San Cristobal, Balvanera",3,11,3,134.8307144627324,2022-04,COMUNA,10486.26,"{""type"":""MultiPoint"",""coordinates"":[]}"
45_00000000000000000003,2.169064689E7,"Barracas, La Boca, Parque Patricios, Nueva Pompeya",4,38,4,128.71701366307957,2022-04,COMUNA,35481.84,"{""type"":""MultiPoint"",""coordinates"":[]}"
45_00000000000000000004,6660603.77,"Almagro, Boedo",5,11,5,131.44447152911903,2022-04,COMUNA,12323.43,"{""type"":""MultiPoint"",""coordinates"":[]}"
45_00000000000000000005,6851029.56,Caballito,6,13,6,133.89165995924068,2022-04,COMUNA,10990.96,"{""type"":""MultiPoint"",""coordinates"":[]}"
45_00000000000000000006,1.2422902E7,"Flores, Parque Chacabuco",7,24,7,131.91214391728877,2022-04,COMUNA,17972.26,"{""type"":""MultiPoint"",""coordinates"":[]}"
45_00000000000000000007,2.223309659E7,"Villa Lugano, Villa Riachuelo, Villa Soldati",8,36,8,128.19890791274807,2022-04,COMUNA,20952.25,"{""type"":""MultiPoint"",""coordinates"":[]}"
45_00000000000000000008,1.650530734E7,"Parque Avellaneda, Mataderos, Liniers",9,27,9,133.418690357691,2022-04,COMUNA,21411.74,"{""type"":""MultiPoint"",""coordinates"":[]}"
45_00000000000000000009,1.265655814E7,"Floresta, Monte Castro, Velez Sarsfield, Versalles, Villa Luro, Villa Real",10,25,10,125.27120115365159,2022-04,COMUNA,18332.04,"{""type"":""MultiPoint"",""coordinates"":[]}"
45_0000000000000000000a,1.412000807E7,"Villa Del Parque, Villa Devoto, Villa Gral. Mitre, Villa Santa Rita",11,26,11,125.04234790661957,2022-04,COMUNA,19987.7,"{""type"":""MultiPoint"",""coordinates"":[]}"
45_0000000000000000000b,1.557092811E7,"Villa Urquiza, Villa Pueyrredon, Saavedra, Coghlan",12,28,12,118.21251032004561,2022-04,COMUNA,17232.19,"{""type"":""MultiPoint"",""coordinates"":[]}"
45_0000000000000000000c,1.48461025E7,"Belgrano, Nuñez, Colegiales",13,27,13,112.78026453445493,2022-04,COMUNA,26155.33,"{""type"":""MultiPoint"",""coordinates"":[]}"
45_0000000000000000000d,1.592256351E7,Palermo,14,26,14,122.16433162404071,2022-04,COMUNA,22834.18,"{""type"":""MultiPoint"",""coordinates"":[]}"
45_0000000000000000000e,1.432289813E7,"Villa Ortuzar, Agronomia, Paternal, Parque Chas, Chacarita, Villa Crespo",15,24,15,131.9124618668643,2022-04,COMUNA,17832.59,"{""type"":""MultiPoint"",""coordinates"":[]}"
46_00000000000000000000,1.780103628E7,"Constitucion, San Telmo, Monserrat, Retiro, Puerto Madero, San Nicolas",1,35,1,189.09943406532744,2022-05,COMUNA,36351.19,"{""type"":""MultiPoint"",""coordinates"":[]}"
46_00000000000000000001,6433391.77,Recoleta,2,15,2,185.35262129003632,2022-05,COMUNA,25965.02,"{""type"":""MultiPoint"",""coordinates"":[]}"
46_00000000000000000002,6385992.08,"San Cristobal, Balvanera",3,11,3,205.33869924298253,2022-05,COMUNA,10486.26,"{""type"":""MultiPoint"",""coordinates"":[]}"
46_00000000000000000003,2.169064689E7,"Barracas, La Boca, Parque Patricios, Nueva Pompeya",4,38,4,207.05847319376952,2022-05,COMUNA,35481.84,"{""type"":""MultiPoint"",""coordinates"":[]}"
46_00000000000000000004,6660603.77,"Almagro, Boedo",5,11,5,206.64918323964991,2022-05,COMUNA,12323.43,"{""type"":""MultiPoint"",""coordinates"":[]}"
46_00000000000000000005,6851029.56,Caballito,6,13,6,201.28606657502667,2022-05,COMUNA,10990.96,"{""type"":""MultiPoint"",""coordinates"":[]}"
46_00000000000000000006,1.2422902E7,"Flores, Parque Chacabuco",7,24,7,206.57915017770253,2022-05,COMUNA,17972.26,"{""type"":""MultiPoint"",""coordinates"":[]}"
46_00000000000000000007,2.223309659E7,"Villa Lugano, Villa Riachuelo, Villa Soldati",8,36,8,206.79984440790224,2022-05,COMUNA,20952.25,"{""type"":""MultiPoint"",""coordinates"":[]}"
46_00000000000000000008,1.650530734E7,"Parque Avellaneda, Mataderos, Liniers",9,27,9,210.24476503754067,2022-05,COMUNA,21411.74,"{""type"":""MultiPoint"",""coordinates"":[]}"
46_00000000000000000009,1.265655814E7,"Floresta, Monte Castro, Velez Sarsfield, Versalles, Villa Luro, Villa Real",10,25,10,209.77127779605163,2022-05,COMUNA,18332.04,"{""type"":""MultiPoint"",""coordinates"":[]}"
46_0000000000000000000a,1.412000807E7,"Villa Del Parque, Villa Devoto, Villa Gral. Mitre, Villa Santa Rita",11,26,11,204.58107736661668,2022-05,COMUNA,19987.7,"{""type"":""MultiPoint"",""coordinates"":[]}"
46_0000000000000000000b,1.557092811E7,"Villa Urquiza, Villa Pueyrredon, Saavedra, Coghlan",12,28,12,181.13684888782151,2022-05,COMUNA,17232.19,"{""type"":""MultiPoint"",""coordinates"":[]}"
46_0000000000000000000c,1.48461025E7,"Belgrano, Nuñez, Colegiales",13,27,13,162.52939345279847,2022-05,COMUNA,26155.33,"{""type"":""MultiPoint"",""coordinates"":[]}"
46_0000000000000000000d,1.592256351E7,Palermo,14,26,14,178.98507024776362,2022-05,COMUNA,22834.18,"{""type"":""MultiPoint"",""coordinates"":[]}"
46_0000000000000000000e,1.432289813E7,"Villa Ortuzar, Agronomia, Paternal, Parque Chas, Chacarita, Villa Crespo",15,24,15,192.9221482618686,2022-05,COMUNA,17832.59,"{""type"":""MultiPoint"",""coordinates"":[]}"
47_00000000000000000000,1.780103628E7,"Constitucion, San Telmo, Monserrat, Retiro, Puerto Madero, San Nicolas",1,35,1,262.29015871380585,2022-06,COMUNA,36351.19,"{""type"":""MultiPoint"",""coordinates"":[]}"
47_00000000000000000001,6433391.77,Recoleta,2,15,2,259.56647148536035,2022-06,COMUNA,25965.02,"{""type"":""MultiPoint"",""coordinates"":[]}"
47_00000000000000000002,6385992.08,"San Cristobal, Balvanera",3,11,3,267.2929306144632,2022-06,COMUNA,10486.26,"{""type"":""MultiPoint"",""coordinates"":[]}"
47_00000000000000000003,2.169064689E7,"Barracas, La Boca, Parque Patricios, Nueva Pompeya",4,38,4,244.94306744296074,2022-06,COMUNA,35481.84,"{""type"":""MultiPoint"",""coordinates"":[]}"
47_00000000000000000004,6660603.77,"Almagro, Boedo",5,11,5,265.4447182350921,2022-06,COMUNA,12323.43,"{""type"":""MultiPoint"",""coordinates"":[]}"
47_00000000000000000005,6851029.56,Caballito,6,13,6,255.02189053358165,2022-06,COMUNA,10990.96,"{""type"":""MultiPoint"",""coordinates"":[]}"
47_00000000000000000006,1.2422902E7,"Flores, Parque Chacabuco",7,24,7,248.18019655643948,2022-06,COMUNA,17972.26,"{""type"":""MultiPoint"",""coordinates"":[]}"
47_00000000000000000007,2.223309659E7,"Villa Lugano, Villa Riachuelo, Villa Soldati",8,36,8,220.25687328369455,2022-06,COMUNA,20952.25,"{""type"":""MultiPoint"",""coordinates"":[]}"
47_00000000000000000008,1.650530734E7,"Parque Avellaneda, Mataderos, Liniers",9,27,9,269.3818974035913,2022-06,COMUNA,21411.74,"{""type"":""MultiPoint"",""coordinates"":[]}"
47_00000000000000000009,1.265655814E7,"Floresta, Monte Castro, Velez Sarsfield, Versalles, Villa Luro, Villa Real",10,25,10,285.25516267124954,2022-06,COMUNA,18332.04,"{""type"":""MultiPoint"",""coordinates"":[]}"
47_0000000000000000000a,1.412000807E7,"Villa Del Parque, Villa Devoto, Villa Gral. Mitre, Villa Santa Rita",11,26,11,282.4560287336247,2022-06,COMUNA,19987.7,"{""type"":""MultiPoint"",""coordinates"":[]}"
47_0000000000000000000b,1.557092811E7,"Villa Urquiza, Villa Pueyrredon, Saavedra, Coghlan",12,28,12,256.9563722014285,2022-06,COMUNA,17232.19,"{""type"":""MultiPoint"",""coordinates"":[]}"
47_0000000000000000000c,1.48461025E7,"Belgrano, Nuñez, Colegiales",13,27,13,233.1803505277025,2022-06,COMUNA,26155.33,"{""type"":""MultiPoint"",""coordinates"":[]}"
47_0000000000000000000d,1.592256351E7,Palermo,14,26,14,242.98312468888471,2022-06,COMUNA,22834.18,"{""type"":""MultiPoint"",""coordinates"":[]}"
47_0000000000000000000e,1.432289813E7,"Villa Ortuzar, Agronomia, Paternal, Parque Chas, Chacarita, Villa Crespo",15,24,15,252.0116088344918,2022-06,COMUNA,17832.59,"{""type"":""MultiPoint"",""coordinates"":[]}"
48_00000000000000000000,1.780103628E7,"Constitucion, San Telmo, Monserrat, Retiro, Puerto Madero, San Nicolas",1,35,1,156.44734368090556,2022-07,COMUNA,36351.19,"{""type"":""MultiPoint"",""coordinates"":[]}"
48_00000000000000000001,6433391.77,Recoleta,2,15,2,160.21095172613093,2022-07,COMUNA,25965.02,"{""type"":""MultiPoint"",""coordinates"":[]}"
48_00000000000000000002,6385992.08,"San Cristobal, Balvanera",3,11,3,177.98882310530044,2022-07,COMUNA,10486.26,"{""type"":""MultiPoint"",""coordinates"":[]}"
48_00000000000000000003,2.169064689E7,"Barracas, La Boca, Parque Patricios, Nueva Pompeya",4,38,4,174.53692750155744,2022-07,COMUNA,35481.84,"{""type"":""MultiPoint"",""coordinates"":[]}"
48_00000000000000000004,6660603.77,"Almagro, Boedo",5,11,5,182.02334788177535,2022-07,COMUNA,12323.43,"{""type"":""MultiPoint"",""coordinates"":[]}"
48_00000000000000000005,6851029.56,Caballito,6,13,6,185.0560897961319,2022-07,COMUNA,10990.96,"{""type"":""MultiPoint"",""coordinates"":[]}"
48_00000000000000000006,1.2422902E7,"Flores, Parque Chacabuco",7,24,7,188.23713905030846,2022-07,COMUNA,17972.26,"{""type"":""MultiPoint"",""coordinates"":[]}"
48_00000000000000000007,2.223309659E7,"Villa Lugano, Villa Riachuelo, Villa Soldati",8,36,8,183.2679440286347,2022-07,COMUNA,20952.25,"{""type"":""MultiPoint"",""coordinates"":[]}"
48_00000000000000000008,1.650530734E7,"Parque Avellaneda, Mataderos, Liniers",9,27,9,183.3626359809913,2022-07,COMUNA,21411.74,"{""type"":""MultiPoint"",""coordinates"":[]}"
48_00000000000000000009,1.265655814E7,"Floresta, Monte Castro, Velez Sarsfield, Versalles, Villa Luro, Villa Real",10,25,10,178.04270113740336,2022-07,COMUNA,18332.04,"{""type"":""MultiPoint"",""coordinates"":[]}"
48_0000000000000000000a,1.412000807E7,"Villa Del Parque, Villa Devoto, Villa Gral. Mitre, Villa Santa Rita",11,26,11,171.158467062986,2022-07,COMUNA,19987.7,"{""type"":""MultiPoint"",""coordinates"":[]}"
48_0000000000000000000b,1.557092811E7,"Villa Urquiza, Villa Pueyrredon, Saavedra, Coghlan",12,28,12,143.32170768363872,2022-07,COMUNA,17232.19,"{""type"":""MultiPoint"",""coordinates"":[]}"
48_0000000000000000000c,1.48461025E7,"Belgrano, Nuñez, Colegiales",13,27,13,129.86607455322851,2022-07,COMUNA,26155.33,"{""type"":""MultiPoint"",""coordinates"":[]}"
48_0000000000000000000d,1.592256351E7,Palermo,14,26,14,149.4001385633222,2022-07,COMUNA,22834.18,"{""type"":""MultiPoint"",""coordinates"":[]}"
48_0000000000000000000e,1.432289813E7,"Villa Ortuzar, Agronomia, Paternal, Parque Chas, Chacarita, Villa Crespo",15,24,15,170.42462902938058,2022-07,COMUNA,17832.59,"{""type"":""MultiPoint"",""coordinates"":[]}"
49_00000000000000000000,1.780103628E7,"Constitucion, San Telmo, Monserrat, Retiro, Puerto Madero, San Nicolas",1,35,1,130.47248512384644,2022-08,COMUNA,36351.19,"{""type"":""MultiPoint"",""coordinates"":[]}"
49_00000000000000000001,6433391.77,Recoleta,2,15,2,118.17070285986571,2022-08,COMUNA,25965.02,"{""type"":""MultiPoint"",""coordinates"":[]}"
49_00000000000000000002,6385992.08,"San Cristobal, Balvanera",3,11,3,159.30943430883426,2022-08,COMUNA,10486.26,"{""type"":""MultiPoint"",""coordinates"":[]}"
49_00000000000000000003,2.169064689E7,"Barracas, La Boca, Parque Patricios, Nueva Pompeya",4,38,4,158.37342696028475,2022-08,COMUNA,35481.84,"{""type"":""MultiPoint"",""coordinates"":[]}"
49_00000000000000000004,6660603.77,"Almagro, Boedo",5,11,5,166.10860113533312,2022-08,COMUNA,12323.43,"{""type"":""MultiPoint"",""coordinates"":[]}"
49_00000000000000000005,6851029.56,Caballito,6,13,6,164.73685962881848,2022-08,COMUNA,10990.96,"{""type"":""MultiPoint"",""coordinates"":[]}"
49_00000000000000000006,1.2422902E7,"Flores, Parque Chacabuco",7,24,7,158.60080270001345,2022-08,COMUNA,17972.26,"{""type"":""MultiPoint"",""coordinates"":[]}"
49_00000000000000000007,2.223309659E7,"Villa Lugano, Villa Riachuelo, Villa Soldati",8,36,8,154.7587461306943,2022-08,COMUNA,20952.25,"{""type"":""MultiPoint"",""coordinates"":[]}"
49_00000000000000000008,1.650530734E7,"Parque Avellaneda, Mataderos, Liniers",9,27,9,160.08729547844823,2022-08,COMUNA,21411.74,"{""type"":""MultiPoint"",""coordinates"":[]}"
49_00000000000000000009,1.265655814E7,"Floresta, Monte Castro, Velez Sarsfield, Versalles, Villa Luro, Villa Real",10,25,10,155.1010929123676,2022-08,COMUNA,18332.04,"{""type"":""MultiPoint"",""coordinates"":[]}"
49_0000000000000000000a,1.412000807E7,"Villa Del Parque, Villa Devoto, Villa Gral. Mitre, Villa Santa Rita",11,26,11,156.10352315565075,2022-08,COMUNA,19987.7,"{""type"":""MultiPoint"",""coordinates"":[]}"
49_0000000000000000000b,1.557092811E7,"Villa Urquiza, Villa Pueyrredon, Saavedra, Coghlan",12,28,12,127.89042214721434,2022-08,COMUNA,17232.19,"{""type"":""MultiPoint"",""coordinates"":[]}"
49_0000000000000000000c,1.48461025E7,"Belgrano, Nuñez, Colegiales",13,27,13,109.3449962949066,2022-08,COMUNA,26155.33,"{""type"":""MultiPoint"",""coordinates"":[]}"
49_0000000000000000000d,1.592256351E7,Palermo,14,26,14,130.68492428910685,2022-08,COMUNA,22834.18,"{""type"":""MultiPoint"",""coordinates"":[]}"
49_0000000000000000000e,1.432289813E7,"Villa Ortuzar, Agronomia, Paternal, Parque Chas, Chacarita, Villa Crespo",15,24,15,153.03702099585746,2022-08,COMUNA,17832.59,"{""type"":""MultiPoint"",""coordinates"":[]}"
50_00000000000000000000,1.780103628E7,"Constitucion, San Telmo, Monserrat, Retiro, Puerto Madero, San Nicolas",1,35,1,118.16971815554088,2022-09,COMUNA,36351.19,"{""type"":""MultiPoint"",""coordinates"":[]}"
50_00000000000000000001,6433391.77,Recoleta,2,15,2,127.75281804064069,2022-09,COMUNA,25965.02,"{""type"":""MultiPoint"",""coordinates"":[]}"
50_00000000000000000002,6385992.08,"San Cristobal, Balvanera",3,11,3,149.04413065892547,2022-09,COMUNA,10486.26,"{""type"":""MultiPoint"",""coordinates"":[]}"
50_00000000000000000003,2.169064689E7,"Barracas, La Boca, Parque Patricios, Nueva Pompeya",4,38,4,156.53503110158417,2022-09,COMUNA,35481.84,"{""type"":""MultiPoint"",""coordinates"":[]}"
50_00000000000000000004,6660603.77,"Almagro, Boedo",5,11,5,157.92496596893454,2022-09,COMUNA,12323.43,"{""type"":""MultiPoint"",""coordinates"":[]}"
50_00000000000000000005,6851029.56,Caballito,6,13,6,158.23246007660813,2022-09,COMUNA,10990.96,"{""type"":""MultiPoint"",""coordinates"":[]}"
50_00000000000000000006,1.2422902E7,"Flores, Parque Chacabuco",7,24,7,167.75512558376218,2022-09,COMUNA,17972.26,"{""type"":""MultiPoint"",""coordinates"":[]}"
50_00000000000000000007,2.223309659E7,"Villa Lugano, Villa Riachuelo, Villa Soldati",8,36,8,172.99971507905002,2022-09,COMUNA,20952.25,"{""type"":""MultiPoint"",""coordinates"":[]}"
50_00000000000000000008,1.650530734E7,"Parque Avellaneda, Mataderos, Liniers",9,27,9,169.85553757088806,2022-09,COMUNA,21411.74,"{""type"":""MultiPoint"",""coordinates"":[]}"
50_00000000000000000009,1.265655814E7,"Floresta, Monte Castro, Velez Sarsfield, Versalles, Villa Luro, Villa Real",10,25,10,163.32992979495714,2022-09,COMUNA,18332.04,"{""type"":""MultiPoint"",""coordinates"":[]}"
50_0000000000000000000a,1.412000807E7,"Villa Del Parque, Villa Devoto, Villa Gral. Mitre, Villa Santa Rita",11,26,11,158.25233544285297,2022-09,COMUNA,19987.7,"{""type"":""MultiPoint"",""coordinates"":[]}"
50_0000000000000000000b,1.557092811E7,"Villa Urquiza, Villa Pueyrredon, Saavedra, Coghlan",12,28,12,139.3591065810912,2022-09,COMUNA,17232.19,"{""type"":""MultiPoint"",""coordinates"":[]}"
50_0000000000000000000c,1.48461025E7,"Belgrano, Nuñez, Colegiales",13,27,13,121.343750253871,2022-09,COMUNA,26155.33,"{""type"":""MultiPoint"",""coordinates"":[]}"
50_0000000000000000000d,1.592256351E7,Palermo,14,26,14,125.75283720316486,2022-09,COMUNA,22834.18,"{""type"":""MultiPoint"",""coordinates"":[]}"
50_0000000000000000000e,1.432289813E7,"Villa Ortuzar, Agronomia, Paternal, Parque Chas, Chacarita, Villa Crespo",15,24,15,148.3649336331014,2022-09,COMUNA,17832.59,"{""type"":""MultiPoint"",""coordinates"":[]}"
51_00000000000000000000,1.780103628E7,"Constitucion, San Telmo, Monserrat, Retiro, Puerto Madero, San Nicolas",1,35,1,94.71851144477127,2022-10,COMUNA,36351.19,"{""type"":""MultiPoint"",""coordinates"":[]}"
51_00000000000000000001,6433391.77,Recoleta,2,15,2,97.94967552947462,2022-10,COMUNA,25965.02,"{""type"":""MultiPoint"",""coordinates"":[]}"
51_00000000000000000002,6385992.08,"San Cristobal, Balvanera",3,11,3,103.25262043234112,2022-10,COMUNA,10486.26,"{""type"":""MultiPoint"",""coordinates"":[]}"
51_00000000000000000003,2.169064689E7,"Barracas, La Boca, Parque Patricios, Nueva Pompeya",4,38,4,96.60956037085363,2022-10,COMUNA,35481.84,"{""type"":""MultiPoint"",""coordinates"":[]}"
51_00000000000000000004,6660603.77,"Almagro, Boedo",5,11,5,102.75326175232487,2022-10,COMUNA,12323.43,"{""type"":""MultiPoint"",""coordinates"":[]}"
51_00000000000000000005,6851029.56,Caballito,6,13,6,106.14622960764395,2022-10,COMUNA,10990.96,"{""type"":""MultiPoint"",""coordinates"":[]}"
51_00000000000000000006,1.2422902E7,"Flores, Parque Chacabuco",7,24,7,108.52013839062055,2022-10,COMUNA,17972.26,"{""type"":""MultiPoint"",""coordinates"":[]}"
51_00000000000000000007,2.223309659E7,"Villa Lugano, Villa Riachuelo, Villa Soldati",8,36,8,101.30205395410177,2022-10,COMUNA,20952.25,"{""type"":""MultiPoint"",""coordinates"":[]}"
51_00000000000000000008,1.650530734E7,"Parque Avellaneda, Mataderos, Liniers",9,27,9,113.2942062157269,2022-10,COMUNA,21411.74,"{""type"":""MultiPoint"",""coordinates"":[]}"
51_00000000000000000009,1.265655814E7,"Floresta, Monte Castro, Velez Sarsfield, Versalles, Villa Luro, Villa Real",10,25,10,115.05223000597772,2022-10,COMUNA,18332.04,"{""type"":""MultiPoint"",""coordinates"":[]}"
51_0000000000000000000a,1.412000807E7,"Villa Del Parque, Villa Devoto, Villa Gral. Mitre, Villa Santa Rita",11,26,11,111.63451853423919,2022-10,COMUNA,19987.7,"{""type"":""MultiPoint"",""coordinates"":[]}"
51_0000000000000000000b,1.557092811E7,"Villa Urquiza, Villa Pueyrredon, Saavedra, Coghlan",12,28,12,98.83099634015626,2022-10,COMUNA,17232.19,"{""type"":""MultiPoint"",""coordinates"":[]}"
51_0000000000000000000c,1.48461025E7,"Belgrano, Nuñez, Colegiales",13,27,13,90.11369489466597,2022-10,COMUNA,26155.33,"{""type"":""MultiPoint"",""coordinates"":[]}"
51_0000000000000000000d,1.592256351E7,Palermo,14,26,14,92.15570218686013,2022-10,COMUNA,22834.18,"{""type"":""MultiPoint"",""coordinates"":[]}"
51_0000000000000000000e,1.432289813E7,"Villa Ortuzar, Agronomia, Paternal, Parque Chas, Chacarita, Villa Crespo",15,24,15,104.84459806956299,2022-10,COMUNA,17832.59,"{""type"":""MultiPoint"",""coordinates"":[]}"
52_00000000000000000000,1.780103628E7,"Constitucion, San Telmo, Monserrat, Retiro, Puerto Madero, San Nicolas",1,35,1,73.70458397686494,2022-11,COMUNA,36351.19,"{""type"":""MultiPoint"",""coordinates"":[]}"
52_00000000000000000001,6433391.77,Recoleta,2,15,2,75.211760641834,2022-11,COMUNA,25965.02,"{""type"":""MultiPoint"",""coordinates"":[]}"
52_00000000000000000002,6385992.08,"San Cristobal, Balvanera",3,11,3,92.7634424667013,2022-11,COMUNA,10486.26,"{""type"":""MultiPoint"",""coordinates"":[]}"
52_00000000000000000003,2.169064689E7,"Barracas, La Boca, Parque Patricios, Nueva Pompeya",4,38,4,90.83549953846284,2022-11,COMUNA,35481.84,"{""type"":""MultiPoint"",""coordinates"":[]}"
52_00000000000000000004,6660603.77,"Almagro, Boedo",5,11,5,100.74780403679748,2022-11,COMUNA,12323.43,"{""type"":""MultiPoint"",""coordinates"":[]}"
52_00000000000000000005,6851029.56,Caballito,6,13,6,104.33944148901381,2022-11,COMUNA,10990.96,"{""type"":""MultiPoint"",""coordinates"":[]}"
52_00000000000000000006,1.2422902E7,"Flores, Parque Chacabuco",7,24,7,111.03239800880407,2022-11,COMUNA,17972.26,"{""type"":""MultiPoint"",""coordinates"":[]}"
52_00000000000000000007,2.223309659E7,"Villa Lugano, Villa Riachuelo, Villa Soldati",8,36,8,111.89504819610397,2022-11,COMUNA,20952.25,"{""type"":""MultiPoint"",""coordinates"":[]}"
52_00000000000000000008,1.650530734E7,"Parque Avellaneda, Mataderos, Liniers",9,27,9,122.57200766277492,2022-11,COMUNA,21411.74,"{""type"":""MultiPoint"",""coordinates"":[]}"
52_00000000000000000009,1.265655814E7,"Floresta, Monte Castro, Velez Sarsfield, Versalles, Villa Luro, Villa Real",10,25,10,121.01447826135373,2022-11,COMUNA,18332.04,"{""type"":""MultiPoint"",""coordinates"":[]}"
52_0000000000000000000a,1.412000807E7,"Villa Del Parque, Villa Devoto, Villa Gral. Mitre, Villa Santa Rita",11,26,11,113.25068137862863,2022-11,COMUNA,19987.7,"{""type"":""MultiPoint"",""coordinates"":[]}"
52_0000000000000000000b,1.557092811E7,"Villa Urquiza, Villa Pueyrredon, Saavedra, Coghlan",12,28,12,90.48825981805174,2022-11,COMUNA,17232.19,"{""type"":""MultiPoint"",""coordinates"":[]}"
52_0000000000000000000c,1.48461025E7,"Belgrano, Nuñez, Colegiales",13,27,13,78.17736363662395,2022-11,COMUNA,26155.33,"{""type"":""MultiPoint"",""coordinates"":[]}"
52_0000000000000000000d,1.592256351E7,Palermo,14,26,14,80.77236201020612,2022-11,COMUNA,22834.18,"{""type"":""MultiPoint"",""coordinates"":[]}"
52_0000000000000000000e,1.432289813E7,"Villa Ortuzar, Agronomia, Paternal, Parque Chas, Chacarita, Villa Crespo",15,24,15,102.84088107132472,2022-11,COMUNA,17832.59,"{""type"":""MultiPoint"",""coordinates"":[]}"
53_00000000000000000000,1.780103628E7,"Constitucion, San Telmo, Monserrat, Retiro, Puerto Madero, San Nicolas",1,35,1,107.87465501649793,2022-12,COMUNA,36351.19,"{""type"":""MultiPoint"",""coordinates"":[]}"
53_00000000000000000001,6433391.77,Recoleta,2,15,2,116.0207049368609,2022-12,COMUNA,25965.02,"{""type"":""MultiPoint"",""coordinates"":[]}"
53_00000000000000000002,6385992.08,"San Cristobal, Balvanera",3,11,3,134.56021041260098,2022-12,COMUNA,10486.26,"{""type"":""MultiPoint"",""coordinates"":[]}"
53_00000000000000000003,2.169064689E7,"Barracas, La Boca, Parque Patricios, Nueva Pompeya",4,38,4,126.73941108454707,2022-12,COMUNA,35481.84,"{""type"":""MultiPoint"",""coordinates"":[]}"
53_00000000000000000004,6660603.77,"Almagro, Boedo",5,11,5,140.88055213338248,2022-12,COMUNA,12323.43,"{""type"":""MultiPoint"",""coordinates"":[]}"
53_00000000000000000005,6851029.56,Caballito,6,13,6,140.1923701827298,2022-12,COMUNA,10990.96,"{""type"":""MultiPoint"",""coordinates"":[]}"
53_00000000000000000006,1.2422902E7,"Flores, Parque Chacabuco",7,24,7,141.33957462134217,2022-12,COMUNA,17972.26,"{""type"":""MultiPoint"",""coordinates"":[]}"
53_00000000000000000007,2.223309659E7,"Villa Lugano, Villa Riachuelo, Villa Soldati",8,36,8,120.76558022756653,2022-12,COMUNA,20952.25,"{""type"":""MultiPoint"",""coordinates"":[]}"
53_00000000000000000008,1.650530734E7,"Parque Avellaneda, Mataderos, Liniers",9,27,9,118.03093840072297,2022-12,COMUNA,21411.74,"{""type"":""MultiPoint"",""coordinates"":[]}"
53_00000000000000000009,1.265655814E7,"Floresta, Monte Castro, Velez Sarsfield, Versalles, Villa Luro, Villa Real",10,25,10,123.68020613356418,2022-12,COMUNA,18332.04,"{""type"":""MultiPoint"",""coordinates"":[]}"
53_0000000000000000000a,1.412000807E7,"Villa Del Parque, Villa Devoto, Villa Gral. Mitre, Villa Santa Rita",11,26,11,127.51763757760789,2022-12,COMUNA,19987.7,"{""type"":""MultiPoint"",""coordinates"":[]}"
53_0000000000000000000b,1.557092811E7,"Villa Urquiza, Villa Pueyrredon, Saavedra, Coghlan",12,28,12,114.51364473236777,2022-12,COMUNA,17232.19,"{""type"":""MultiPoint"",""coordinates"":[]}"
53_0000000000000000000c,1.48461025E7,"Belgrano, Nuñez, Colegiales",13,27,13,103.58185220469016,2022-12,COMUNA,26155.33,"{""type"":""MultiPoint"",""coordinates"":[]}"
53_0000000000000000000d,1.592256351E7,Palermo,14,26,14,116.93542574600612,2022-12,COMUNA,22834.18,"{""type"":""MultiPoint"",""coordinates"":[]}"
53_0000000000000000000e,1.432289813E7,"Villa Ortuzar, Agronomia, Paternal, Parque Chas, Chacarita, Villa Crespo",15,24,15,129.25187510933253,2022-12,COMUNA,17832.59,"{""type"":""MultiPoint"",""coordinates"":[]}"
54_00000000000000000000,1.780103628E7,"Constitucion, San Telmo, Monserrat, Retiro, Puerto Madero, San Nicolas",1,35,1,83.98628188812073,2023-01,COMUNA,36351.19,"{""type"":""MultiPoint"",""coordinates"":[]}"
54_00000000000000000001,6433391.77,Recoleta,2,15,2,88.47864347976775,2023-01,COMUNA,25965.02,"{""type"":""MultiPoint"",""coordinates"":[]}"
54_00000000000000000002,6385992.08,"San Cristobal, Balvanera",3,11,3,108.7109103299239,2023-01,COMUNA,10486.26,"{""type"":""MultiPoint"",""coordinates"":[]}"
54_00000000000000000003,2.169064689E7,"Barracas, La Boca, Parque Patricios, Nueva Pompeya",4,38,4,97.66551523554331,2023-01,COMUNA,35481.84,"{""type"":""MultiPoint"",""coordinates"":[]}"
54_00000000000000000004,6660603.77,"Almagro, Boedo",5,11,5,115.87665788565528,2023-01,COMUNA,12323.43,"{""type"":""MultiPoint"",""coordinates"":[]}"
54_00000000000000000005,6851029.56,Caballito,6,13,6,116.16608965700217,2023-01,COMUNA,10990.96,"{""type"":""MultiPoint"",""coordinates"":[]}"
54_00000000000000000006,1.2422902E7,"Flores, Parque Chacabuco",7,24,7,117.71109862906405,2023-01,COMUNA,17972.26,"{""type"":""MultiPoint"",""coordinates"":[]}"
54_00000000000000000007,2.223309659E7,"Villa Lugano, Villa Riachuelo, Villa Soldati",8,36,8,107.55370709352027,2023-01,COMUNA,20952.25,"{""type"":""MultiPoint"",""coordinates"":[]}"
54_00000000000000000008,1.650530734E7,"Parque Avellaneda, Mataderos, Liniers",9,27,9,114.2302134232946,2023-01,COMUNA,21411.74,"{""type"":""MultiPoint"",""coordinates"":[]}"
54_00000000000000000009,1.265655814E7,"Floresta, Monte Castro, Velez Sarsfield, Versalles, Villa Luro, Villa Real",10,25,10,114.8720968712463,2023-01,COMUNA,18332.04,"{""type"":""MultiPoint"",""coordinates"":[]}"
54_0000000000000000000a,1.412000807E7,"Villa Del Parque, Villa Devoto, Villa Gral. Mitre, Villa Santa Rita",11,26,11,109.38427075567124,2023-01,COMUNA,19987.7,"{""type"":""MultiPoint"",""coordinates"":[]}"
54_0000000000000000000b,1.557092811E7,"Villa Urquiza, Villa Pueyrredon, Saavedra, Coghlan",12,28,12,83.24904119954873,2023-01,COMUNA,17232.19,"{""type"":""MultiPoint"",""coordinates"":[]}"
54_0000000000000000000c,1.48461025E7,"Belgrano, Nuñez, Colegiales",13,27,13,76.32394839272101,2023-01,COMUNA,26155.33,"{""type"":""MultiPoint"",""coordinates"":[]}"
54_0000000000000000000d,1.592256351E7,Palermo,14,26,14,90.03112701020315,2023-01,COMUNA,22834.18,"{""type"":""MultiPoint"",""coordinates"":[]}"
54_0000000000000000000e,1.432289813E7,"Villa Ortuzar, Agronomia, Paternal, Parque Chas, Chacarita, Villa Crespo",15,24,15,102.3815409611381,2023-01,COMUNA,17832.59,"{""type"":""MultiPoint"",""coordinates"":[]}"
55_00000000000000000000,1.780103628E7,"Constitucion, San Telmo, Monserrat, Retiro, Puerto Madero, San Nicolas",1,35,1,84.49885172698372,2023-02,COMUNA,36351.19,"{""type"":""MultiPoint"",""coordinates"":[]}"
55_00000000000000000001,6433391.77,Recoleta,2,15,2,79.92846907931394,2023-02,COMUNA,25965.02,"{""type"":""MultiPoint"",""coordinates"":[]}"
55_00000000000000000002,6385992.08,"San Cristobal, Balvanera",3,11,3,95.08367750470217,2023-02,COMUNA,10486.26,"{""type"":""MultiPoint"",""coordinates"":[]}"
55_00000000000000000003,2.169064689E7,"Barracas, La Boca, Parque Patricios, Nueva Pompeya",4,38,4,105.29751432536476,2023-02,COMUNA,35481.84,"{""type"":""MultiPoint"",""coordinates"":[]}"
55_00000000000000000004,6660603.77,"Almagro, Boedo",5,11,5,92.9158372658397,2023-02,COMUNA,12323.43,"{""type"":""MultiPoint"",""coordinates"":[]}"
55_00000000000000000005,6851029.56,Caballito,6,13,6,93.78259644644709,2023-02,COMUNA,10990.96,"{""type"":""MultiPoint"",""coordinates"":[]}"
55_00000000000000000006,1.2422902E7,"Flores, Parque Chacabuco",7,24,7,104.34204748404231,2023-02,COMUNA,17972.26,"{""type"":""MultiPoint"",""coordinates"":[]}"
55_00000000000000000007,2.223309659E7,"Villa Lugano, Villa Riachuelo, Villa Soldati",8,36,8,112.09380991816504,2023-02,COMUNA,20952.25,"{""type"":""MultiPoint"",""coordinates"":[]}"
55_00000000000000000008,1.650530734E7,"Parque Avellaneda, Mataderos, Liniers",9,27,9,109.6296055250309,2023-02,COMUNA,21411.74,"{""type"":""MultiPoint"",""coordinates"":[]}"
55_00000000000000000009,1.265655814E7,"Floresta, Monte Castro, Velez Sarsfield, Versalles, Villa Luro, Villa Real",10,25,10,100.03904191128375,2023-02,COMUNA,18332.04,"{""type"":""MultiPoint"",""coordinates"":[]}"
55_0000000000000000000a,1.412000807E7,"Villa Del Parque, Villa Devoto, Villa Gral. Mitre, Villa Santa Rita",11,26,11,91.59079025593542,2023-02,COMUNA,19987.7,"{""type"":""MultiPoint"",""coordinates"":[]}"
55_0000000000000000000b,1.557092811E7,"Villa Urquiza, Villa Pueyrredon, Saavedra, Coghlan",12,28,12,77.26552865181091,2023-02,COMUNA,17232.19,"{""type"":""MultiPoint"",""coordinates"":[]}"
55_0000000000000000000c,1.48461025E7,"Belgrano, Nuñez, Colegiales",13,27,13,64.7074015585834,2023-02,COMUNA,26155.33,"{""type"":""MultiPoint"",""coordinates"":[]}"
55_0000000000000000000d,1.592256351E7,Palermo,14,26,14,73.81655457299604,2023-02,COMUNA,22834.18,"{""type"":""MultiPoint"",""coordinates"":[]}"
55_0000000000000000000e,1.432289813E7,"Villa Ortuzar, Agronomia, Paternal, Parque Chas, Chacarita, Villa Crespo",15,24,15,86.36843864896395,2023-02,COMUNA,17832.59,"{""type"":""MultiPoint"",""coordinates"":[]}"
56_00000000000000000000,1.780103628E7,"Constitucion, San Telmo, Monserrat, Retiro, Puerto Madero, San Nicolas",1,35,1,94.11859702575907,2023-03,COMUNA,36351.19,"{""type"":""MultiPoint"",""coordinates"":[]}"
56_00000000000000000001,6433391.77,Recoleta,2,15,2,90.50115718480251,2023-03,COMUNA,25965.02,"{""type"":""MultiPoint"",""coordinates"":[]}"
56_00000000000000000002,6385992.08,"San Cristobal, Balvanera",3,11,3,109.09118700492009,2023-03,COMUNA,10486.26,"{""type"":""MultiPoint"",""coordinates"":[]}"
56_00000000000000000003,2.169064689E7,"Barracas, La Boca, Parque Patricios, Nueva Pompeya",4,38,4,112.80621798704247,2023-03,COMUNA,35481.84,"{""type"":""MultiPoint"",""coordinates"":[]}"
56_00000000000000000004,6660603.77,"Almagro, Boedo",5,11,5,111.41920219996788,2023-03,COMUNA,12323.43,"{""type"":""MultiPoint"",""coordinates"":[]}"
56_00000000000000000005,6851029.56,Caballito,6,13,6,114.36096704344607,2023-03,COMUNA,10990.96,"{""type"":""MultiPoint"",""coordinates"":[]}"
56_00000000000000000006,1.2422902E7,"Flores, Parque Chacabuco",7,24,7,122.62382462563198,2023-03,COMUNA,17972.26,"{""type"":""MultiPoint"",""coordinates"":[]}"
56_00000000000000000007,2.223309659E7,"Villa Lugano, Villa Riachuelo, Villa Soldati",8,36,8,124.82842064662876,2023-03,COMUNA,20952.25,"{""type"":""MultiPoint"",""coordinates"":[]}"
56_00000000000000000008,1.650530734E7,"Parque Avellaneda, Mataderos, Liniers",9,27,9,120.67872977599696,2023-03,COMUNA,21411.74,"{""type"":""MultiPoint"",""coordinates"":[]}"
56_00000000000000000009,1.265655814E7,"Floresta, Monte Castro, Velez Sarsfield, Versalles, Villa Luro, Villa Real",10,25,10,118.83834570854272,2023-03,COMUNA,18332.04,"{""type"":""MultiPoint"",""coordinates"":[]}"
56_0000000000000000000a,1.412000807E7,"Villa Del Parque, Villa Devoto, Villa Gral. Mitre, Villa Santa Rita",11,26,11,114.38799547318946,2023-03,COMUNA,19987.7,"{""type"":""MultiPoint"",""coordinates"":[]}"
56_0000000000000000000b,1.557092811E7,"Villa Urquiza, Villa Pueyrredon, Saavedra, Coghlan",12,28,12,96.15169656876454,2023-03,COMUNA,17232.19,"{""type"":""MultiPoint"",""coordinates"":[]}"
56_0000000000000000000c,1.48461025E7,"Belgrano, Nuñez, Colegiales",13,27,13,79.11801718551109,2023-03,COMUNA,26155.33,"{""type"":""MultiPoint"",""coordinates"":[]}"
56_0000000000000000000d,1.592256351E7,Palermo,14,26,14,87.17939255173376,2023-03,COMUNA,22834.18,"{""type"":""MultiPoint"",""coordinates"":[]}"
56_0000000000000000000e,1.432289813E7,"Villa Ortuzar, Agronomia, Paternal, Parque Chas, Chacarita, Villa Crespo",15,24,15,105.93902322080295,2023-03,COMUNA,17832.59,"{""type"":""MultiPoint"",""coordinates"":[]}"
57_00000000000000000000,1.780103628E7,"Constitucion, San Telmo, Monserrat, Retiro, Puerto Madero, San Nicolas",1,35,1,115.88456781313444,2023-04,COMUNA,36351.19,"{""type"":""MultiPoint"",""coordinates"":[]}"
57_00000000000000000001,6433391.77,Recoleta,2,15,2,106.70823303799975,2023-04,COMUNA,25965.02,"{""type"":""MultiPoint"",""coordinates"":[]}"
57_00000000000000000002,6385992.08,"San Cristobal, Balvanera",3,11,3,120.10963879332117,2023-04,COMUNA,10486.26,"{""type"":""MultiPoint"",""coordinates"":[]}"
57_00000000000000000003,2.169064689E7,"Barracas, La Boca, Parque Patricios, Nueva Pompeya",4,38,4,133.7956837070131,2023-04,COMUNA,35481.84,"{""type"":""MultiPoint"",""coordinates"":[]}"
57_00000000000000000004,6660603.77,"Almagro, Boedo",5,11,5,139.53060542009482,2023-04,COMUNA,12323.43,"{""type"":""MultiPoint"",""coordinates"":[]}"
57_00000000000000000005,6851029.56,Caballito,6,13,6,153.94585660852894,2023-04,COMUNA,10990.96,"{""type"":""MultiPoint"",""coordinates"":[]}"
57_00000000000000000006,1.2422902E7,"Flores, Parque Chacabuco",7,24,7,154.84127600183814,2023-04,COMUNA,17972.26,"{""type"":""MultiPoint"",""coordinates"":[]}"
57_00000000000000000007,2.223309659E7,"Villa Lugano, Villa Riachuelo, Villa Soldati",8,36,8,162.1945340685552,2023-04,COMUNA,20952.25,"{""type"":""MultiPoint"",""coordinates"":[]}"
57_00000000000000000008,1.650530734E7,"Parque Avellaneda, Mataderos, Liniers",9,27,9,175.60746589142593,2023-04,COMUNA,21411.74,"{""type"":""MultiPoint"",""coordinates"":[]}"
57_00000000000000000009,1.265655814E7,"Floresta, Monte Castro, Velez Sarsfield, Versalles, Villa Luro, Villa Real",10,25,10,173.19920772281287,2023-04,COMUNA,18332.04,"{""type"":""MultiPoint"",""coordinates"":[]}"
57_0000000000000000000a,1.412000807E7,"Villa Del Parque, Villa Devoto, Villa Gral. Mitre, Villa Santa Rita",11,26,11,161.32551067731495,2023-04,COMUNA,19987.7,"{""type"":""MultiPoint"",""coordinates"":[]}"
57_0000000000000000000b,1.557092811E7,"Villa Urquiza, Villa Pueyrredon, Saavedra, Coghlan",12,28,12,134.0430340804635,2023-04,COMUNA,17232.19,"{""type"":""MultiPoint"",""coordinates"":[]}"
57_0000000000000000000c,1.48461025E7,"Belgrano, Nuñez, Colegiales",13,27,13,117.80667093974851,2023-04,COMUNA,26155.33,"{""type"":""MultiPoint"",""coordinates"":[]}"
57_0000000000000000000d,1.592256351E7,Palermo,14,26,14,114.56215778200229,2023-04,COMUNA,22834.18,"{""type"":""MultiPoint"",""coordinates"":[]}"
57_0000000000000000000e,1.432289813E7,"Villa Ortuzar, Agronomia, Paternal, Parque Chas, Chacarita, Villa Crespo",15,24,15,146.3006898985896,2023-04,COMUNA,17832.59,"{""type"":""MultiPoint"",""coordinates"":[]}"
58_00000000000000000000,1.780103628E7,"Constitucion, San Telmo, Monserrat, Retiro, Puerto Madero, San Nicolas",1,35,1,152.22466838449262,2023-05,COMUNA,36351.19,"{""type"":""MultiPoint"",""coordinates"":[]}"
58_00000000000000000001,6433391.77,Recoleta,2,15,2,149.21543858915217,2023-05,COMUNA,25965.02,"{""type"":""MultiPoint"",""coordinates"":[]}"
58_00000000000000000002,6385992.08,"San Cristobal, Balvanera",3,11,3,168.77835559953513,2023-05,COMUNA,10486.26,"{""type"":""MultiPoint"",""coordinates"":[]}"
58_00000000000000000003,2.169064689E7,"Barracas, La Boca, Parque Patricios, Nueva Pompeya",4,38,4,168.75025821687052,2023-05,COMUNA,35481.84,"{""type"":""MultiPoint"",""coordinates"":[]}"
58_00000000000000000004,6660603.77,"Almagro, Boedo",5,11,5,165.99016571432864,2023-05,COMUNA,12323.43,"{""type"":""MultiPoint"",""coordinates"":[]}"
58_00000000000000000005,6851029.56,Caballito,6,13,6,173.9576542130315,2023-05,COMUNA,10990.96,"{""type"":""MultiPoint"",""coordinates"":[]}"
58_00000000000000000006,1.2422902E7,"Flores, Parque Chacabuco",7,24,7,187.17736231657182,2023-05,COMUNA,17972.26,"{""type"":""MultiPoint"",""coordinates"":[]}"
58_00000000000000000007,2.223309659E7,"Villa Lugano, Villa Riachuelo, Villa Soldati",8,36,8,181.59771672763006,2023-05,COMUNA,20952.25,"{""type"":""MultiPoint"",""coordinates"":[]}"
58_00000000000000000008,1.650530734E7,"Parque Avellaneda, Mataderos, Liniers",9,27,9,181.90403952889795,2023-05,COMUNA,21411.74,"{""type"":""MultiPoint"",""coordinates"":[]}"
58_00000000000000000009,1.265655814E7,"Floresta, Monte Castro, Velez Sarsfield, Versalles, Villa Luro, Villa Real",10,25,10,165.75649460739032,2023-05,COMUNA,18332.04,"{""type"":""MultiPoint"",""coordinates"":[]}"
58_0000000000000000000a,1.412000807E7,"Villa Del Parque, Villa Devoto, Villa Gral. Mitre, Villa Santa Rita",11,26,11,158.01907339956327,2023-05,COMUNA,19987.7,"{""type"":""MultiPoint"",""coordinates"":[]}"
58_0000000000000000000b,1.557092811E7,"Villa Urquiza, Villa Pueyrredon, Saavedra, Coghlan",12,28,12,140.48998558287826,2023-05,COMUNA,17232.19,"{""type"":""MultiPoint"",""coordinates"":[]}"
58_0000000000000000000c,1.48461025E7,"Belgrano, Nuñez, Colegiales",13,27,13,134.7819237874488,2023-05,COMUNA,26155.33,"{""type"":""MultiPoint"",""coordinates"":[]}"
58_0000000000000000000d,1.592256351E7,Palermo,14,26,14,146.97309120256912,2023-05,COMUNA,22834.18,"{""type"":""MultiPoint"",""coordinates"":[]}"
58_0000000000000000000e,1.432289813E7,"Villa Ortuzar, Agronomia, Paternal, Parque Chas, Chacarita, Villa Crespo",15,24,15,162.12080590298226,2023-05,COMUNA,17832.59,"{""type"":""MultiPoint"",""coordinates"":[]}"
59_00000000000000000000,1.780103628E7,"Constitucion, San Telmo, Monserrat, Retiro, Puerto Madero, San Nicolas",1,35,1,159.0836611843907,2023-06,COMUNA,36351.19,"{""type"":""MultiPoint"",""coordinates"":[]}"
59_00000000000000000001,6433391.77,Recoleta,2,15,2,158.06419377612298,2023-06,COMUNA,25965.02,"{""type"":""MultiPoint"",""coordinates"":[]}"
59_00000000000000000002,6385992.08,"San Cristobal, Balvanera",3,11,3,177.6710870411425,2023-06,COMUNA,10486.26,"{""type"":""MultiPoint"",""coordinates"":[]}"
59_00000000000000000003,2.169064689E7,"Barracas, La Boca, Parque Patricios, Nueva Pompeya",4,38,4,189.3636632464508,2023-06,COMUNA,35481.84,"{""type"":""MultiPoint"",""coordinates"":[]}"
59_00000000000000000004,6660603.77,"Almagro, Boedo",5,11,5,178.80759337259153,2023-06,COMUNA,12323.43,"{""type"":""MultiPoint"",""coordinates"":[]}"
59_00000000000000000005,6851029.56,Caballito,6,13,6,186.94231697741398,2023-06,COMUNA,10990.96,"{""type"":""MultiPoint"",""coordinates"":[]}"
59_00000000000000000006,1.2422902E7,"Flores, Parque Chacabuco",7,24,7,183.90627017588676,2023-06,COMUNA,17972.26,"{""type"":""MultiPoint"",""coordinates"":[]}"
59_00000000000000000007,2.223309659E7,"Villa Lugano, Villa Riachuelo, Villa Soldati",8,36,8,158.85763081710738,2023-06,COMUNA,20952.25,"{""type"":""MultiPoint"",""coordinates"":[]}"
59_00000000000000000008,1.650530734E7,"Parque Avellaneda, Mataderos, Liniers",9,27,9,170.57786809404382,2023-06,COMUNA,21411.74,"{""type"":""MultiPoint"",""coordinates"":[]}"
59_00000000000000000009,1.265655814E7,"Floresta, Monte Castro, Velez Sarsfield, Versalles, Villa Luro, Villa Real",10,25,10,173.41540354581113,2023-06,COMUNA,18332.04,"{""type"":""MultiPoint"",""coordinates"":[]}"
59_0000000000000000000a,1.412000807E7,"Villa Del Parque, Villa Devoto, Villa Gral. Mitre, Villa Santa Rita",11,26,11,168.63164836413665,2023-06,COMUNA,19987.7,"{""type"":""MultiPoint"",""coordinates"":[]}"
59_0000000000000000000b,1.557092811E7,"Villa Urquiza, Villa Pueyrredon, Saavedra, Coghlan",12,28,12,129.34157318019666,2023-06,COMUNA,17232.19,"{""type"":""MultiPoint"",""coordinates"":[]}"
59_0000000000000000000c,1.48461025E7,"Belgrano, Nuñez, Colegiales",13,27,13,130.77225403622984,2023-06,COMUNA,26155.33,"{""type"":""MultiPoint"",""coordinates"":[]}"
59_0000000000000000000d,1.592256351E7,Palermo,14,26,14,152.16199156671394,2023-06,COMUNA,22834.18,"{""type"":""MultiPoint"",""coordinates"":[]}"
59_0000000000000000000e,1.432289813E7,"Villa Ortuzar, Agronomia, Paternal, Parque Chas, Chacarita, Villa Crespo",15,24,15,169.73053214538288,2023-06,COMUNA,17832.59,"{""type"":""MultiPoint"",""coordinates"":[]}"
60_00000000000000000000,1.780103628E7,"Constitucion, San Telmo, Monserrat, Retiro, Puerto Madero, San Nicolas",1,35,1,123.29091128002666,2023-07,COMUNA,36351.19,"{""type"":""MultiPoint"",""coordinates"":[]}"
60_00000000000000000001,6433391.77,Recoleta,2,15,2,126.75075336952114,2023-07,COMUNA,25965.02,"{""type"":""MultiPoint"",""coordinates"":[]}"
60_00000000000000000002,6385992.08,"San Cristobal, Balvanera",3,11,3,152.60956728667622,2023-07,COMUNA,10486.26,"{""type"":""MultiPoint"",""coordinates"":[]}"
60_00000000000000000003,2.169064689E7,"Barracas, La Boca, Parque Patricios, Nueva Pompeya",4,38,4,149.73677315255534,2023-07,COMUNA,35481.84,"{""type"":""MultiPoint"",""coordinates"":[]}"
60_00000000000000000004,6660603.77,"Almagro, Boedo",5,11,5,163.3082482148639,2023-07,COMUNA,12323.43,"{""type"":""MultiPoint"",""coordinates"":[]}"
60_00000000000000000005,6851029.56,Caballito,6,13,6,170.5215569785751,2023-07,COMUNA,10990.96,"{""type"":""MultiPoint"",""coordinates"":[]}"
60_00000000000000000006,1.2422902E7,"Flores, Parque Chacabuco",7,24,7,186.5317229147699,2023-07,COMUNA,17972.26,"{""type"":""MultiPoint"",""coordinates"":[]}"
60_00000000000000000007,2.223309659E7,"Villa Lugano, Villa Riachuelo, Villa Soldati",8,36,8,179.1491850370587,2023-07,COMUNA,20952.25,"{""type"":""MultiPoint"",""coordinates"":[]}"
60_00000000000000000008,1.650530734E7,"Parque Avellaneda, Mataderos, Liniers",9,27,9,209.29700191053593,2023-07,COMUNA,21411.74,"{""type"":""MultiPoint"",""coordinates"":[]}"
60_00000000000000000009,1.265655814E7,"Floresta, Monte Castro, Velez Sarsfield, Versalles, Villa Luro, Villa Real",10,25,10,190.51416419212032,2023-07,COMUNA,18332.04,"{""type"":""MultiPoint"",""coordinates"":[]}"
60_0000000000000000000a,1.412000807E7,"Villa Del Parque, Villa Devoto, Villa Gral. Mitre, Villa Santa Rita",11,26,11,179.66643821520415,2023-07,COMUNA,19987.7,"{""type"":""MultiPoint"",""coordinates"":[]}"
60_0000000000000000000b,1.557092811E7,"Villa Urquiza, Villa Pueyrredon, Saavedra, Coghlan",12,28,12,150.49276222486176,2023-07,COMUNA,17232.19,"{""type"":""MultiPoint"",""coordinates"":[]}"
60_0000000000000000000c,1.48461025E7,"Belgrano, Nuñez, Colegiales",13,27,13,130.4650117118281,2023-07,COMUNA,26155.33,"{""type"":""MultiPoint"",""coordinates"":[]}"
60_0000000000000000000d,1.592256351E7,Palermo,14,26,14,137.75543757298803,2023-07,COMUNA,22834.18,"{""type"":""MultiPoint"",""coordinates"":[]}"
60_0000000000000000000e,1.432289813E7,"Villa Ortuzar, Agronomia, Paternal, Parque Chas, Chacarita, Villa Crespo",15,24,15,167.42052814706435,2023-07,COMUNA,17832.59,"{""type"":""MultiPoint"",""coordinates"":[]}"
61_00000000000000000000,1.780103628E7,"Constitucion, San Telmo, Monserrat, Retiro, Puerto Madero, San Nicolas",1,35,1,116.17347311525768,2023-08,COMUNA,36351.19,"{""type"":""MultiPoint"",""coordinates"":[]}"
61_00000000000000000001,6433391.77,Recoleta,2,15,2,119.86000201502168,2023-08,COMUNA,25965.02,"{""type"":""MultiPoint"",""coordinates"":[]}"
61_00000000000000000002,6385992.08,"San Cristobal, Balvanera",3,11,3,124.61364119500428,2023-08,COMUNA,10486.26,"{""type"":""MultiPoint"",""coordinates"":[]}"
61_00000000000000000003,2.169064689E7,"Barracas, La Boca, Parque Patricios, Nueva Pompeya",4,38,4,121.21889429393725,2023-08,COMUNA,35481.84,"{""type"":""MultiPoint"",""coordinates"":[]}"
61_00000000000000000004,6660603.77,"Almagro, Boedo",5,11,5,130.36459140754383,2023-08,COMUNA,12323.43,"{""type"":""MultiPoint"",""coordinates"":[]}"
61_00000000000000000005,6851029.56,Caballito,6,13,6,136.8044541797587,2023-08,COMUNA,10990.96,"{""type"":""MultiPoint"",""coordinates"":[]}"
61_00000000000000000006,1.2422902E7,"Flores, Parque Chacabuco",7,24,7,134.65260878076228,2023-08,COMUNA,17972.26,"{""type"":""MultiPoint"",""coordinates"":[]}"
61_00000000000000000007,2.223309659E7,"Villa Lugano, Villa Riachuelo, Villa Soldati",8,36,8,127.50680916725453,2023-08,COMUNA,20952.25,"{""type"":""MultiPoint"",""coordinates"":[]}"
61_00000000000000000008,1.650530734E7,"Parque Avellaneda, Mataderos, Liniers",9,27,9,141.3168672939055,2023-08,COMUNA,21411.74,"{""type"":""MultiPoint"",""coordinates"":[]}"
61_00000000000000000009,1.265655814E7,"Floresta, Monte Castro, Velez Sarsfield, Versalles, Villa Luro, Villa Real",10,25,10,139.32853564723266,2023-08,COMUNA,18332.04,"{""type"":""MultiPoint"",""coordinates"":[]}"
61_0000000000000000000a,1.412000807E7,"Villa Del Parque, Villa Devoto, Villa Gral. Mitre, Villa Santa Rita",11,26,11,138.4982490440556,2023-08,COMUNA,19987.7,"{""type"":""MultiPoint"",""coordinates"":[]}"
61_0000000000000000000b,1.557092811E7,"Villa Urquiza, Villa Pueyrredon, Saavedra, Coghlan",12,28,12,129.5134899439734,2023-08,COMUNA,17232.19,"{""type"":""MultiPoint"",""coordinates"":[]}"
61_0000000000000000000c,1.48461025E7,"Belgrano, Nuñez, Colegiales",13,27,13,122.1943704679206,2023-08,COMUNA,26155.33,"{""type"":""MultiPoint"",""coordinates"":[]}"
61_0000000000000000000d,1.592256351E7,Palermo,14,26,14,122.48824630822548,2023-08,COMUNA,22834.18,"{""type"":""MultiPoint"",""coordinates"":[]}"
61_0000000000000000000e,1.432289813E7,"Villa Ortuzar, Agronomia, Paternal, Parque Chas, Chacarita, Villa Crespo",15,24,15,137.72110621280572,2023-08,COMUNA,17832.59,"{""type"":""MultiPoint"",""coordinates"":[]}"
62_00000000000000000000,1.780103628E7,"Constitucion, San Telmo, Monserrat, Retiro, Puerto Madero, San Nicolas",1,35,1,154.88505854529186,2023-09,COMUNA,36351.19,"{""type"":""MultiPoint"",""coordinates"":[]}"
62_00000000000000000001,6433391.77,Recoleta,2,15,2,163.48247362192006,2023-09,COMUNA,25965.02,"{""type"":""MultiPoint"",""coordinates"":[]}"
62_00000000000000000002,6385992.08,"San Cristobal, Balvanera",3,11,3,170.3946973887347,2023-09,COMUNA,10486.26,"{""type"":""MultiPoint"",""coordinates"":[]}"
62_00000000000000000003,2.169064689E7,"Barracas, La Boca, Parque Patricios, Nueva Pompeya",4,38,4,162.70229589620106,2023-09,COMUNA,35481.84,"{""type"":""MultiPoint"",""coordinates"":[]}"
62_00000000000000000004,6660603.77,"Almagro, Boedo",5,11,5,165.33303589159468,2023-09,COMUNA,12323.43,"{""type"":""MultiPoint"",""coordinates"":[]}"
62_00000000000000000005,6851029.56,Caballito,6,13,6,160.29544196289982,2023-09,COMUNA,10990.96,"{""type"":""MultiPoint"",""coordinates"":[]}"
62_00000000000000000006,1.2422902E7,"Flores, Parque Chacabuco",7,24,7,154.6594192634662,2023-09,COMUNA,17972.26,"{""type"":""MultiPoint"",""coordinates"":[]}"
62_00000000000000000007,2.223309659E7,"Villa Lugano, Villa Riachuelo, Villa Soldati",8,36,8,148.80371373920713,2023-09,COMUNA,20952.25,"{""type"":""MultiPoint"",""coordinates"":[]}"
62_00000000000000000008,1.650530734E7,"Parque Avellaneda, Mataderos, Liniers",9,27,9,149.5058261199223,2023-09,COMUNA,21411.74,"{""type"":""MultiPoint"",""coordinates"":[]}"
62_00000000000000000009,1.265655814E7,"Floresta, Monte Castro, Velez Sarsfield, Versalles, Villa Luro, Villa Real",10,25,10,154.0834178991634,2023-09,COMUNA,18332.04,"{""type"":""MultiPoint"",""coordinates"":[]}"
62_0000000000000000000a,1.412000807E7,"Villa Del Parque, Villa Devoto, Villa Gral. Mitre, Villa Santa Rita",11,26,11,151.91127460360028,2023-09,COMUNA,19987.7,"{""type"":""MultiPoint"",""coordinates"":[]}"
62_0000000000000000000b,1.557092811E7,"Villa Urquiza, Villa Pueyrredon, Saavedra, Coghlan",12,28,12,148.3093589895472,2023-09,COMUNA,17232.19,"{""type"":""MultiPoint"",""coordinates"":[]}"
62_0000000000000000000c,1.48461025E7,"Belgrano, Nuñez, Colegiales",13,27,13,129.8499347261405,2023-09,COMUNA,26155.33,"{""type"":""MultiPoint"",""coordinates"":[]}"
62_0000000000000000000d,1.592256351E7,Palermo,14,26,14,148.51473224939488,2023-09,COMUNA,22834.18,"{""type"":""MultiPoint"",""coordinates"":[]}"
62_0000000000000000000e,1.432289813E7,"Villa Ortuzar, Agronomia, Paternal, Parque Chas, Chacarita, Villa Crespo",15,24,15,152.90358958536913,2023-09,COMUNA,17832.59,"{""type"":""MultiPoint"",""coordinates"":[]}"
63_00000000000000000000,1.780103628E7,"Constitucion, San Telmo, Monserrat, Retiro, Puerto Madero, San Nicolas",1,35,1,85.23173662267224,2023-10,COMUNA,36351.19,"{""type"":""MultiPoint"",""coordinates"":[]}"
63_00000000000000000001,6433391.77,Recoleta,2,15,2,87.1647161806062,2023-10,COMUNA,25965.02,"{""type"":""MultiPoint"",""coordinates"":[]}"
63_00000000000000000002,6385992.08,"San Cristobal, Balvanera",3,11,3,99.55666541847874,2023-10,COMUNA,10486.26,"{""type"":""MultiPoint"",""coordinates"":[]}"
63_00000000000000000003,2.169064689E7,"Barracas, La Boca, Parque Patricios, Nueva Pompeya",4,38,4,94.73840378720841,2023-10,COMUNA,35481.84,"{""type"":""MultiPoint"",""coordinates"":[]}"
63_00000000000000000004,6660603.77,"Almagro, Boedo",5,11,5,103.32281974128323,2023-10,COMUNA,12323.43,"{""type"":""MultiPoint"",""coordinates"":[]}"
63_00000000000000000005,6851029.56,Caballito,6,13,6,101.03398472829895,2023-10,COMUNA,10990.96,"{""type"":""MultiPoint"",""coordinates"":[]}"
63_00000000000000000006,1.2422902E7,"Flores, Parque Chacabuco",7,24,7,103.15640403376032,2023-10,COMUNA,17972.26,"{""type"":""MultiPoint"",""coordinates"":[]}"
63_00000000000000000007,2.223309659E7,"Villa Lugano, Villa Riachuelo, Villa Soldati",8,36,8,104.01336668748917,2023-10,COMUNA,20952.25,"{""type"":""MultiPoint"",""coordinates"":[]}"
63_00000000000000000008,1.650530734E7,"Parque Avellaneda, Mataderos, Liniers",9,27,9,106.15938990668079,2023-10,COMUNA,21411.74,"{""type"":""MultiPoint"",""coordinates"":[]}"
63_00000000000000000009,1.265655814E7,"Floresta, Monte Castro, Velez Sarsfield, Versalles, Villa Luro, Villa Real",10,25,10,107.4517152845892,2023-10,COMUNA,18332.04,"{""type"":""MultiPoint"",""coordinates"":[]}"
63_0000000000000000000a,1.412000807E7,"Villa Del Parque, Villa Devoto, Villa Gral. Mitre, Villa Santa Rita",11,26,11,104.04026567753067,2023-10,COMUNA,19987.7,"{""type"":""MultiPoint"",""coordinates"":[]}"
63_0000000000000000000b,1.557092811E7,"Villa Urquiza, Villa Pueyrredon, Saavedra, Coghlan",12,28,12,94.82667452984857,2023-10,COMUNA,17232.19,"{""type"":""MultiPoint"",""coordinates"":[]}"
63_0000000000000000000c,1.48461025E7,"Belgrano, Nuñez, Colegiales",13,27,13,84.61975218641109,2023-10,COMUNA,26155.33,"{""type"":""MultiPoint"",""coordinates"":[]}"
63_0000000000000000000d,1.592256351E7,Palermo,14,26,14,85.53594006376353,2023-10,COMUNA,22834.18,"{""type"":""MultiPoint"",""coordinates"":[]}"
63_0000000000000000000e,1.432289813E7,"Villa Ortuzar, Agronomia, Paternal, Parque Chas, Chacarita, Villa Crespo",15,24,15,98.2327803400764,2023-10,COMUNA,17832.59,"{""type"":""MultiPoint"",""coordinates"":[]}"
64_00000000000000000000,1.780103628E7,"Constitucion, San Telmo, Monserrat, Retiro, Puerto Madero, San Nicolas",1,35,1,77.26459855558072,2023-11,COMUNA,36351.19,"{""type"":""MultiPoint"",""coordinates"":[]}"
64_00000000000000000001,6433391.77,Recoleta,2,15,2,75.343643289841,2023-11,COMUNA,25965.02,"{""type"":""MultiPoint"",""coordinates"":[]}"
64_00000000000000000002,6385992.08,"San Cristobal, Balvanera",3,11,3,94.2648820063209,2023-11,COMUNA,10486.26,"{""type"":""MultiPoint"",""coordinates"":[]}"
64_00000000000000000003,2.169064689E7,"Barracas, La Boca, Parque Patricios, Nueva Pompeya",4,38,4,90.58588741740549,2023-11,COMUNA,35481.84,"{""type"":""MultiPoint"",""coordinates"":[]}"
64_00000000000000000004,6660603.77,"Almagro, Boedo",5,11,5,98.23162281572593,2023-11,COMUNA,12323.43,"{""type"":""MultiPoint"",""coordinates"":[]}"
64_00000000000000000005,6851029.56,Caballito,6,13,6,97.05662211225865,2023-11,COMUNA,10990.96,"{""type"":""MultiPoint"",""coordinates"":[]}"
64_00000000000000000006,1.2422902E7,"Flores, Parque Chacabuco",7,24,7,95.14366524677136,2023-11,COMUNA,17972.26,"{""type"":""MultiPoint"",""coordinates"":[]}"
64_00000000000000000007,2.223309659E7,"Villa Lugano, Villa Riachuelo, Villa Soldati",8,36,8,91.57867926617196,2023-11,COMUNA,20952.25,"{""type"":""MultiPoint"",""coordinates"":[]}"
64_00000000000000000008,1.650530734E7,"Parque Avellaneda, Mataderos, Liniers",9,27,9,94.72788534832328,2023-11,COMUNA,21411.74,"{""type"":""MultiPoint"",""coordinates"":[]}"
64_00000000000000000009,1.265655814E7,"Floresta, Monte Castro, Velez Sarsfield, Versalles, Villa Luro, Villa Real",10,25,10,93.08798404748337,2023-11,COMUNA,18332.04,"{""type"":""MultiPoint"",""coordinates"":[]}"
64_0000000000000000000a,1.412000807E7,"Villa Del Parque, Villa Devoto, Villa Gral. Mitre, Villa Santa Rita",11,26,11,91.97143150013663,2023-11,COMUNA,19987.7,"{""type"":""MultiPoint"",""coordinates"":[]}"
64_0000000000000000000b,1.557092811E7,"Villa Urquiza, Villa Pueyrredon, Saavedra, Coghlan",12,28,12,83.01275249034212,2023-11,COMUNA,17232.19,"{""type"":""MultiPoint"",""coordinates"":[]}"
64_0000000000000000000c,1.48461025E7,"Belgrano, Nuñez, Colegiales",13,27,13,73.970932752279,2023-11,COMUNA,26155.33,"{""type"":""MultiPoint"",""coordinates"":[]}"
64_0000000000000000000d,1.592256351E7,Palermo,14,26,14,76.39009407842275,2023-11,COMUNA,22834.18,"{""type"":""MultiPoint"",""coordinates"":[]}"
64_0000000000000000000e,1.432289813E7,"Villa Ortuzar, Agronomia, Paternal, Parque Chas, Chacarita, Villa Crespo",15,24,15,92.32369553516952,2023-11,COMUNA,17832.59,"{""type"":""MultiPoint"",""coordinates"":[]}"
65_00000000000000000000,1.780103628E7,"Constitucion, San Telmo, Monserrat, Retiro, Puerto Madero, San Nicolas",1,35,1,77.63807400748934,2023-12,COMUNA,36351.19,"{""type"":""MultiPoint"",""coordinates"":[]}"
65_00000000000000000001,6433391.77,Recoleta,2,15,2,72.6107624716439,2023-12,COMUNA,25965.02,"{""type"":""MultiPoint"",""coordinates"":[]}"
65_00000000000000000002,6385992.08,"San Cristobal, Balvanera",3,11,3,96.13755219706437,2023-12,COMUNA,10486.26,"{""type"":""MultiPoint"",""coordinates"":[]}"
65_00000000000000000003,2.169064689E7,"Barracas, La Boca, Parque Patricios, Nueva Pompeya",4,38,4,88.7089555678751,2023-12,COMUNA,35481.84,"{""type"":""MultiPoint"",""coordinates"":[]}"
65_00000000000000000004,6660603.77,"Almagro, Boedo",5,11,5,91.18936515283161,2023-12,COMUNA,12323.43,"{""type"":""MultiPoint"",""coordinates"":[]}"
65_00000000000000000005,6851029.56,Caballito,6,13,6,90.41107635990464,2023-12,COMUNA,10990.96,"{""type"":""MultiPoint"",""coordinates"":[]}"
65_00000000000000000006,1.2422902E7,"Flores, Parque Chacabuco",7,24,7,91.44514894532453,2023-12,COMUNA,17972.26,"{""type"":""MultiPoint"",""coordinates"":[]}"
65_00000000000000000007,2.223309659E7,"Villa Lugano, Villa Riachuelo, Villa Soldati",8,36,8,88.25569648416545,2023-12,COMUNA,20952.25,"{""type"":""MultiPoint"",""coordinates"":[]}"
65_00000000000000000008,1.650530734E7,"Parque Avellaneda, Mataderos, Liniers",9,27,9,92.1285577121605,2023-12,COMUNA,21411.74,"{""type"":""MultiPoint"",""coordinates"":[]}"
65_00000000000000000009,1.265655814E7,"Floresta, Monte Castro, Velez Sarsfield, Versalles, Villa Luro, Villa Real",10,25,10,90.08579504956764,2023-12,COMUNA,18332.04,"{""type"":""MultiPoint"",""coordinates"":[]}"
65_0000000000000000000a,1.412000807E7,"Villa Del Parque, Villa Devoto, Villa Gral. Mitre, Villa Santa Rita",11,26,11,83.2256345772823,2023-12,COMUNA,19987.7,"{""type"":""MultiPoint"",""coordinates"":[]}"
65_0000000000000000000b,1.557092811E7,"Villa Urquiza, Villa Pueyrredon, Saavedra, Coghlan",12,28,12,76.96952617425623,2023-12,COMUNA,17232.19,"{""type"":""MultiPoint"",""coordinates"":[]}"
65_0000000000000000000c,1.48461025E7,"Belgrano, Nuñez, Colegiales",13,27,13,66.88604110374733,2023-12,COMUNA,26155.33,"{""type"":""MultiPoint"",""coordinates"":[]}"
65_0000000000000000000d,1.592256351E7,Palermo,14,26,14,70.49608947034648,2023-12,COMUNA,22834.18,"{""type"":""MultiPoint"",""coordinates"":[]}"
65_0000000000000000000e,1.432289813E7,"Villa Ortuzar, Agronomia, Paternal, Parque Chas, Chacarita, Villa Crespo",15,24,15,80.91116972865412,2023-12,COMUNA,17832.59,"{""type"":""MultiPoint"",""coordinates"":[]}"
66_00000000000000000000,1.780103628E7,"Constitucion, San Telmo, Monserrat, Retiro, Puerto Madero, San Nicolas",1,35,1,61.787530190753984,2024-01,COMUNA,36351.19,"{""type"":""MultiPoint"",""coordinates"":[]}"
66_00000000000000000001,6433391.77,Recoleta,2,15,2,65.20317323187668,2024-01,COMUNA,25965.02,"{""type"":""MultiPoint"",""coordinates"":[]}"
66_00000000000000000002,6385992.08,"San Cristobal, Balvanera",3,11,3,82.21716521483353,2024-01,COMUNA,10486.26,"{""type"":""MultiPoint"",""coordinates"":[]}"
66_00000000000000000003,2.169064689E7,"Barracas, La Boca, Parque Patricios, Nueva Pompeya",4,38,4,80.41687308147723,2024-01,COMUNA,35481.84,"{""type"":""MultiPoint"",""coordinates"":[]}"
66_00000000000000000004,6660603.77,"Almagro, Boedo",5,11,5,82.1628390849787,2024-01,COMUNA,12323.43,"{""type"":""MultiPoint"",""coordinates"":[]}"
66_00000000000000000005,6851029.56,Caballito,6,13,6,85.70629974747197,2024-01,COMUNA,10990.96,"{""type"":""MultiPoint"",""coordinates"":[]}"
66_00000000000000000006,1.2422902E7,"Flores, Parque Chacabuco",7,24,7,86.09146397882763,2024-01,COMUNA,17972.26,"{""type"":""MultiPoint"",""coordinates"":[]}"
66_00000000000000000007,2.223309659E7,"Villa Lugano, Villa Riachuelo, Villa Soldati",8,36,8,86.14988947059257,2024-01,COMUNA,20952.25,"{""type"":""MultiPoint"",""coordinates"":[]}"
66_00000000000000000008,1.650530734E7,"Parque Avellaneda, Mataderos, Liniers",9,27,9,88.23576802104493,2024-01,COMUNA,21411.74,"{""type"":""MultiPoint"",""coordinates"":[]}"
66_00000000000000000009,1.265655814E7,"Floresta, Monte Castro, Velez Sarsfield, Versalles, Villa Luro, Villa Real",10,25,10,87.24145068960424,2024-01,COMUNA,18332.04,"{""type"":""MultiPoint"",""coordinates"":[]}"
66_0000000000000000000a,1.412000807E7,"Villa Del Parque, Villa Devoto, Villa Gral. Mitre, Villa Santa Rita",11,26,11,82.63357171366052,2024-01,COMUNA,19987.7,"{""type"":""MultiPoint"",""coordinates"":[]}"
66_0000000000000000000b,1.557092811E7,"Villa Urquiza, Villa Pueyrredon, Saavedra, Coghlan",12,28,12,63.176549385322204,2024-01,COMUNA,17232.19,"{""type"":""MultiPoint"",""coordinates"":[]}"
66_0000000000000000000c,1.48461025E7,"Belgrano, Nuñez, Colegiales",13,27,13,57.209135727877566,2024-01,COMUNA,26155.33,"{""type"":""MultiPoint"",""coordinates"":[]}"
66_0000000000000000000d,1.592256351E7,Palermo,14,26,14,65.42872080464201,2024-01,COMUNA,22834.18,"{""type"":""MultiPoint"",""coordinates"":[]}"
66_0000000000000000000e,1.432289813E7,"Villa Ortuzar, Agronomia, Paternal, Parque Chas, Chacarita, Villa Crespo",15,24,15,77.0593071298982,2024-01,COMUNA,17832.59,"{""type"":""MultiPoint"",""coordinates"":[]}"
67_00000000000000000000,1.780103628E7,"Constitucion, San Telmo, Monserrat, Retiro, Puerto Madero, San Nicolas",1,35,1,61.46554849004828,2024-02,COMUNA,36351.19,"{""type"":""MultiPoint"",""coordinates"":[]}"
67_00000000000000000001,6433391.77,Recoleta,2,15,2,65.54848162738577,2024-02,COMUNA,25965.02,"{""type"":""MultiPoint"",""coordinates"":[]}"
67_00000000000000000002,6385992.08,"San Cristobal, Balvanera",3,11,3,85.52064133394536,2024-02,COMUNA,10486.26,"{""type"":""MultiPoint"",""coordinates"":[]}"
67_00000000000000000003,2.169064689E7,"Barracas, La Boca, Parque Patricios, Nueva Pompeya",4,38,4,82.36415124305383,2024-02,COMUNA,35481.84,"{""type"":""MultiPoint"",""coordinates"":[]}"
67_00000000000000000004,6660603.77,"Almagro, Boedo",5,11,5,95.98268976332466,2024-02,COMUNA,12323.43,"{""type"":""MultiPoint"",""coordinates"":[]}"
67_00000000000000000005,6851029.56,Caballito,6,13,6,105.22739895735396,2024-02,COMUNA,10990.96,"{""type"":""MultiPoint"",""coordinates"":[]}"
67_00000000000000000006,1.2422902E7,"Flores, Parque Chacabuco",7,24,7,102.66892156941576,2024-02,COMUNA,17972.26,"{""type"":""MultiPoint"",""coordinates"":[]}"
67_00000000000000000007,2.223309659E7,"Villa Lugano, Villa Riachuelo, Villa Soldati",8,36,8,101.80605956803244,2024-02,COMUNA,20952.25,"{""type"":""MultiPoint"",""coordinates"":[]}"
67_00000000000000000008,1.650530734E7,"Parque Avellaneda, Mataderos, Liniers",9,27,9,97.88487868055654,2024-02,COMUNA,21411.74,"{""type"":""MultiPoint"",""coordinates"":[]}"
67_00000000000000000009,1.265655814E7,"Floresta, Monte Castro, Velez Sarsfield, Versalles, Villa Luro, Villa Real",10,25,10,96.84981361492164,2024-02,COMUNA,18332.04,"{""type"":""MultiPoint"",""coordinates"":[]}"
67_0000000000000000000a,1.412000807E7,"Villa Del Parque, Villa Devoto, Villa Gral. Mitre, Villa Santa Rita",11,26,11,87.57883345719553,2024-02,COMUNA,19987.7,"{""type"":""MultiPoint"",""coordinates"":[]}"
67_0000000000000000000b,1.557092811E7,"Villa Urquiza, Villa Pueyrredon, Saavedra, Coghlan",12,28,12,69.9437483572903,2024-02,COMUNA,17232.19,"{""type"":""MultiPoint"",""coordinates"":[]}"
67_0000000000000000000c,1.48461025E7,"Belgrano, Nuñez, Colegiales",13,27,13,65.30289448991766,2024-02,COMUNA,26155.33,"{""type"":""MultiPoint"",""coordinates"":[]}"
67_0000000000000000000d,1.592256351E7,Palermo,14,26,14,70.59000358134941,2024-02,COMUNA,22834.18,"{""type"":""MultiPoint"",""coordinates"":[]}"
67_0000000000000000000e,1.432289813E7,"Villa Ortuzar, Agronomia, Paternal, Parque Chas, Chacarita, Villa Crespo",15,24,15,88.0085273853816,2024-02,COMUNA,17832.59,"{""type"":""MultiPoint"",""coordinates"":[]}"
68_00000000000000000000,1.780103628E7,"Constitucion, San Telmo, Monserrat, Retiro, Puerto Madero, San Nicolas",1,35,1,104.34038142637978,2024-03,COMUNA,36351.19,"{""type"":""MultiPoint"",""coordinates"":[]}"
68_00000000000000000001,6433391.77,Recoleta,2,15,2,102.44299216495588,2024-03,COMUNA,25965.02,"{""type"":""MultiPoint"",""coordinates"":[]}"
68_00000000000000000002,6385992.08,"San Cristobal, Balvanera",3,11,3,113.84433121711045,2024-03,COMUNA,10486.26,"{""type"":""MultiPoint"",""coordinates"":[]}"
68_00000000000000000003,2.169064689E7,"Barracas, La Boca, Parque Patricios, Nueva Pompeya",4,38,4,113.31997181276228,2024-03,COMUNA,35481.84,"{""type"":""MultiPoint"",""coordinates"":[]}"
68_00000000000000000004,6660603.77,"Almagro, Boedo",5,11,5,116.71122163480774,2024-03,COMUNA,12323.43,"{""type"":""MultiPoint"",""coordinates"":[]}"
68_00000000000000000005,6851029.56,Caballito,6,13,6,117.17565448151126,2024-03,COMUNA,10990.96,"{""type"":""MultiPoint"",""coordinates"":[]}"
68_00000000000000000006,1.2422902E7,"Flores, Parque Chacabuco",7,24,7,116.26094737299152,2024-03,COMUNA,17972.26,"{""type"":""MultiPoint"",""coordinates"":[]}"
68_00000000000000000007,2.223309659E7,"Villa Lugano, Villa Riachuelo, Villa Soldati",8,36,8,119.32308428392399,2024-03,COMUNA,20952.25,"{""type"":""MultiPoint"",""coordinates"":[]}"
68_00000000000000000008,1.650530734E7,"Parque Avellaneda, Mataderos, Liniers",9,27,9,117.75571701139042,2024-03,COMUNA,21411.74,"{""type"":""MultiPoint"",""coordinates"":[]}"
68_00000000000000000009,1.265655814E7,"Floresta, Monte Castro, Velez Sarsfield, Versalles, Villa Luro, Villa Real",10,25,10,113.00876939626139,2024-03,COMUNA,18332.04,"{""type"":""MultiPoint"",""coordinates"":[]}"
68_0000000000000000000a,1.412000807E7,"Villa Del Parque, Villa Devoto, Villa Gral. Mitre, Villa Santa Rita",11,26,11,109.26384468188917,2024-03,COMUNA,19987.7,"{""type"":""MultiPoint"",""coordinates"":[]}"
68_0000000000000000000b,1.557092811E7,"Villa Urquiza, Villa Pueyrredon, Saavedra, Coghlan",12,28,12,96.01671315628192,2024-03,COMUNA,17232.19,"{""type"":""MultiPoint"",""coordinates"":[]}"
68_0000000000000000000c,1.48461025E7,"Belgrano, Nuñez, Colegiales",13,27,13,88.96415468252086,2024-03,COMUNA,26155.33,"{""type"":""MultiPoint"",""coordinates"":[]}"
68_0000000000000000000d,1.592256351E7,Palermo,14,26,14,96.51083445666039,2024-03,COMUNA,22834.18,"{""type"":""MultiPoint"",""coordinates"":[]}"
68_0000000000000000000e,1.432289813E7,"Villa Ortuzar, Agronomia, Paternal, Parque Chas, Chacarita, Villa Crespo",15,24,15,107.42706223360933,2024-03,COMUNA,17832.59,"{""type"":""MultiPoint"",""coordinates"":[]}"
69_00000000000000000000,1.780103628E7,"Constitucion, San Telmo, Monserrat, Retiro, Puerto Madero, San Nicolas",1,35,1,95.52627401059353,2024-04,COMUNA,36351.19,"{""type"":""MultiPoint"",""coordinates"":[]}"
69_00000000000000000001,6433391.77,Recoleta,2,15,2,97.33587255984263,2024-04,COMUNA,25965.02,"{""type"":""MultiPoint"",""coordinates"":[]}"
69_00000000000000000002,6385992.08,"San Cristobal, Balvanera",3,11,3,118.52640756117889,2024-04,COMUNA,10486.26,"{""type"":""MultiPoint"",""coordinates"":[]}"
69_00000000000000000003,2.169064689E7,"Barracas, La Boca, Parque Patricios, Nueva Pompeya",4,38,4,133.59717317405216,2024-04,COMUNA,35481.84,"{""type"":""MultiPoint"",""coordinates"":[]}"
69_00000000000000000004,6660603.77,"Almagro, Boedo",5,11,5,121.20796092971419,2024-04,COMUNA,12323.43,"{""type"":""MultiPoint"",""coordinates"":[]}"
69_00000000000000000005,6851029.56,Caballito,6,13,6,120.9431335685851,2024-04,COMUNA,10990.96,"{""type"":""MultiPoint"",""coordinates"":[]}"
69_00000000000000000006,1.2422902E7,"Flores, Parque Chacabuco",7,24,7,122.6475093070534,2024-04,COMUNA,17972.26,"{""type"":""MultiPoint"",""coordinates"":[]}"
69_00000000000000000007,2.223309659E7,"Villa Lugano, Villa Riachuelo, Villa Soldati",8,36,8,129.60824975410097,2024-04,COMUNA,20952.25,"{""type"":""MultiPoint"",""coordinates"":[]}"
69_00000000000000000008,1.650530734E7,"Parque Avellaneda, Mataderos, Liniers",9,27,9,117.52465314637014,2024-04,COMUNA,21411.74,"{""type"":""MultiPoint"",""coordinates"":[]}"
69_00000000000000000009,1.265655814E7,"Floresta, Monte Castro, Velez Sarsfield, Versalles, Villa Luro, Villa Real",10,25,10,111.9087092428086,2024-04,COMUNA,18332.04,"{""type"":""MultiPoint"",""coordinates"":[]}"
69_0000000000000000000a,1.412000807E7,"Villa Del Parque, Villa Devoto, Villa Gral. Mitre, Villa Santa Rita",11,26,11,109.64731317190163,2024-04,COMUNA,19987.7,"{""type"":""MultiPoint"",""coordinates"":[]}"
69_0000000000000000000b,1.557092811E7,"Villa Urquiza, Villa Pueyrredon, Saavedra, Coghlan",12,28,12,95.62822939356928,2024-04,COMUNA,17232.19,"{""type"":""MultiPoint"",""coordinates"":[]}"
69_0000000000000000000c,1.48461025E7,"Belgrano, Nuñez, Colegiales",13,27,13,84.63221393405136,2024-04,COMUNA,26155.33,"{""type"":""MultiPoint"",""coordinates"":[]}"
69_0000000000000000000d,1.592256351E7,Palermo,14,26,14,97.19152983951267,2024-04,COMUNA,22834.18,"{""type"":""MultiPoint"",""coordinates"":[]}"
69_0000000000000000000e,1.432289813E7,"Villa Ortuzar, Agronomia, Paternal, Parque Chas, Chacarita, Villa Crespo",15,24,15,107.4589895422357,2024-04,COMUNA,17832.59,"{""type"":""MultiPoint"",""coordinates"":[]}"
70_00000000000000000000,1.780103628E7,"Constitucion, San Telmo, Monserrat, Retiro, Puerto Madero, San Nicolas",1,35,1,141.09943848921245,2024-05,COMUNA,36351.19,"{""type"":""MultiPoint"",""coordinates"":[]}"
70_00000000000000000001,6433391.77,Recoleta,2,15,2,144.56755871720557,2024-05,COMUNA,25965.02,"{""type"":""MultiPoint"",""coordinates"":[]}"
70_00000000000000000002,6385992.08,"San Cristobal, Balvanera",3,11,3,152.8984782126125,2024-05,COMUNA,10486.26,"{""type"":""MultiPoint"",""coordinates"":[]}"
70_00000000000000000003,2.169064689E7,"Barracas, La Boca, Parque Patricios, Nueva Pompeya",4,38,4,158.5671397320493,2024-05,COMUNA,35481.84,"{""type"":""MultiPoint"",""coordinates"":[]}"
70_00000000000000000004,6660603.77,"Almagro, Boedo",5,11,5,162.92508091620434,2024-05,COMUNA,12323.43,"{""type"":""MultiPoint"",""coordinates"":[]}"
70_00000000000000000005,6851029.56,Caballito,6,13,6,164.63914475509128,2024-05,COMUNA,10990.96,"{""type"":""MultiPoint"",""coordinates"":[]}"
70_00000000000000000006,1.2422902E7,"Flores, Parque Chacabuco",7,24,7,157.2706072065472,2024-05,COMUNA,17972.26,"{""type"":""MultiPoint"",""coordinates"":[]}"
70_00000000000000000007,2.223309659E7,"Villa Lugano, Villa Riachuelo, Villa Soldati",8,36,8,122.42591102924887,2024-05,COMUNA,20952.25,"{""type"":""MultiPoint"",""coordinates"":[]}"
70_00000000000000000008,1.650530734E7,"Parque Avellaneda, Mataderos, Liniers",9,27,9,129.36297772984298,2024-05,COMUNA,21411.74,"{""type"":""MultiPoint"",""coordinates"":[]}"
70_00000000000000000009,1.265655814E7,"Floresta, Monte Castro, Velez Sarsfield, Versalles, Villa Luro, Villa Real",10,25,10,138.94561642128446,2024-05,COMUNA,18332.04,"{""type"":""MultiPoint"",""coordinates"":[]}"
70_0000000000000000000a,1.412000807E7,"Villa Del Parque, Villa Devoto, Villa Gral. Mitre, Villa Santa Rita",11,26,11,156.6113968412787,2024-05,COMUNA,19987.7,"{""type"":""MultiPoint"",""coordinates"":[]}"
70_0000000000000000000b,1.557092811E7,"Villa Urquiza, Villa Pueyrredon, Saavedra, Coghlan",12,28,12,149.1714526294419,2024-05,COMUNA,17232.19,"{""type"":""MultiPoint"",""coordinates"":[]}"
70_0000000000000000000c,1.48461025E7,"Belgrano, Nuñez, Colegiales",13,27,13,146.6781124861517,2024-05,COMUNA,26155.33,"{""type"":""MultiPoint"",""coordinates"":[]}"
70_0000000000000000000d,1.592256351E7,Palermo,14,26,14,151.74940077202785,2024-05,COMUNA,22834.18,"{""type"":""MultiPoint"",""coordinates"":[]}"
70_0000000000000000000e,1.432289813E7,"Villa Ortuzar, Agronomia, Paternal, Parque Chas, Chacarita, Villa Crespo",15,24,15,163.53086267526123,2024-05,COMUNA,17832.59,"{""type"":""MultiPoint"",""coordinates"":[]}"
71_00000000000000000000,1.780103628E7,"Constitucion, San Telmo, Monserrat, Retiro, Puerto Madero, San Nicolas",1,35,1,135.07881269277095,2024-06,COMUNA,36351.19,"{""type"":""MultiPoint"",""coordinates"":[]}"
71_00000000000000000001,6433391.77,Recoleta,2,15,2,136.36830580839225,2024-06,COMUNA,25965.02,"{""type"":""MultiPoint"",""coordinates"":[]}"
71_00000000000000000002,6385992.08,"San Cristobal, Balvanera",3,11,3,141.38061929303848,2024-06,COMUNA,10486.26,"{""type"":""MultiPoint"",""coordinates"":[]}"
71_00000000000000000003,2.169064689E7,"Barracas, La Boca, Parque Patricios, Nueva Pompeya",4,38,4,136.43448464508924,2024-06,COMUNA,35481.84,"{""type"":""MultiPoint"",""coordinates"":[]}"
71_00000000000000000004,6660603.77,"Almagro, Boedo",5,11,5,140.7827883464636,2024-06,COMUNA,12323.43,"{""type"":""MultiPoint"",""coordinates"":[]}"
71_00000000000000000005,6851029.56,Caballito,6,13,6,140.46879531171953,2024-06,COMUNA,10990.96,"{""type"":""MultiPoint"",""coordinates"":[]}"
71_00000000000000000006,1.2422902E7,"Flores, Parque Chacabuco",7,24,7,134.88756129165455,2024-06,COMUNA,17972.26,"{""type"":""MultiPoint"",""coordinates"":[]}"
71_00000000000000000007,2.223309659E7,"Villa Lugano, Villa Riachuelo, Villa Soldati",8,36,8,122.93243126171177,2024-06,COMUNA,20952.25,"{""type"":""MultiPoint"",""coordinates"":[]}"
71_00000000000000000008,1.650530734E7,"Parque Avellaneda, Mataderos, Liniers",9,27,9,128.43216419480638,2024-06,COMUNA,21411.74,"{""type"":""MultiPoint"",""coordinates"":[]}"
71_00000000000000000009,1.265655814E7,"Floresta, Monte Castro, Velez Sarsfield, Versalles, Villa Luro, Villa Real",10,25,10,130.53249930844666,2024-06,COMUNA,18332.04,"{""type"":""MultiPoint"",""coordinates"":[]}"
71_0000000000000000000a,1.412000807E7,"Villa Del Parque, Villa Devoto, Villa Gral. Mitre, Villa Santa Rita",11,26,11,125.62548528885043,2024-06,COMUNA,19987.7,"{""type"":""MultiPoint"",""coordinates"":[]}"
71_0000000000000000000b,1.557092811E7,"Villa Urquiza, Villa Pueyrredon, Saavedra, Coghlan",12,28,12,118.53686451981858,2024-06,COMUNA,17232.19,"{""type"":""MultiPoint"",""coordinates"":[]}"
71_0000000000000000000c,1.48461025E7,"Belgrano, Nuñez, Colegiales",13,27,13,119.66402338773123,2024-06,COMUNA,26155.33,"{""type"":""MultiPoint"",""coordinates"":[]}"
71_0000000000000000000d,1.592256351E7,Palermo,14,26,14,128.1800168695748,2024-06,COMUNA,22834.18,"{""type"":""MultiPoint"",""coordinates"":[]}"
71_0000000000000000000e,1.432289813E7,"Villa Ortuzar, Agronomia, Paternal, Parque Chas, Chacarita, Villa Crespo",15,24,15,129.85802005592137,2024-06,COMUNA,17832.59,"{""type"":""MultiPoint"",""coordinates"":[]}"
72_00000000000000000000,1.780103628E7,"Constitucion, San Telmo, Monserrat, Retiro, Puerto Madero, San Nicolas",1,35,1,266.54392672151226,2024-07,COMUNA,36351.19,"{""type"":""MultiPoint"",""coordinates"":[]}"
72_00000000000000000001,6433391.77,Recoleta,2,15,2,263.9993302619221,2024-07,COMUNA,25965.02,"{""type"":""MultiPoint"",""coordinates"":[]}"
72_00000000000000000002,6385992.08,"San Cristobal, Balvanera",3,11,3,261.27097061869097,2024-07,COMUNA,10486.26,"{""type"":""MultiPoint"",""coordinates"":[]}"
72_00000000000000000003,2.169064689E7,"Barracas, La Boca, Parque Patricios, Nueva Pompeya",4,38,4,259.70965837977263,2024-07,COMUNA,35481.84,"{""type"":""MultiPoint"",""coordinates"":[]}"
72_00000000000000000004,6660603.77,"Almagro, Boedo",5,11,5,257.16376177890305,2024-07,COMUNA,12323.43,"{""type"":""MultiPoint"",""coordinates"":[]}"
72_00000000000000000005,6851029.56,Caballito,6,13,6,252.1210205640344,2024-07,COMUNA,10990.96,"{""type"":""MultiPoint"",""coordinates"":[]}"
72_00000000000000000006,1.2422902E7,"Flores, Parque Chacabuco",7,24,7,239.077511294713,2024-07,COMUNA,17972.26,"{""type"":""MultiPoint"",""coordinates"":[]}"
72_00000000000000000007,2.223309659E7,"Villa Lugano, Villa Riachuelo, Villa Soldati",8,36,8,213.01791850515406,2024-07,COMUNA,20952.25,"{""type"":""MultiPoint"",""coordinates"":[]}"
72_00000000000000000008,1.650530734E7,"Parque Avellaneda, Mataderos, Liniers",9,27,9,215.18571004504506,2024-07,COMUNA,21411.74,"{""type"":""MultiPoint"",""coordinates"":[]}"
72_00000000000000000009,1.265655814E7,"Floresta, Monte Castro, Velez Sarsfield, Versalles, Villa Luro, Villa Real",10,25,10,224.80059448959744,2024-07,COMUNA,18332.04,"{""type"":""MultiPoint"",""coordinates"":[]}"
72_0000000000000000000a,1.412000807E7,"Villa Del Parque, Villa Devoto, Villa Gral. Mitre, Villa Santa Rita",11,26,11,231.12466548536867,2024-07,COMUNA,19987.7,"{""type"":""MultiPoint"",""coordinates"":[]}"
72_0000000000000000000b,1.557092811E7,"Villa Urquiza, Villa Pueyrredon, Saavedra, Coghlan",12,28,12,241.54478830396894,2024-07,COMUNA,17232.19,"{""type"":""MultiPoint"",""coordinates"":[]}"
72_0000000000000000000c,1.48461025E7,"Belgrano, Nuñez, Colegiales",13,27,13,243.5448395459605,2024-07,COMUNA,26155.33,"{""type"":""MultiPoint"",""coordinates"":[]}"
72_0000000000000000000d,1.592256351E7,Palermo,14,26,14,245.17234766423417,2024-07,COMUNA,22834.18,"{""type"":""MultiPoint"",""coordinates"":[]}"
72_0000000000000000000e,1.432289813E7,"Villa Ortuzar, Agronomia, Paternal, Parque Chas, Chacarita, Villa Crespo",15,24,15,244.2419707462903,2024-07,COMUNA,17832.59,"{""type"":""MultiPoint"",""coordinates"":[]}"
73_00000000000000000000,1.780103628E7,"Constitucion, San Telmo, Monserrat, Retiro, Puerto Madero, San Nicolas",1,35,1,128.7720926797628,2024-08,COMUNA,36351.19,"{""type"":""MultiPoint"",""coordinates"":[]}"
73_00000000000000000001,6433391.77,Recoleta,2,15,2,130.06410486476818,2024-08,COMUNA,25965.02,"{""type"":""MultiPoint"",""coordinates"":[]}"
73_00000000000000000002,6385992.08,"San Cristobal, Balvanera",3,11,3,133.15486464884427,2024-08,COMUNA,10486.26,"{""type"":""MultiPoint"",""coordinates"":[]}"
73_00000000000000000003,2.169064689E7,"Barracas, La Boca, Parque Patricios, Nueva Pompeya",4,38,4,125.1615495517943,2024-08,COMUNA,35481.84,"{""type"":""MultiPoint"",""coordinates"":[]}"
73_00000000000000000004,6660603.77,"Almagro, Boedo",5,11,5,140.77627355105648,2024-08,COMUNA,12323.43,"{""type"":""MultiPoint"",""coordinates"":[]}"
73_00000000000000000005,6851029.56,Caballito,6,13,6,139.9960148813493,2024-08,COMUNA,10990.96,"{""type"":""MultiPoint"",""coordinates"":[]}"
73_00000000000000000006,1.2422902E7,"Flores, Parque Chacabuco",7,24,7,136.24871416730488,2024-08,COMUNA,17972.26,"{""type"":""MultiPoint"",""coordinates"":[]}"
73_00000000000000000007,2.223309659E7,"Villa Lugano, Villa Riachuelo, Villa Soldati",8,36,8,114.05881194892835,2024-08,COMUNA,20952.25,"{""type"":""MultiPoint"",""coordinates"":[]}"
73_00000000000000000008,1.650530734E7,"Parque Avellaneda, Mataderos, Liniers",9,27,9,119.69245855221212,2024-08,COMUNA,21411.74,"{""type"":""MultiPoint"",""coordinates"":[]}"
73_00000000000000000009,1.265655814E7,"Floresta, Monte Castro, Velez Sarsfield, Versalles, Villa Luro, Villa Real",10,25,10,131.26059261085396,2024-08,COMUNA,18332.04,"{""type"":""MultiPoint"",""coordinates"":[]}"
73_0000000000000000000a,1.412000807E7,"Villa Del Parque, Villa Devoto, Villa Gral. Mitre, Villa Santa Rita",11,26,11,131.6701478563774,2024-08,COMUNA,19987.7,"{""type"":""MultiPoint"",""coordinates"":[]}"
73_0000000000000000000b,1.557092811E7,"Villa Urquiza, Villa Pueyrredon, Saavedra, Coghlan",12,28,12,118.75844797686432,2024-08,COMUNA,17232.19,"{""type"":""MultiPoint"",""coordinates"":[]}"
73_0000000000000000000c,1.48461025E7,"Belgrano, Nuñez, Colegiales",13,27,13,123.19439652925962,2024-08,COMUNA,26155.33,"{""type"":""MultiPoint"",""coordinates"":[]}"
73_0000000000000000000d,1.592256351E7,Palermo,14,26,14,130.86334738641898,2024-08,COMUNA,22834.18,"{""type"":""MultiPoint"",""coordinates"":[]}"
73_0000000000000000000e,1.432289813E7,"Villa Ortuzar, Agronomia, Paternal, Parque Chas, Chacarita, Villa Crespo",15,24,15,133.67353424805236,2024-08,COMUNA,17832.59,"{""type"":""MultiPoint"",""coordinates"":[]}"
74_00000000000000000000,1.780103628E7,"Constitucion, San Telmo, Monserrat, Retiro, Puerto Madero, San Nicolas",1,35,1,94.8640801316999,2024-09,COMUNA,36351.19,"{""type"":""MultiPoint"",""coordinates"":[]}"
74_00000000000000000001,6433391.77,Recoleta,2,15,2,99.8919352048595,2024-09,COMUNA,25965.02,"{""type"":""MultiPoint"",""coordinates"":[]}"
74_00000000000000000002,6385992.08,"San Cristobal, Balvanera",3,11,3,110.44848893227235,2024-09,COMUNA,10486.26,"{""type"":""MultiPoint"",""coordinates"":[]}"
74_00000000000000000003,2.169064689E7,"Barracas, La Boca, Parque Patricios, Nueva Pompeya",4,38,4,101.59668341568675,2024-09,COMUNA,35481.84,"{""type"":""MultiPoint"",""coordinates"":[]}"
74_00000000000000000004,6660603.77,"Almagro, Boedo",5,11,5,113.58878307893582,2024-09,COMUNA,12323.43,"{""type"":""MultiPoint"",""coordinates"":[]}"
74_00000000000000000005,6851029.56,Caballito,6,13,6,109.40993406242815,2024-09,COMUNA,10990.96,"{""type"":""MultiPoint"",""coordinates"":[]}"
74_00000000000000000006,1.2422902E7,"Flores, Parque Chacabuco",7,24,7,109.17083262120957,2024-09,COMUNA,17972.26,"{""type"":""MultiPoint"",""coordinates"":[]}"
74_00000000000000000007,2.223309659E7,"Villa Lugano, Villa Riachuelo, Villa Soldati",8,36,8,108.13293887469897,2024-09,COMUNA,20952.25,"{""type"":""MultiPoint"",""coordinates"":[]}"
74_00000000000000000008,1.650530734E7,"Parque Avellaneda, Mataderos, Liniers",9,27,9,108.6607009696102,2024-09,COMUNA,21411.74,"{""type"":""MultiPoint"",""coordinates"":[]}"
74_00000000000000000009,1.265655814E7,"Floresta, Monte Castro, Velez Sarsfield, Versalles, Villa Luro, Villa Real",10,25,10,105.38761129990817,2024-09,COMUNA,18332.04,"{""type"":""MultiPoint"",""coordinates"":[]}"
74_0000000000000000000a,1.412000807E7,"Villa Del Parque, Villa Devoto, Villa Gral. Mitre, Villa Santa Rita",11,26,11,101.51328461509249,2024-09,COMUNA,19987.7,"{""type"":""MultiPoint"",""coordinates"":[]}"
74_0000000000000000000b,1.557092811E7,"Villa Urquiza, Villa Pueyrredon, Saavedra, Coghlan",12,28,12,96.80639583398751,2024-09,COMUNA,17232.19,"{""type"":""MultiPoint"",""coordinates"":[]}"
74_0000000000000000000c,1.48461025E7,"Belgrano, Nuñez, Colegiales",13,27,13,89.02461417780997,2024-09,COMUNA,26155.33,"{""type"":""MultiPoint"",""coordinates"":[]}"
74_0000000000000000000d,1.592256351E7,Palermo,14,26,14,97.57060026303525,2024-09,COMUNA,22834.18,"{""type"":""MultiPoint"",""coordinates"":[]}"
74_0000000000000000000e,1.432289813E7,"Villa Ortuzar, Agronomia, Paternal, Parque Chas, Chacarita, Villa Crespo",15,24,15,101.85278030221009,2024-09,COMUNA,17832.59,"{""type"":""MultiPoint"",""coordinates"":[]}"
75_00000000000000000000,1.780103628E7,"Constitucion, San Telmo, Monserrat, Retiro, Puerto Madero, San Nicolas",1,35,1,96.990541824715,2024-10,COMUNA,36351.19,"{""type"":""MultiPoint"",""coordinates"":[]}"
75_00000000000000000001,6433391.77,Recoleta,2,15,2,100.39061595442266,2024-10,COMUNA,25965.02,"{""type"":""MultiPoint"",""coordinates"":[]}"
75_00000000000000000002,6385992.08,"San Cristobal, Balvanera",3,11,3,111.93059368556509,2024-10,COMUNA,10486.26,"{""type"":""MultiPoint"",""coordinates"":[]}"
75_00000000000000000003,2.169064689E7,"Barracas, La Boca, Parque Patricios, Nueva Pompeya",4,38,4,108.81691988897512,2024-10,COMUNA,35481.84,"{""type"":""MultiPoint"",""coordinates"":[]}"
75_00000000000000000004,6660603.77,"Almagro, Boedo",5,11,5,117.83751529541952,2024-10,COMUNA,12323.43,"{""type"":""MultiPoint"",""coordinates"":[]}"
75_00000000000000000005,6851029.56,Caballito,6,13,6,121.52864029748287,2024-10,COMUNA,10990.96,"{""type"":""MultiPoint"",""coordinates"":[]}"
75_00000000000000000006,1.2422902E7,"Flores, Parque Chacabuco",7,24,7,121.27823842007504,2024-10,COMUNA,17972.26,"{""type"":""MultiPoint"",""coordinates"":[]}"
75_00000000000000000007,2.223309659E7,"Villa Lugano, Villa Riachuelo, Villa Soldati",8,36,8,121.31613394429938,2024-10,COMUNA,20952.25,"{""type"":""MultiPoint"",""coordinates"":[]}"
75_00000000000000000008,1.650530734E7,"Parque Avellaneda, Mataderos, Liniers",9,27,9,126.36544992550476,2024-10,COMUNA,21411.74,"{""type"":""MultiPoint"",""coordinates"":[]}"
75_00000000000000000009,1.265655814E7,"Floresta, Monte Castro, Velez Sarsfield, Versalles, Villa Luro, Villa Real",10,25,10,125.99705887173471,2024-10,COMUNA,18332.04,"{""type"":""MultiPoint"",""coordinates"":[]}"
75_0000000000000000000a,1.412000807E7,"Villa Del Parque, Villa Devoto, Villa Gral. Mitre, Villa Santa Rita",11,26,11,121.77732598377413,2024-10,COMUNA,19987.7,"{""type"":""MultiPoint"",""coordinates"":[]}"
75_0000000000000000000b,1.557092811E7,"Villa Urquiza, Villa Pueyrredon, Saavedra, Coghlan",12,28,12,100.8703072411598,2024-10,COMUNA,17232.19,"{""type"":""MultiPoint"",""coordinates"":[]}"
75_0000000000000000000c,1.48461025E7,"Belgrano, Nuñez, Colegiales",13,27,13,92.97062020206134,2024-10,COMUNA,26155.33,"{""type"":""MultiPoint"",""coordinates"":[]}"
75_0000000000000000000d,1.592256351E7,Palermo,14,26,14,101.49842105817523,2024-10,COMUNA,22834.18,"{""type"":""MultiPoint"",""coordinates"":[]}"
75_0000000000000000000e,1.432289813E7,"Villa Ortuzar, Agronomia, Paternal, Parque Chas, Chacarita, Villa Crespo",15,24,15,117.19799274287995,2024-10,COMUNA,17832.59,"{""type"":""MultiPoint"",""coordinates"":[]}"
76_00000000000000000000,1.780103628E7,"Constitucion, San Telmo, Monserrat, Retiro, Puerto Madero, San Nicolas",1,35,1,84.42206628890794,2024-11,COMUNA,36351.19,"{""type"":""MultiPoint"",""coordinates"":[]}"
76_00000000000000000001,6433391.77,Recoleta,2,15,2,86.69699755296422,2024-11,COMUNA,25965.02,"{""type"":""MultiPoint"",""coordinates"":[]}"
76_00000000000000000002,6385992.08,"San Cristobal, Balvanera",3,11,3,106.82117454006153,2024-11,COMUNA,10486.26,"{""type"":""MultiPoint"",""coordinates"":[]}"
76_00000000000000000003,2.169064689E7,"Barracas, La Boca, Parque Patricios, Nueva Pompeya",4,38,4,97.09675243528284,2024-11,COMUNA,35481.84,"{""type"":""MultiPoint"",""coordinates"":[]}"
76_00000000000000000004,6660603.77,"Almagro, Boedo",5,11,5,111.59554221529733,2024-11,COMUNA,12323.43,"{""type"":""MultiPoint"",""coordinates"":[]}"
76_00000000000000000005,6851029.56,Caballito,6,13,6,118.26435666411354,2024-11,COMUNA,10990.96,"{""type"":""MultiPoint"",""coordinates"":[]}"
76_00000000000000000006,1.2422902E7,"Flores, Parque Chacabuco",7,24,7,112.79413009065419,2024-11,COMUNA,17972.26,"{""type"":""MultiPoint"",""coordinates"":[]}"
76_00000000000000000007,2.223309659E7,"Villa Lugano, Villa Riachuelo, Villa Soldati",8,36,8,100.07496980382273,2024-11,COMUNA,20952.25,"{""type"":""MultiPoint"",""coordinates"":[]}"
76_00000000000000000008,1.650530734E7,"Parque Avellaneda, Mataderos, Liniers",9,27,9,106.84805135709405,2024-11,COMUNA,21411.74,"{""type"":""MultiPoint"",""coordinates"":[]}"
76_00000000000000000009,1.265655814E7,"Floresta, Monte Castro, Velez Sarsfield, Versalles, Villa Luro, Villa Real",10,25,10,111.51161833597007,2024-11,COMUNA,18332.04,"{""type"":""MultiPoint"",""coordinates"":[]}"
76_0000000000000000000a,1.412000807E7,"Villa Del Parque, Villa Devoto, Villa Gral. Mitre, Villa Santa Rita",11,26,11,108.1986057390332,2024-11,COMUNA,19987.7,"{""type"":""MultiPoint"",""coordinates"":[]}"
76_0000000000000000000b,1.557092811E7,"Villa Urquiza, Villa Pueyrredon, Saavedra, Coghlan",12,28,12,94.3103065899695,2024-11,COMUNA,17232.19,"{""type"":""MultiPoint"",""coordinates"":[]}"
76_0000000000000000000c,1.48461025E7,"Belgrano, Nuñez, Colegiales",13,27,13,78.44443196517214,2024-11,COMUNA,26155.33,"{""type"":""MultiPoint"",""coordinates"":[]}"
76_0000000000000000000d,1.592256351E7,Palermo,14,26,14,86.8843619505811,2024-11,COMUNA,22834.18,"{""type"":""MultiPoint"",""coordinates"":[]}"
76_0000000000000000000e,1.432289813E7,"Villa Ortuzar, Agronomia, Paternal, Parque Chas, Chacarita, Villa Crespo",15,24,15,105.41319198571043,2024-11,COMUNA,17832.59,"{""type"":""MultiPoint"",""coordinates"":[]}"
77_00000000000000000000,1.780103628E7,"Constitucion, San Telmo, Monserrat, Retiro, Puerto Madero, San Nicolas",1,35,1,89.2747203926254,2024-12,COMUNA,36351.19,"{""type"":""MultiPoint"",""coordinates"":[]}"
77_00000000000000000001,6433391.77,Recoleta,2,15,2,84.82807322633485,2024-12,COMUNA,25965.02,"{""type"":""MultiPoint"",""coordinates"":[]}"
77_00000000000000000002,6385992.08,"San Cristobal, Balvanera",3,11,3,93.69810523833172,2024-12,COMUNA,10486.26,"{""type"":""MultiPoint"",""coordinates"":[]}"
77_00000000000000000003,2.169064689E7,"Barracas, La Boca, Parque Patricios, Nueva Pompeya",4,38,4,93.69648303024438,2024-12,COMUNA,35481.84,"{""type"":""MultiPoint"",""coordinates"":[]}"
77_00000000000000000004,6660603.77,"Almagro, Boedo",5,11,5,93.99163455646043,2024-12,COMUNA,12323.43,"{""type"":""MultiPoint"",""coordinates"":[]}"
77_00000000000000000005,6851029.56,Caballito,6,13,6,96.98908610384179,2024-12,COMUNA,10990.96,"{""type"":""MultiPoint"",""coordinates"":[]}"
77_00000000000000000006,1.2422902E7,"Flores, Parque Chacabuco",7,24,7,100.54474419546003,2024-12,COMUNA,17972.26,"{""type"":""MultiPoint"",""coordinates"":[]}"
77_00000000000000000007,2.223309659E7,"Villa Lugano, Villa Riachuelo, Villa Soldati",8,36,8,108.93096647805706,2024-12,COMUNA,20952.25,"{""type"":""MultiPoint"",""coordinates"":[]}"
77_00000000000000000008,1.650530734E7,"Parque Avellaneda, Mataderos, Liniers",9,27,9,102.66737783073606,2024-12,COMUNA,21411.74,"{""type"":""MultiPoint"",""coordinates"":[]}"
77_00000000000000000009,1.265655814E7,"Floresta, Monte Castro, Velez Sarsfield, Versalles, Villa Luro, Villa Real",10,25,10,102.82187349504707,2024-12,COMUNA,18332.04,"{""type"":""MultiPoint"",""coordinates"":[]}"
77_0000000000000000000a,1.412000807E7,"Villa Del Parque, Villa Devoto, Villa Gral. Mitre, Villa Santa Rita",11,26,11,94.43079380274288,2024-12,COMUNA,19987.7,"{""type"":""MultiPoint"",""coordinates"":[]}"
77_0000000000000000000b,1.557092811E7,"Villa Urquiza, Villa Pueyrredon, Saavedra, Coghlan",12,28,12,78.02481784737863,2024-12,COMUNA,17232.19,"{""type"":""MultiPoint"",""coordinates"":[]}"
77_0000000000000000000c,1.48461025E7,"Belgrano, Nuñez, Colegiales",13,27,13,73.68245313878032,2024-12,COMUNA,26155.33,"{""type"":""MultiPoint"",""coordinates"":[]}"
77_0000000000000000000d,1.592256351E7,Palermo,14,26,14,78.19855777933977,2024-12,COMUNA,22834.18,"{""type"":""MultiPoint"",""coordinates"":[]}"
77_0000000000000000000e,1.432289813E7,"Villa Ortuzar, Agronomia, Paternal, Parque Chas, Chacarita, Villa Crespo",15,24,15,87.55286731139884,2024-12,COMUNA,17832.59,"{""type"":""MultiPoint"",""coordinates"":[]}"
78_00000000000000000000,1.780103628E7,"Constitucion, San Telmo, Monserrat, Retiro, Puerto Madero, San Nicolas",1,35,1,61.771651215833565,2025-01,COMUNA,36351.19,"{""type"":""MultiPoint"",""coordinates"":[]}"
78_00000000000000000001,6433391.77,Recoleta,2,15,2,64.43923837179943,2025-01,COMUNA,25965.02,"{""type"":""MultiPoint"",""coordinates"":[]}"
78_00000000000000000002,6385992.08,"San Cristobal, Balvanera",3,11,3,82.87672821650474,2025-01,COMUNA,10486.26,"{""type"":""MultiPoint"",""coordinates"":[]}"
78_00000000000000000003,2.169064689E7,"Barracas, La Boca, Parque Patricios, Nueva Pompeya",4,38,4,77.84166574145547,2025-01,COMUNA,35481.84,"{""type"":""MultiPoint"",""coordinates"":[]}"
78_00000000000000000004,6660603.77,"Almagro, Boedo",5,11,5,90.33345581991807,2025-01,COMUNA,12323.43,"{""type"":""MultiPoint"",""coordinates"":[]}"
78_00000000000000000005,6851029.56,Caballito,6,13,6,95.63057400472121,2025-01,COMUNA,10990.96,"{""type"":""MultiPoint"",""coordinates"":[]}"
78_00000000000000000006,1.2422902E7,"Flores, Parque Chacabuco",7,24,7,100.80202846573286,2025-01,COMUNA,17972.26,"{""type"":""MultiPoint"",""coordinates"":[]}"
78_00000000000000000007,2.223309659E7,"Villa Lugano, Villa Riachuelo, Villa Soldati",8,36,8,103.52267214107529,2025-01,COMUNA,20952.25,"{""type"":""MultiPoint"",""coordinates"":[]}"
78_00000000000000000008,1.650530734E7,"Parque Avellaneda, Mataderos, Liniers",9,27,9,112.94892092409056,2025-01,COMUNA,21411.74,"{""type"":""MultiPoint"",""coordinates"":[]}"
78_00000000000000000009,1.265655814E7,"Floresta, Monte Castro, Velez Sarsfield, Versalles, Villa Luro, Villa Real",10,25,10,105.11502756358394,2025-01,COMUNA,18332.04,"{""type"":""MultiPoint"",""coordinates"":[]}"
78_0000000000000000000a,1.412000807E7,"Villa Del Parque, Villa Devoto, Villa Gral. Mitre, Villa Santa Rita",11,26,11,95.92968810237018,2025-01,COMUNA,19987.7,"{""type"":""MultiPoint"",""coordinates"":[]}"
78_0000000000000000000b,1.557092811E7,"Villa Urquiza, Villa Pueyrredon, Saavedra, Coghlan",12,28,12,77.05359907877524,2025-01,COMUNA,17232.19,"{""type"":""MultiPoint"",""coordinates"":[]}"
78_0000000000000000000c,1.48461025E7,"Belgrano, Nuñez, Colegiales",13,27,13,65.46755317136248,2025-01,COMUNA,26155.33,"{""type"":""MultiPoint"",""coordinates"":[]}"
78_0000000000000000000d,1.592256351E7,Palermo,14,26,14,71.29562046787477,2025-01,COMUNA,22834.18,"{""type"":""MultiPoint"",""coordinates"":[]}"
78_0000000000000000000e,1.432289813E7,"Villa Ortuzar, Agronomia, Paternal, Parque Chas, Chacarita, Villa Crespo",15,24,15,88.94539012432153,2025-01,COMUNA,17832.59,"{""type"":""MultiPoint"",""coordinates"":[]}"
79_00000000000000000000,1.780103628E7,"Constitucion, San Telmo, Monserrat, Retiro, Puerto Madero, San Nicolas",1,35,1,109.83120831505893,2025-02,COMUNA,36351.19,"{""type"":""MultiPoint"",""coordinates"":[]}"
79_00000000000000000001,6433391.77,Recoleta,2,15,2,87.53310346236235,2025-02,COMUNA,25965.02,"{""type"":""MultiPoint"",""coordinates"":[]}"
79_00000000000000000002,6385992.08,"San Cristobal, Balvanera",3,11,3,122.4754683346769,2025-02,COMUNA,10486.26,"{""type"":""MultiPoint"",""coordinates"":[]}"
79_00000000000000000003,2.169064689E7,"Barracas, La Boca, Parque Patricios, Nueva Pompeya",4,38,4,128.05308783880403,2025-02,COMUNA,35481.84,"{""type"":""MultiPoint"",""coordinates"":[]}"
79_00000000000000000004,6660603.77,"Almagro, Boedo",5,11,5,117.5688979472452,2025-02,COMUNA,12323.43,"{""type"":""MultiPoint"",""coordinates"":[]}"
79_00000000000000000005,6851029.56,Caballito,6,13,6,112.28580042876838,2025-02,COMUNA,10990.96,"{""type"":""MultiPoint"",""coordinates"":[]}"
79_00000000000000000006,1.2422902E7,"Flores, Parque Chacabuco",7,24,7,112.31552340213419,2025-02,COMUNA,17972.26,"{""type"":""MultiPoint"",""coordinates"":[]}"
79_00000000000000000007,2.223309659E7,"Villa Lugano, Villa Riachuelo, Villa Soldati",8,36,8,117.72444660463024,2025-02,COMUNA,20952.25,"{""type"":""MultiPoint"",""coordinates"":[]}"
79_00000000000000000008,1.650530734E7,"Parque Avellaneda, Mataderos, Liniers",9,27,9,107.75937576250028,2025-02,COMUNA,21411.74,"{""type"":""MultiPoint"",""coordinates"":[]}"
79_00000000000000000009,1.265655814E7,"Floresta, Monte Castro, Velez Sarsfield, Versalles, Villa Luro, Villa Real",10,25,10,102.40968993539991,2025-02,COMUNA,18332.04,"{""type"":""MultiPoint"",""coordinates"":[]}"
79_0000000000000000000a,1.412000807E7,"Villa Del Parque, Villa Devoto, Villa Gral. Mitre, Villa Santa Rita",11,26,11,90.7891788756499,2025-02,COMUNA,19987.7,"{""type"":""MultiPoint"",""coordinates"":[]}"
79_0000000000000000000b,1.557092811E7,"Villa Urquiza, Villa Pueyrredon, Saavedra, Coghlan",12,28,12,73.95237762555767,2025-02,COMUNA,17232.19,"{""type"":""MultiPoint"",""coordinates"":[]}"
79_0000000000000000000c,1.48461025E7,"Belgrano, Nuñez, Colegiales",13,27,13,66.83309891386004,2025-02,COMUNA,26155.33,"{""type"":""MultiPoint"",""coordinates"":[]}"
79_0000000000000000000d,1.592256351E7,Palermo,14,26,14,80.54272123048582,2025-02,COMUNA,22834.18,"{""type"":""MultiPoint"",""coordinates"":[]}"
79_0000000000000000000e,1.432289813E7,"Villa Ortuzar, Agronomia, Paternal, Parque Chas, Chacarita, Villa Crespo",15,24,15,88.98899518112458,2025-02,COMUNA,17832.59,"{""type"":""MultiPoint"",""coordinates"":[]}"
80_00000000000000000000,1.780103628E7,"Constitucion, San Telmo, Monserrat, Retiro, Puerto Madero, San Nicolas",1,35,1,72.88159090345594,2025-03,COMUNA,36351.19,"{""type"":""MultiPoint"",""coordinates"":[]}"
80_00000000000000000001,6433391.77,Recoleta,2,15,2,74.04481485983919,2025-03,COMUNA,25965.02,"{""type"":""MultiPoint"",""coordinates"":[]}"
80_00000000000000000002,6385992.08,"San Cristobal, Balvanera",3,11,3,91.19434947369825,2025-03,COMUNA,10486.26,"{""type"":""MultiPoint"",""coordinates"":[]}"
80_00000000000000000003,2.169064689E7,"Barracas, La Boca, Parque Patricios, Nueva Pompeya",4,38,4,95.61267810152205,2025-03,COMUNA,35481.84,"{""type"":""MultiPoint"",""coordinates"":[]}"
80_00000000000000000004,6660603.77,"Almagro, Boedo",5,11,5,95.00622751380153,2025-03,COMUNA,12323.43,"{""type"":""MultiPoint"",""coordinates"":[]}"
80_00000000000000000005,6851029.56,Caballito,6,13,6,95.64895304228588,2025-03,COMUNA,10990.96,"{""type"":""MultiPoint"",""coordinates"":[]}"
80_00000000000000000006,1.2422902E7,"Flores, Parque Chacabuco",7,24,7,99.94641461187041,2025-03,COMUNA,17972.26,"{""type"":""MultiPoint"",""coordinates"":[]}"
80_00000000000000000007,2.223309659E7,"Villa Lugano, Villa Riachuelo, Villa Soldati",8,36,8,110.27897270649086,2025-03,COMUNA,20952.25,"{""type"":""MultiPoint"",""coordinates"":[]}"
80_00000000000000000008,1.650530734E7,"Parque Avellaneda, Mataderos, Liniers",9,27,9,107.05764789213629,2025-03,COMUNA,21411.74,"{""type"":""MultiPoint"",""coordinates"":[]}"
80_00000000000000000009,1.265655814E7,"Floresta, Monte Castro, Velez Sarsfield, Versalles, Villa Luro, Villa Real",10,25,10,99.79876901072427,2025-03,COMUNA,18332.04,"{""type"":""MultiPoint"",""coordinates"":[]}"
80_0000000000000000000a,1.412000807E7,"Villa Del Parque, Villa Devoto, Villa Gral. Mitre, Villa Santa Rita",11,26,11,90.39997132842196,2025-03,COMUNA,19987.7,"{""type"":""MultiPoint"",""coordinates"":[]}"
80_0000000000000000000b,1.557092811E7,"Villa Urquiza, Villa Pueyrredon, Saavedra, Coghlan",12,28,12,73.78302780028731,2025-03,COMUNA,17232.19,"{""type"":""MultiPoint"",""coordinates"":[]}"
80_0000000000000000000c,1.48461025E7,"Belgrano, Nuñez, Colegiales",13,27,13,61.21303128495032,2025-03,COMUNA,26155.33,"{""type"":""MultiPoint"",""coordinates"":[]}"
80_0000000000000000000d,1.592256351E7,Palermo,14,26,14,69.41502595951808,2025-03,COMUNA,22834.18,"{""type"":""MultiPoint"",""coordinates"":[]}"
80_0000000000000000000e,1.432289813E7,"Villa Ortuzar, Agronomia, Paternal, Parque Chas, Chacarita, Villa Crespo",15,24,15,83.6977112680682,2025-03,COMUNA,17832.59,"{""type"":""MultiPoint"",""coordinates"":[]}"
81_00000000000000000000,1.780103628E7,"Constitucion, San Telmo, Monserrat, Retiro, Puerto Madero, San Nicolas",1,35,1,113.32520647673363,2025-04,COMUNA,36351.19,"{""type"":""MultiPoint"",""coordinates"":[]}"
81_00000000000000000001,6433391.77,Recoleta,2,15,2,104.20306954126661,2025-04,COMUNA,25965.02,"{""type"":""MultiPoint"",""coordinates"":[]}"
81_00000000000000000002,6385992.08,"San Cristobal, Balvanera",3,11,3,127.2500001623416,2025-04,COMUNA,10486.26,"{""type"":""MultiPoint"",""coordinates"":[]}"
81_00000000000000000003,2.169064689E7,"Barracas, La Boca, Parque Patricios, Nueva Pompeya",4,38,4,134.04604661720347,2025-04,COMUNA,35481.84,"{""type"":""MultiPoint"",""coordinates"":[]}"
81_00000000000000000004,6660603.77,"Almagro, Boedo",5,11,5,134.3144393211349,2025-04,COMUNA,12323.43,"{""type"":""MultiPoint"",""coordinates"":[]}"
81_00000000000000000005,6851029.56,Caballito,6,13,6,135.36650638919892,2025-04,COMUNA,10990.96,"{""type"":""MultiPoint"",""coordinates"":[]}"
81_00000000000000000006,1.2422902E7,"Flores, Parque Chacabuco",7,24,7,140.72333032268136,2025-04,COMUNA,17972.26,"{""type"":""MultiPoint"",""coordinates"":[]}"
81_00000000000000000007,2.223309659E7,"Villa Lugano, Villa Riachuelo, Villa Soldati",8,36,8,146.97379904844905,2025-04,COMUNA,20952.25,"{""type"":""MultiPoint"",""coordinates"":[]}"
81_00000000000000000008,1.650530734E7,"Parque Avellaneda, Mataderos, Liniers",9,27,9,131.50029555459093,2025-04,COMUNA,21411.74,"{""type"":""MultiPoint"",""coordinates"":[]}"
81_00000000000000000009,1.265655814E7,"Floresta, Monte Castro, Velez Sarsfield, Versalles, Villa Luro, Villa Real",10,25,10,116.25785587302914,2025-04,COMUNA,18332.04,"{""type"":""MultiPoint"",""coordinates"":[]}"
81_0000000000000000000a,1.412000807E7,"Villa Del Parque, Villa Devoto, Villa Gral. Mitre, Villa Santa Rita",11,26,11,119.59145383286985,2025-04,COMUNA,19987.7,"{""type"":""MultiPoint"",""coordinates"":[]}"
81_0000000000000000000b,1.557092811E7,"Villa Urquiza, Villa Pueyrredon, Saavedra, Coghlan",12,28,12,106.6387457160636,2025-04,COMUNA,17232.19,"{""type"":""MultiPoint"",""coordinates"":[]}"
81_0000000000000000000c,1.48461025E7,"Belgrano, Nuñez, Colegiales",13,27,13,100.94900519037468,2025-04,COMUNA,26155.33,"{""type"":""MultiPoint"",""coordinates"":[]}"
81_0000000000000000000d,1.592256351E7,Palermo,14,26,14,104.66905032178174,2025-04,COMUNA,22834.18,"{""type"":""MultiPoint"",""coordinates"":[]}"
81_0000000000000000000e,1.432289813E7,"Villa Ortuzar, Agronomia, Paternal, Parque Chas, Chacarita, Villa Crespo",15,24,15,118.33474717771215,2025-04,COMUNA,17832.59,"{""type"":""MultiPoint"",""coordinates"":[]}"
82_00000000000000000000,1.780103628E7,"Constitucion, San Telmo, Monserrat, Retiro, Puerto Madero, San Nicolas",1,35,1,144.12381402883912,2025-05,COMUNA,36351.19,"{""type"":""MultiPoint"",""coordinates"":[]}"
82_00000000000000000001,6433391.77,Recoleta,2,15,2,145.50921875187814,2025-05,COMUNA,25965.02,"{""type"":""MultiPoint"",""coordinates"":[]}"
82_00000000000000000002,6385992.08,"San Cristobal, Balvanera",3,11,3,159.1137013526155,2025-05,COMUNA,10486.26,"{""type"":""MultiPoint"",""coordinates"":[]}"
82_00000000000000000003,2.169064689E7,"Barracas, La Boca, Parque Patricios, Nueva Pompeya",4,38,4,157.4371768435196,2025-05,COMUNA,35481.84,"{""type"":""MultiPoint"",""coordinates"":[]}"
82_00000000000000000004,6660603.77,"Almagro, Boedo",5,11,5,158.54340101508626,2025-05,COMUNA,12323.43,"{""type"":""MultiPoint"",""coordinates"":[]}"
82_00000000000000000005,6851029.56,Caballito,6,13,6,152.76990731269177,2025-05,COMUNA,10990.96,"{""type"":""MultiPoint"",""coordinates"":[]}"
82_00000000000000000006,1.2422902E7,"Flores, Parque Chacabuco",7,24,7,150.4969724156061,2025-05,COMUNA,17972.26,"{""type"":""MultiPoint"",""coordinates"":[]}"
82_00000000000000000007,2.223309659E7,"Villa Lugano, Villa Riachuelo, Villa Soldati",8,36,8,135.81243483042866,2025-05,COMUNA,20952.25,"{""type"":""MultiPoint"",""coordinates"":[]}"
82_00000000000000000008,1.650530734E7,"Parque Avellaneda, Mataderos, Liniers",9,27,9,138.77952523823646,2025-05,COMUNA,21411.74,"{""type"":""MultiPoint"",""coordinates"":[]}"
82_00000000000000000009,1.265655814E7,"Floresta, Monte Castro, Velez Sarsfield, Versalles, Villa Luro, Villa Real",10,25,10,143.15054895759408,2025-05,COMUNA,18332.04,"{""type"":""MultiPoint"",""coordinates"":[]}"
82_0000000000000000000a,1.412000807E7,"Villa Del Parque, Villa Devoto, Villa Gral. Mitre, Villa Santa Rita",11,26,11,154.30422465223347,2025-05,COMUNA,19987.7,"{""type"":""MultiPoint"",""coordinates"":[]}"
82_0000000000000000000b,1.557092811E7,"Villa Urquiza, Villa Pueyrredon, Saavedra, Coghlan",12,28,12,144.66386324645828,2025-05,COMUNA,17232.19,"{""type"":""MultiPoint"",""coordinates"":[]}"
82_0000000000000000000c,1.48461025E7,"Belgrano, Nuñez, Colegiales",13,27,13,126.8481308553032,2025-05,COMUNA,26155.33,"{""type"":""MultiPoint"",""coordinates"":[]}"
82_0000000000000000000d,1.592256351E7,Palermo,14,26,14,146.39049319106337,2025-05,COMUNA,22834.18,"{""type"":""MultiPoint"",""coordinates"":[]}"
82_0000000000000000000e,1.432289813E7,"Villa Ortuzar, Agronomia, Paternal, Parque Chas, Chacarita, Villa Crespo",15,24,15,157.024921125592,2025-05,COMUNA,17832.59,"{""type"":""MultiPoint"",""coordinates"":[]}"
83_00000000000000000000,1.780103628E7,"Constitucion, San Telmo, Monserrat, Retiro, Puerto Madero, San Nicolas",1,35,1,207.42719516140622,2025-06,COMUNA,36351.19,"{""type"":""MultiPoint"",""coordinates"":[]}"
83_00000000000000000001,6433391.77,Recoleta,2,15,2,197.9617981371156,2025-06,COMUNA,25965.02,"{""type"":""MultiPoint"",""coordinates"":[]}"
83_00000000000000000002,6385992.08,"San Cristobal, Balvanera",3,11,3,226.2432550871664,2025-06,COMUNA,10486.26,"{""type"":""MultiPoint"",""coordinates"":[]}"
83_00000000000000000003,2.169064689E7,"Barracas, La Boca, Parque Patricios, Nueva Pompeya",4,38,4,238.35985013604602,2025-06,COMUNA,35481.84,"{""type"":""MultiPoint"",""coordinates"":[]}"
83_00000000000000000004,6660603.77,"Almagro, Boedo",5,11,5,226.75327856275348,2025-06,COMUNA,12323.43,"{""type"":""MultiPoint"",""coordinates"":[]}"
83_00000000000000000005,6851029.56,Caballito,6,13,6,219.5950351435009,2025-06,COMUNA,10990.96,"{""type"":""MultiPoint"",""coordinates"":[]}"
83_00000000000000000006,1.2422902E7,"Flores, Parque Chacabuco",7,24,7,224.84444517385472,2025-06,COMUNA,17972.26,"{""type"":""MultiPoint"",""coordinates"":[]}"
83_00000000000000000007,2.223309659E7,"Villa Lugano, Villa Riachuelo, Villa Soldati",8,36,8,226.5512667019422,2025-06,COMUNA,20952.25,"{""type"":""MultiPoint"",""coordinates"":[]}"
83_00000000000000000008,1.650530734E7,"Parque Avellaneda, Mataderos, Liniers",9,27,9,216.8997251086582,2025-06,COMUNA,21411.74,"{""type"":""MultiPoint"",""coordinates"":[]}"
83_00000000000000000009,1.265655814E7,"Floresta, Monte Castro, Velez Sarsfield, Versalles, Villa Luro, Villa Real",10,25,10,214.25283857913064,2025-06,COMUNA,18332.04,"{""type"":""MultiPoint"",""coordinates"":[]}"
83_0000000000000000000a,1.412000807E7,"Villa Del Parque, Villa Devoto, Villa Gral. Mitre, Villa Santa Rita",11,26,11,204.89779445318055,2025-06,COMUNA,19987.7,"{""type"":""MultiPoint"",""coordinates"":[]}"
83_0000000000000000000b,1.557092811E7,"Villa Urquiza, Villa Pueyrredon, Saavedra, Coghlan",12,28,12,179.7736300814499,2025-06,COMUNA,17232.19,"{""type"":""MultiPoint"",""coordinates"":[]}"
83_0000000000000000000c,1.48461025E7,"Belgrano, Nuñez, Colegiales",13,27,13,169.8425540565494,2025-06,COMUNA,26155.33,"{""type"":""MultiPoint"",""coordinates"":[]}"
83_0000000000000000000d,1.592256351E7,Palermo,14,26,14,190.2908299194446,2025-06,COMUNA,22834.18,"{""type"":""MultiPoint"",""coordinates"":[]}"
83_0000000000000000000e,1.432289813E7,"Villa Ortuzar, Agronomia, Paternal, Parque Chas, Chacarita, Villa Crespo",15,24,15,197.74713827188776,2025-06,COMUNA,17832.59,"{""type"":""MultiPoint"",""coordinates"":[]}"
84_00000000000000000000,1.780103628E7,"Constitucion, San Telmo, Monserrat, Retiro, Puerto Madero, San Nicolas",1,35,1,147.0755594060685,2025-07,COMUNA,36351.19,"{""type"":""MultiPoint"",""coordinates"":[]}"
84_00000000000000000001,6433391.77,Recoleta,2,15,2,137.7766327458602,2025-07,COMUNA,25965.02,"{""type"":""MultiPoint"",""coordinates"":[]}"
84_00000000000000000002,6385992.08,"San Cristobal, Balvanera",3,11,3,157.58040095813476,2025-07,COMUNA,10486.26,"{""type"":""MultiPoint"",""coordinates"":[]}"
84_00000000000000000003,2.169064689E7,"Barracas, La Boca, Parque Patricios, Nueva Pompeya",4,38,4,158.20994963048702,2025-07,COMUNA,35481.84,"{""type"":""MultiPoint"",""coordinates"":[]}"
84_00000000000000000004,6660603.77,"Almagro, Boedo",5,11,5,159.16162649512557,2025-07,COMUNA,12323.43,"{""type"":""MultiPoint"",""coordinates"":[]}"
84_00000000000000000005,6851029.56,Caballito,6,13,6,156.47306968115305,2025-07,COMUNA,10990.96,"{""type"":""MultiPoint"",""coordinates"":[]}"
84_00000000000000000006,1.2422902E7,"Flores, Parque Chacabuco",7,24,7,154.2002672245498,2025-07,COMUNA,17972.26,"{""type"":""MultiPoint"",""coordinates"":[]}"
84_00000000000000000007,2.223309659E7,"Villa Lugano, Villa Riachuelo, Villa Soldati",8,36,8,155.09016696109217,2025-07,COMUNA,20952.25,"{""type"":""MultiPoint"",""coordinates"":[]}"
84_00000000000000000008,1.650530734E7,"Parque Avellaneda, Mataderos, Liniers",9,27,9,148.3366702984041,2025-07,COMUNA,21411.74,"{""type"":""MultiPoint"",""coordinates"":[]}"
84_00000000000000000009,1.265655814E7,"Floresta, Monte Castro, Velez Sarsfield, Versalles, Villa Luro, Villa Real",10,25,10,144.78524135276274,2025-07,COMUNA,18332.04,"{""type"":""MultiPoint"",""coordinates"":[]}"
84_0000000000000000000a,1.412000807E7,"Villa Del Parque, Villa Devoto, Villa Gral. Mitre, Villa Santa Rita",11,26,11,140.59392990041718,2025-07,COMUNA,19987.7,"{""type"":""MultiPoint"",""coordinates"":[]}"
84_0000000000000000000b,1.557092811E7,"Villa Urquiza, Villa Pueyrredon, Saavedra, Coghlan",12,28,12,132.03522966336104,2025-07,COMUNA,17232.19,"{""type"":""MultiPoint"",""coordinates"":[]}"
84_0000000000000000000c,1.48461025E7,"Belgrano, Nuñez, Colegiales",13,27,13,123.78251333575403,2025-07,COMUNA,26155.33,"{""type"":""MultiPoint"",""coordinates"":[]}"
84_0000000000000000000d,1.592256351E7,Palermo,14,26,14,135.4746630075083,2025-07,COMUNA,22834.18,"{""type"":""MultiPoint"",""coordinates"":[]}"
84_0000000000000000000e,1.432289813E7,"Villa Ortuzar, Agronomia, Paternal, Parque Chas, Chacarita, Villa Crespo",15,24,15,144.65996012404574,2025-07,COMUNA,17832.59,"{""type"":""MultiPoint"",""coordinates"":[]}"
85_00000000000000000000,1.780103628E7,"Constitucion, San Telmo, Monserrat, Retiro, Puerto Madero, San Nicolas",1,35,1,149.29235291410708,2025-08,COMUNA,36351.19,"{""type"":""MultiPoint"",""coordinates"":[]}"
85_00000000000000000001,6433391.77,Recoleta,2,15,2,141.02164992557934,2025-08,COMUNA,25965.02,"{""type"":""MultiPoint"",""coordinates"":[]}"
85_00000000000000000002,6385992.08,"San Cristobal, Balvanera",3,11,3,151.08600937767045,2025-08,COMUNA,10486.26,"{""type"":""MultiPoint"",""coordinates"":[]}"
85_00000000000000000003,2.169064689E7,"Barracas, La Boca, Parque Patricios, Nueva Pompeya",4,38,4,150.50651731447752,2025-08,COMUNA,35481.84,"{""type"":""MultiPoint"",""coordinates"":[]}"
85_00000000000000000004,6660603.77,"Almagro, Boedo",5,11,5,147.33401993504407,2025-08,COMUNA,12323.43,"{""type"":""MultiPoint"",""coordinates"":[]}"
85_00000000000000000005,6851029.56,Caballito,6,13,6,155.26649800763886,2025-08,COMUNA,10990.96,"{""type"":""MultiPoint"",""coordinates"":[]}"
85_00000000000000000006,1.2422902E7,"Flores, Parque Chacabuco",7,24,7,156.18315652397592,2025-08,COMUNA,17972.26,"{""type"":""MultiPoint"",""coordinates"":[]}"
85_00000000000000000007,2.223309659E7,"Villa Lugano, Villa Riachuelo, Villa Soldati",8,36,8,149.34542359284362,2025-08,COMUNA,20952.25,"{""type"":""MultiPoint"",""coordinates"":[]}"
85_00000000000000000008,1.650530734E7,"Parque Avellaneda, Mataderos, Liniers",9,27,9,141.76733603428363,2025-08,COMUNA,21411.74,"{""type"":""MultiPoint"",""coordinates"":[]}"
85_00000000000000000009,1.265655814E7,"Floresta, Monte Castro, Velez Sarsfield, Versalles, Villa Luro, Villa Real",10,25,10,141.23586728093957,2025-08,COMUNA,18332.04,"{""type"":""MultiPoint"",""coordinates"":[]}"
85_0000000000000000000a,1.412000807E7,"Villa Del Parque, Villa Devoto, Villa Gral. Mitre, Villa Santa Rita",11,26,11,142.8524546972975,2025-08,COMUNA,19987.7,"{""type"":""MultiPoint"",""coordinates"":[]}"
85_0000000000000000000b,1.557092811E7,"Villa Urquiza, Villa Pueyrredon, Saavedra, Coghlan",12,28,12,129.9518339232121,2025-08,COMUNA,17232.19,"{""type"":""MultiPoint"",""coordinates"":[]}"
85_0000000000000000000c,1.48461025E7,"Belgrano, Nuñez, Colegiales",13,27,13,122.92654499651363,2025-08,COMUNA,26155.33,"{""type"":""MultiPoint"",""coordinates"":[]}"
85_0000000000000000000d,1.592256351E7,Palermo,14,26,14,130.68556354607577,2025-08,COMUNA,22834.18,"{""type"":""MultiPoint"",""coordinates"":[]}"
85_0000000000000000000e,1.432289813E7,"Villa Ortuzar, Agronomia, Paternal, Parque Chas, Chacarita, Villa Crespo",15,24,15,149.0666963768487,2025-08,COMUNA,17832.59,"{""type"":""MultiPoint"",""coordinates"":[]}"
86_00000000000000000000,1.780103628E7,"Constitucion, San Telmo, Monserrat, Retiro, Puerto Madero, San Nicolas",1,35,1,105.14471189830786,2025-09,COMUNA,36351.19,"{""type"":""MultiPoint"",""coordinates"":[]}"
86_00000000000000000001,6433391.77,Recoleta,2,15,2,113.0427520906066,2025-09,COMUNA,25965.02,"{""type"":""MultiPoint"",""coordinates"":[]}"
86_00000000000000000002,6385992.08,"San Cristobal, Balvanera",3,11,3,112.24879354006202,2025-09,COMUNA,10486.26,"{""type"":""MultiPoint"",""coordinates"":[]}"
86_00000000000000000003,2.169064689E7,"Barracas, La Boca, Parque Patricios, Nueva Pompeya",4,38,4,104.58589554657067,2025-09,COMUNA,35481.84,"{""type"":""MultiPoint"",""coordinates"":[]}"
86_00000000000000000004,6660603.77,"Almagro, Boedo",5,11,5,118.98260781655334,2025-09,COMUNA,12323.43,"{""type"":""MultiPoint"",""coordinates"":[]}"
86_00000000000000000005,6851029.56,Caballito,6,13,6,122.53103260070118,2025-09,COMUNA,10990.96,"{""type"":""MultiPoint"",""coordinates"":[]}"
86_00000000000000000006,1.2422902E7,"Flores, Parque Chacabuco",7,24,7,118.44895099825543,2025-09,COMUNA,17972.26,"{""type"":""MultiPoint"",""coordinates"":[]}"
86_00000000000000000007,2.223309659E7,"Villa Lugano, Villa Riachuelo, Villa Soldati",8,36,8,114.37963978304114,2025-09,COMUNA,20952.25,"{""type"":""MultiPoint"",""coordinates"":[]}"
86_00000000000000000008,1.650530734E7,"Parque Avellaneda, Mataderos, Liniers",9,27,9,120.89160323055603,2025-09,COMUNA,21411.74,"{""type"":""MultiPoint"",""coordinates"":[]}"
86_00000000000000000009,1.265655814E7,"Floresta, Monte Castro, Velez Sarsfield, Versalles, Villa Luro, Villa Real",10,25,10,115.70722352172575,2025-09,COMUNA,18332.04,"{""type"":""MultiPoint"",""coordinates"":[]}"
86_0000000000000000000a,1.412000807E7,"Villa Del Parque, Villa Devoto, Villa Gral. Mitre, Villa Santa Rita",11,26,11,113.14813461168642,2025-09,COMUNA,19987.7,"{""type"":""MultiPoint"",""coordinates"":[]}"
86_0000000000000000000b,1.557092811E7,"Villa Urquiza, Villa Pueyrredon, Saavedra, Coghlan",12,28,12,105.20571858293928,2025-09,COMUNA,17232.19,"{""type"":""MultiPoint"",""coordinates"":[]}"
86_0000000000000000000c,1.48461025E7,"Belgrano, Nuñez, Colegiales",13,27,13,109.48611597831797,2025-09,COMUNA,26155.33,"{""type"":""MultiPoint"",""coordinates"":[]}"
86_0000000000000000000d,1.592256351E7,Palermo,14,26,14,114.03869151836273,2025-09,COMUNA,22834.18,"{""type"":""MultiPoint"",""coordinates"":[]}"
86_0000000000000000000e,1.432289813E7,"Villa Ortuzar, Agronomia, Paternal, Parque Chas, Chacarita, Villa Crespo",15,24,15,117.22923214392588,2025-09,COMUNA,17832.59,"{""type"":""MultiPoint"",""coordinates"":[]}"
87_00000000000000000000,1.780103628E7,"Constitucion, San Telmo, Monserrat, Retiro, Puerto Madero, San Nicolas",1,35,1,70.68459845510401,2025-10,COMUNA,36351.19,"{""type"":""MultiPoint"",""coordinates"":[]}"
87_00000000000000000001,6433391.77,Recoleta,2,15,2,69.15986622832054,2025-10,COMUNA,25965.02,"{""type"":""MultiPoint"",""coordinates"":[]}"
87_00000000000000000002,6385992.08,"San Cristobal, Balvanera",3,11,3,82.68090371502828,2025-10,COMUNA,10486.26,"{""type"":""MultiPoint"",""coordinates"":[]}"
87_00000000000000000003,2.169064689E7,"Barracas, La Boca, Parque Patricios, Nueva Pompeya",4,38,4,83.07633442738548,2025-10,COMUNA,35481.84,"{""type"":""MultiPoint"",""coordinates"":[]}"
87_00000000000000000004,6660603.77,"Almagro, Boedo",5,11,5,85.45867706997451,2025-10,COMUNA,12323.43,"{""type"":""MultiPoint"",""coordinates"":[]}"
87_00000000000000000005,6851029.56,Caballito,6,13,6,86.51905711449378,2025-10,COMUNA,10990.96,"{""type"":""MultiPoint"",""coordinates"":[]}"
87_00000000000000000006,1.2422902E7,"Flores, Parque Chacabuco",7,24,7,92.88128524224456,2025-10,COMUNA,17972.26,"{""type"":""MultiPoint"",""coordinates"":[]}"
87_00000000000000000007,2.223309659E7,"Villa Lugano, Villa Riachuelo, Villa Soldati",8,36,8,98.36423328216047,2025-10,COMUNA,20952.25,"{""type"":""MultiPoint"",""coordinates"":[]}"
87_00000000000000000008,1.650530734E7,"Parque Avellaneda, Mataderos, Liniers",9,27,9,98.2571238778327,2025-10,COMUNA,21411.74,"{""type"":""MultiPoint"",""coordinates"":[]}"
87_00000000000000000009,1.265655814E7,"Floresta, Monte Castro, Velez Sarsfield, Versalles, Villa Luro, Villa Real",10,25,10,89.56357322707775,2025-10,COMUNA,18332.04,"{""type"":""MultiPoint"",""coordinates"":[]}"
87_0000000000000000000a,1.412000807E7,"Villa Del Parque, Villa Devoto, Villa Gral. Mitre, Villa Santa Rita",11,26,11,83.4927833984031,2025-10,COMUNA,19987.7,"{""type"":""MultiPoint"",""coordinates"":[]}"
87_0000000000000000000b,1.557092811E7,"Villa Urquiza, Villa Pueyrredon, Saavedra, Coghlan",12,28,12,66.08496437239857,2025-10,COMUNA,17232.19,"{""type"":""MultiPoint"",""coordinates"":[]}"
87_0000000000000000000c,1.48461025E7,"Belgrano, Nuñez, Colegiales",13,27,13,57.305557215282,2025-10,COMUNA,26155.33,"{""type"":""MultiPoint"",""coordinates"":[]}"
87_0000000000000000000d,1.592256351E7,Palermo,14,26,14,67.58321319858881,2025-10,COMUNA,22834.18,"{""type"":""MultiPoint"",""coordinates"":[]}"
87_0000000000000000000e,1.432289813E7,"Villa Ortuzar, Agronomia, Paternal, Parque Chas, Chacarita, Villa Crespo",15,24,15,80.56395204731206,2025-10,COMUNA,17832.59,"{""type"":""MultiPoint"",""coordinates"":[]}"
88_00000000000000000000,1.780103628E7,"Constitucion, San Telmo, Monserrat, Retiro, Puerto Madero, San Nicolas",1,35,1,69.50063409316293,2025-11,COMUNA,36351.19,"{""type"":""MultiPoint"",""coordinates"":[]}"
88_00000000000000000001,6433391.77,Recoleta,2,15,2,70.79362505012219,2025-11,COMUNA,25965.02,"{""type"":""MultiPoint"",""coordinates"":[]}"
88_00000000000000000002,6385992.08,"San Cristobal, Balvanera",3,11,3,82.2176231150536,2025-11,COMUNA,10486.26,"{""type"":""MultiPoint"",""coordinates"":[]}"
88_00000000000000000003,2.169064689E7,"Barracas, La Boca, Parque Patricios, Nueva Pompeya",4,38,4,84.98218914039884,2025-11,COMUNA,35481.84,"{""type"":""MultiPoint"",""coordinates"":[]}"
88_00000000000000000004,6660603.77,"Almagro, Boedo",5,11,5,86.40768551651604,2025-11,COMUNA,12323.43,"{""type"":""MultiPoint"",""coordinates"":[]}"
88_00000000000000000005,6851029.56,Caballito,6,13,6,88.1714367546678,2025-11,COMUNA,10990.96,"{""type"":""MultiPoint"",""coordinates"":[]}"
88_00000000000000000006,1.2422902E7,"Flores, Parque Chacabuco",7,24,7,93.25464074405738,2025-11,COMUNA,17972.26,"{""type"":""MultiPoint"",""coordinates"":[]}"
88_00000000000000000007,2.223309659E7,"Villa Lugano, Villa Riachuelo, Villa Soldati",8,36,8,103.26330713528922,2025-11,COMUNA,20952.25,"{""type"":""MultiPoint"",""coordinates"":[]}"
88_00000000000000000008,1.650530734E7,"Parque Avellaneda, Mataderos, Liniers",9,27,9,97.18173660716043,2025-11,COMUNA,21411.74,"{""type"":""MultiPoint"",""coordinates"":[]}"
88_00000000000000000009,1.265655814E7,"Floresta, Monte Castro, Velez Sarsfield, Versalles, Villa Luro, Villa Real",10,25,10,91.02667302047014,2025-11,COMUNA,18332.04,"{""type"":""MultiPoint"",""coordinates"":[]}"
88_0000000000000000000a,1.412000807E7,"Villa Del Parque, Villa Devoto, Villa Gral. Mitre, Villa Santa Rita",11,26,11,82.2411440199281,2025-11,COMUNA,19987.7,"{""type"":""MultiPoint"",""coordinates"":[]}"
88_0000000000000000000b,1.557092811E7,"Villa Urquiza, Villa Pueyrredon, Saavedra, Coghlan",12,28,12,64.41124498210513,2025-11,COMUNA,17232.19,"{""type"":""MultiPoint"",""coordinates"":[]}"
88_0000000000000000000c,1.48461025E7,"Belgrano, Nuñez, Colegiales",13,27,13,60.60315216969437,2025-11,COMUNA,26155.33,"{""type"":""MultiPoint"",""coordinates"":[]}"
88_0000000000000000000d,1.592256351E7,Palermo,14,26,14,67.8411027785237,2025-11,COMUNA,22834.18,"{""type"":""MultiPoint"",""coordinates"":[]}"
88_0000000000000000000e,1.432289813E7,"Villa Ortuzar, Agronomia, Paternal, Parque Chas, Chacarita, Villa Crespo",15,24,15,77.91623532002966,2025-11,COMUNA,17832.59,"{""type"":""MultiPoint"",""coordinates"":[]}"
89_00000000000000000000,1.780103628E7,"Constitucion, San Telmo, Monserrat, Retiro, Puerto Madero, San Nicolas",1,35,1,117.86813747340388,2025-12,COMUNA,36351.19,"{""type"":""MultiPoint"",""coordinates"":[]}"
89_00000000000000000001,6433391.77,Recoleta,2,15,2,119.09071980277903,2025-12,COMUNA,25965.02,"{""type"":""MultiPoint"",""coordinates"":[]}"
89_00000000000000000002,6385992.08,"San Cristobal, Balvanera",3,11,3,149.17337819621238,2025-12,COMUNA,10486.26,"{""type"":""MultiPoint"",""coordinates"":[]}"
89_00000000000000000003,2.169064689E7,"Barracas, La Boca, Parque Patricios, Nueva Pompeya",4,38,4,132.33972319077105,2025-12,COMUNA,35481.84,"{""type"":""MultiPoint"",""coordinates"":[]}"
89_00000000000000000004,6660603.77,"Almagro, Boedo",5,11,5,152.37338566797646,2025-12,COMUNA,12323.43,"{""type"":""MultiPoint"",""coordinates"":[]}"
89_00000000000000000005,6851029.56,Caballito,6,13,6,146.43512273978104,2025-12,COMUNA,10990.96,"{""type"":""MultiPoint"",""coordinates"":[]}"
89_00000000000000000006,1.2422902E7,"Flores, Parque Chacabuco",7,24,7,141.39838111856255,2025-12,COMUNA,17972.26,"{""type"":""MultiPoint"",""coordinates"":[]}"
89_00000000000000000007,2.223309659E7,"Villa Lugano, Villa Riachuelo, Villa Soldati",8,36,8,125.48406482243116,2025-12,COMUNA,20952.25,"{""type"":""MultiPoint"",""coordinates"":[]}"
89_00000000000000000008,1.650530734E7,"Parque Avellaneda, Mataderos, Liniers",9,27,9,123.17966287372897,2025-12,COMUNA,21411.74,"{""type"":""MultiPoint"",""coordinates"":[]}"
89_00000000000000000009,1.265655814E7,"Floresta, Monte Castro, Velez Sarsfield, Versalles, Villa Luro, Villa Real",10,25,10,127.9265928340667,2025-12,COMUNA,18332.04,"{""type"":""MultiPoint"",""coordinates"":[]}"
89_0000000000000000000a,1.412000807E7,"Villa Del Parque, Villa Devoto, Villa Gral. Mitre, Villa Santa Rita",11,26,11,122.82072744569395,2025-12,COMUNA,19987.7,"{""type"":""MultiPoint"",""coordinates"":[]}"
89_0000000000000000000b,1.557092811E7,"Villa Urquiza, Villa Pueyrredon, Saavedra, Coghlan",12,28,12,106.19249499463002,2025-12,COMUNA,17232.19,"{""type"":""MultiPoint"",""coordinates"":[]}"
89_0000000000000000000c,1.48461025E7,"Belgrano, Nuñez, Colegiales",13,27,13,103.06132624592992,2025-12,COMUNA,26155.33,"{""type"":""MultiPoint"",""coordinates"":[]}"
89_0000000000000000000d,1.592256351E7,Palermo,14,26,14,117.33011890980877,2025-12,COMUNA,22834.18,"{""type"":""MultiPoint"",""coordinates"":[]}"
89_0000000000000000000e,1.432289813E7,"Villa Ortuzar, Agronomia, Paternal, Parque Chas, Chacarita, Villa Crespo",15,24,15,124.32954927638933,2025-12,COMUNA,17832.59,"{""type"":""MultiPoint"",""coordinates"":[]}"
90_00000000000000000000,1.780103628E7,"Constitucion, San Telmo, Monserrat, Retiro, Puerto Madero, San Nicolas",1,35,1,67.63725064008854,2026-01,COMUNA,36351.19,"{""type"":""MultiPoint"",""coordinates"":[]}"
90_00000000000000000001,6433391.77,Recoleta,2,15,2,72.19341799884903,2026-01,COMUNA,25965.02,"{""type"":""MultiPoint"",""coordinates"":[]}"
90_00000000000000000002,6385992.08,"San Cristobal, Balvanera",3,11,3,82.62153933774354,2026-01,COMUNA,10486.26,"{""type"":""MultiPoint"",""coordinates"":[]}"
90_00000000000000000003,2.169064689E7,"Barracas, La Boca, Parque Patricios, Nueva Pompeya",4,38,4,79.83814647679547,2026-01,COMUNA,35481.84,"{""type"":""MultiPoint"",""coordinates"":[]}"
90_00000000000000000004,6660603.77,"Almagro, Boedo",5,11,5,85.82613026062693,2026-01,COMUNA,12323.43,"{""type"":""MultiPoint"",""coordinates"":[]}"
90_00000000000000000005,6851029.56,Caballito,6,13,6,87.31962057060872,2026-01,COMUNA,10990.96,"{""type"":""MultiPoint"",""coordinates"":[]}"
90_00000000000000000006,1.2422902E7,"Flores, Parque Chacabuco",7,24,7,87.00676075765409,2026-01,COMUNA,17972.26,"{""type"":""MultiPoint"",""coordinates"":[]}"
90_00000000000000000007,2.223309659E7,"Villa Lugano, Villa Riachuelo, Villa Soldati",8,36,8,81.50144012302145,2026-01,COMUNA,20952.25,"{""type"":""MultiPoint"",""coordinates"":[]}"
90_00000000000000000008,1.650530734E7,"Parque Avellaneda, Mataderos, Liniers",9,27,9,80.38708258583989,2026-01,COMUNA,21411.74,"{""type"":""MultiPoint"",""coordinates"":[]}"
90_00000000000000000009,1.265655814E7,"Floresta, Monte Castro, Velez Sarsfield, Versalles, Villa Luro, Villa Real",10,25,10,81.51030741193888,2026-01,COMUNA,18332.04,"{""type"":""MultiPoint"",""coordinates"":[]}"
90_0000000000000000000a,1.412000807E7,"Villa Del Parque, Villa Devoto, Villa Gral. Mitre, Villa Santa Rita",11,26,11,81.01595548486098,2026-01,COMUNA,19987.7,"{""type"":""MultiPoint"",""coordinates"":[]}"
90_0000000000000000000b,1.557092811E7,"Villa Urquiza, Villa Pueyrredon, Saavedra, Coghlan",12,28,12,72.45274301027602,2026-01,COMUNA,17232.19,"{""type"":""MultiPoint"",""coordinates"":[]}"
90_0000000000000000000c,1.48461025E7,"Belgrano, Nuñez, Colegiales",13,27,13,68.09998874032652,2026-01,COMUNA,26155.33,"{""type"":""MultiPoint"",""coordinates"":[]}"
90_0000000000000000000d,1.592256351E7,Palermo,14,26,14,71.83934446438808,2026-01,COMUNA,22834.18,"{""type"":""MultiPoint"",""coordinates"":[]}"
90_0000000000000000000e,1.432289813E7,"Villa Ortuzar, Agronomia, Paternal, Parque Chas, Chacarita, Villa Crespo",15,24,15,81.45247360368438,2026-01,COMUNA,17832.59,"{""type"":""MultiPoint"",""coordinates"":[]}"
91_00000000000000000000,1.780103628E7,"Constitucion, San Telmo, Monserrat, Retiro, Puerto Madero, San Nicolas",1,35,1,87.90223202564563,2026-02,COMUNA,36351.19,"{""type"":""MultiPoint"",""coordinates"":[]}"
91_00000000000000000001,6433391.77,Recoleta,2,15,2,91.40148323721488,2026-02,COMUNA,25965.02,"{""type"":""MultiPoint"",""coordinates"":[]}"
91_00000000000000000002,6385992.08,"San Cristobal, Balvanera",3,11,3,111.82739200403444,2026-02,COMUNA,10486.26,"{""type"":""MultiPoint"",""coordinates"":[]}"
91_00000000000000000003,2.169064689E7,"Barracas, La Boca, Parque Patricios, Nueva Pompeya",4,38,4,105.56881111609482,2026-02,COMUNA,35481.84,"{""type"":""MultiPoint"",""coordinates"":[]}"
91_00000000000000000004,6660603.77,"Almagro, Boedo",5,11,5,118.6956174047653,2026-02,COMUNA,12323.43,"{""type"":""MultiPoint"",""coordinates"":[]}"
91_00000000000000000005,6851029.56,Caballito,6,13,6,125.17910984994845,2026-02,COMUNA,10990.96,"{""type"":""MultiPoint"",""coordinates"":[]}"
91_00000000000000000006,1.2422902E7,"Flores, Parque Chacabuco",7,24,7,129.00104224241412,2026-02,COMUNA,17972.26,"{""type"":""MultiPoint"",""coordinates"":[]}"
91_00000000000000000007,2.223309659E7,"Villa Lugano, Villa Riachuelo, Villa Soldati",8,36,8,117.99927444592082,2026-02,COMUNA,20952.25,"{""type"":""MultiPoint"",""coordinates"":[]}"
91_00000000000000000008,1.650530734E7,"Parque Avellaneda, Mataderos, Liniers",9,27,9,125.9331027382486,2026-02,COMUNA,21411.74,"{""type"":""MultiPoint"",""coordinates"":[]}"
91_00000000000000000009,1.265655814E7,"Floresta, Monte Castro, Velez Sarsfield, Versalles, Villa Luro, Villa Real",10,25,10,129.13697138780225,2026-02,COMUNA,18332.04,"{""type"":""MultiPoint"",""coordinates"":[]}"
91_0000000000000000000a,1.412000807E7,"Villa Del Parque, Villa Devoto, Villa Gral. Mitre, Villa Santa Rita",11,26,11,125.03638336185827,2026-02,COMUNA,19987.7,"{""type"":""MultiPoint"",""coordinates"":[]}"
91_0000000000000000000b,1.557092811E7,"Villa Urquiza, Villa Pueyrredon, Saavedra, Coghlan",12,28,12,106.47603724481102,2026-02,COMUNA,17232.19,"{""type"":""MultiPoint"",""coordinates"":[]}"
91_0000000000000000000c,1.48461025E7,"Belgrano, Nuñez, Colegiales",13,27,13,95.0497036120237,2026-02,COMUNA,26155.33,"{""type"":""MultiPoint"",""coordinates"":[]}"
91_0000000000000000000d,1.592256351E7,Palermo,14,26,14,99.48863586808328,2026-02,COMUNA,22834.18,"{""type"":""MultiPoint"",""coordinates"":[]}"
91_0000000000000000000e,1.432289813E7,"Villa Ortuzar, Agronomia, Paternal, Parque Chas, Chacarita, Villa Crespo",15,24,15,118.23813145641391,2026-02,COMUNA,17832.59,"{""type"":""MultiPoint"",""coordinates"":[]}"
92_00000000000000000000,1.780103628E7,"Constitucion, San Telmo, Monserrat, Retiro, Puerto Madero, San Nicolas",1,35,1,77.4783954207173,2026-03,COMUNA,36351.19,"{""type"":""MultiPoint"",""coordinates"":[]}"
92_00000000000000000001,6433391.77,Recoleta,2,15,2,76.94862054009751,2026-03,COMUNA,25965.02,"{""type"":""MultiPoint"",""coordinates"":[]}"
92_00000000000000000002,6385992.08,"San Cristobal, Balvanera",3,11,3,91.79304170992083,2026-03,COMUNA,10486.26,"{""type"":""MultiPoint"",""coordinates"":[]}"
92_00000000000000000003,2.169064689E7,"Barracas, La Boca, Parque Patricios, Nueva Pompeya",4,38,4,100.07227112551423,2026-03,COMUNA,35481.84,"{""type"":""MultiPoint"",""coordinates"":[]}"
92_00000000000000000004,6660603.77,"Almagro, Boedo",5,11,5,102.38435950030058,2026-03,COMUNA,12323.43,"{""type"":""MultiPoint"",""coordinates"":[]}"
92_00000000000000000005,6851029.56,Caballito,6,13,6,106.29413296932397,2026-03,COMUNA,10990.96,"{""type"":""MultiPoint"",""coordinates"":[]}"
92_00000000000000000006,1.2422902E7,"Flores, Parque Chacabuco",7,24,7,111.50803210054623,2026-03,COMUNA,17972.26,"{""type"":""MultiPoint"",""coordinates"":[]}"
92_00000000000000000007,2.223309659E7,"Villa Lugano, Villa Riachuelo, Villa Soldati",8,36,8,108.14036465942054,2026-03,COMUNA,20952.25,"{""type"":""MultiPoint"",""coordinates"":[]}"
92_00000000000000000008,1.650530734E7,"Parque Avellaneda, Mataderos, Liniers",9,27,9,119.19018274940758,2026-03,COMUNA,21411.74,"{""type"":""MultiPoint"",""coordinates"":[]}"
92_00000000000000000009,1.265655814E7,"Floresta, Monte Castro, Velez Sarsfield, Versalles, Villa Luro, Villa Real",10,25,10,115.49857870424862,2026-03,COMUNA,18332.04,"{""type"":""MultiPoint"",""coordinates"":[]}"
92_0000000000000000000a,1.412000807E7,"Villa Del Parque, Villa Devoto, Villa Gral. Mitre, Villa Santa Rita",11,26,11,107.2185618062534,2026-03,COMUNA,19987.7,"{""type"":""MultiPoint"",""coordinates"":[]}"
92_0000000000000000000b,1.557092811E7,"Villa Urquiza, Villa Pueyrredon, Saavedra, Coghlan",12,28,12,89.9795132634463,2026-03,COMUNA,17232.19,"{""type"":""MultiPoint"",""coordinates"":[]}"
92_0000000000000000000c,1.48461025E7,"Belgrano, Nuñez, Colegiales",13,27,13,73.20636723580658,2026-03,COMUNA,26155.33,"{""type"":""MultiPoint"",""coordinates"":[]}"
92_0000000000000000000d,1.592256351E7,Palermo,14,26,14,77.21316386972525,2026-03,COMUNA,22834.18,"{""type"":""MultiPoint"",""coordinates"":[]}"
92_0000000000000000000e,1.432289813E7,"Villa Ortuzar, Agronomia, Paternal, Parque Chas, Chacarita, Villa Crespo",15,24,15,100.9390440561002,2026-03,COMUNA,17832.59,"{""type"":""MultiPoint"",""coordinates"":[]}"
93_00000000000000000000,1.780103628E7,"Constitucion, San Telmo, Monserrat, Retiro, Puerto Madero, San Nicolas",1,35,1,137.53190391782553,2026-04,COMUNA,36351.19,"{""type"":""MultiPoint"",""coordinates"":[]}"
93_00000000000000000001,6433391.77,Recoleta,2,15,2,138.2819654430418,2026-04,COMUNA,25965.02,"{""type"":""MultiPoint"",""coordinates"":[]}"
93_00000000000000000002,6385992.08,"San Cristobal, Balvanera",3,11,3,144.53053435073898,2026-04,COMUNA,10486.26,"{""type"":""MultiPoint"",""coordinates"":[]}"
93_00000000000000000003,2.169064689E7,"Barracas, La Boca, Parque Patricios, Nueva Pompeya",4,38,4,148.07059871073395,2026-04,COMUNA,35481.84,"{""type"":""MultiPoint"",""coordinates"":[]}"
93_00000000000000000004,6660603.77,"Almagro, Boedo",5,11,5,152.0110282667864,2026-04,COMUNA,12323.43,"{""type"":""MultiPoint"",""coordinates"":[]}"
93_00000000000000000005,6851029.56,Caballito,6,13,6,151.20999227511413,2026-04,COMUNA,10990.96,"{""type"":""MultiPoint"",""coordinates"":[]}"
93_00000000000000000006,1.2422902E7,"Flores, Parque Chacabuco",7,24,7,161.4437840980698,2026-04,COMUNA,17972.26,"{""type"":""MultiPoint"",""coordinates"":[]}"
93_00000000000000000007,2.223309659E7,"Villa Lugano, Villa Riachuelo, Villa Soldati",8,36,8,171.80386431354617,2026-04,COMUNA,20952.25,"{""type"":""MultiPoint"",""coordinates"":[]}"
93_00000000000000000008,1.650530734E7,"Parque Avellaneda, Mataderos, Liniers",9,27,9,172.1813618805118,2026-04,COMUNA,21411.74,"{""type"":""MultiPoint"",""coordinates"":[]}"
93_00000000000000000009,1.265655814E7,"Floresta, Monte Castro, Velez Sarsfield, Versalles, Villa Luro, Villa Real",10,25,10,164.51259433649068,2026-04,COMUNA,18332.04,"{""type"":""MultiPoint"",""coordinates"":[]}"
93_0000000000000000000a,1.412000807E7,"Villa Del Parque, Villa Devoto, Villa Gral. Mitre, Villa Santa Rita",11,26,11,150.52352539242113,2026-04,COMUNA,19987.7,"{""type"":""MultiPoint"",""coordinates"":[]}"
93_0000000000000000000b,1.557092811E7,"Villa Urquiza, Villa Pueyrredon, Saavedra, Coghlan",12,28,12,127.35809221944552,2026-04,COMUNA,17232.19,"{""type"":""MultiPoint"",""coordinates"":[]}"
93_0000000000000000000c,1.48461025E7,"Belgrano, Nuñez, Colegiales",13,27,13,125.47532209347715,2026-04,COMUNA,26155.33,"{""type"":""MultiPoint"",""coordinates"":[]}"
93_0000000000000000000d,1.592256351E7,Palermo,14,26,14,138.37015245390162,2026-04,COMUNA,22834.18,"{""type"":""MultiPoint"",""coordinates"":[]}"
93_0000000000000000000e,1.432289813E7,"Villa Ortuzar, Agronomia, Paternal, Parque Chas, Chacarita, Villa Crespo",15,24,15,142.5110579935593,2026-04,COMUNA,17832.59,"{""type"":""MultiPoint"",""coordinates"":[]}"
94_00000000000000000000,1.780103628E7,"Constitucion, San Telmo, Monserrat, Retiro, Puerto Madero, San Nicolas",1,35,1,166.080520149284,2026-05,COMUNA,36351.19,"{""type"":""MultiPoint"",""coordinates"":[]}"
94_00000000000000000001,6433391.77,Recoleta,2,15,2,160.23392975468886,2026-05,COMUNA,25965.02,"{""type"":""MultiPoint"",""coordinates"":[]}"
94_00000000000000000002,6385992.08,"San Cristobal, Balvanera",3,11,3,165.26683548488734,2026-05,COMUNA,10486.26,"{""type"":""MultiPoint"",""coordinates"":[]}"
94_00000000000000000003,2.169064689E7,"Barracas, La Boca, Parque Patricios, Nueva Pompeya",4,38,4,165.89059908701813,2026-05,COMUNA,35481.84,"{""type"":""MultiPoint"",""coordinates"":[]}"
94_00000000000000000004,6660603.77,"Almagro, Boedo",5,11,5,167.54683318842123,2026-05,COMUNA,12323.43,"{""type"":""MultiPoint"",""coordinates"":[]}"
94_00000000000000000005,6851029.56,Caballito,6,13,6,165.90446685901617,2026-05,COMUNA,10990.96,"{""type"":""MultiPoint"",""coordinates"":[]}"
94_00000000000000000006,1.2422902E7,"Flores, Parque Chacabuco",7,24,7,162.17369018358514,2026-05,COMUNA,17972.26,"{""type"":""MultiPoint"",""coordinates"":[]}"
94_00000000000000000007,2.223309659E7,"Villa Lugano, Villa Riachuelo, Villa Soldati",8,36,8,149.66276285946145,2026-05,COMUNA,20952.25,"{""type"":""MultiPoint"",""coordinates"":[]}"
94_00000000000000000008,1.650530734E7,"Parque Avellaneda, Mataderos, Liniers",9,27,9,153.28292295392296,2026-05,COMUNA,21411.74,"{""type"":""MultiPoint"",""coordinates"":[]}"
94_00000000000000000009,1.265655814E7,"Floresta, Monte Castro, Velez Sarsfield, Versalles, Villa Luro, Villa Real",10,25,10,156.85390538026047,2026-05,COMUNA,18332.04,"{""type"":""MultiPoint"",""coordinates"":[]}"
94_0000000000000000000a,1.412000807E7,"Villa Del Parque, Villa Devoto, Villa Gral. Mitre, Villa Santa Rita",11,26,11,159.41359331153603,2026-05,COMUNA,19987.7,"{""type"":""MultiPoint"",""coordinates"":[]}"
94_0000000000000000000b,1.557092811E7,"Villa Urquiza, Villa Pueyrredon, Saavedra, Coghlan",12,28,12,163.79647835988484,2026-05,COMUNA,17232.19,"{""type"":""MultiPoint"",""coordinates"":[]}"
94_0000000000000000000c,1.48461025E7,"Belgrano, Nuñez, Colegiales",13,27,13,160.80559382720702,2026-05,COMUNA,26155.33,"{""type"":""MultiPoint"",""coordinates"":[]}"
94_0000000000000000000d,1.592256351E7,Palermo,14,26,14,159.99030883520192,2026-05,COMUNA,22834.18,"{""type"":""MultiPoint"",""coordinates"":[]}"
94_0000000000000000000e,1.432289813E7,"Villa Ortuzar, Agronomia, Paternal, Parque Chas, Chacarita, Villa Crespo",15,24,15,166.3332187096872,2026-05,COMUNA,17832.59,"{""type"":""MultiPoint"",""coordinates"":[]}"
95_00000000000000000000,1.780103628E7,"Constitucion, San Telmo, Monserrat, Retiro, Puerto Madero, San Nicolas",1,35,1,137.46666753016646,2026-06,COMUNA,36351.19,"{""type"":""MultiPoint"",""coordinates"":[]}"
95_00000000000000000001,6433391.77,Recoleta,2,15,2,131.2865284894612,2026-06,COMUNA,25965.02,"{""type"":""MultiPoint"",""coordinates"":[]}"
95_00000000000000000002,6385992.08,"San Cristobal, Balvanera",3,11,3,139.14584743154785,2026-06,COMUNA,10486.26,"{""type"":""MultiPoint"",""coordinates"":[]}"
95_00000000000000000003,2.169064689E7,"Barracas, La Boca, Parque Patricios, Nueva Pompeya",4,38,4,146.27497123488945,2026-06,COMUNA,35481.84,"{""type"":""MultiPoint"",""coordinates"":[]}"
95_00000000000000000004,6660603.77,"Almagro, Boedo",5,11,5,144.96924686089488,2026-06,COMUNA,12323.43,"{""type"":""MultiPoint"",""coordinates"":[]}"
95_00000000000000000005,6851029.56,Caballito,6,13,6,138.52165079694595,2026-06,COMUNA,10990.96,"{""type"":""MultiPoint"",""coordinates"":[]}"
95_00000000000000000006,1.2422902E7,"Flores, Parque Chacabuco",7,24,7,143.4850503698788,2026-06,COMUNA,17972.26,"{""type"":""MultiPoint"",""coordinates"":[]}"
95_00000000000000000007,2.223309659E7,"Villa Lugano, Villa Riachuelo, Villa Soldati",8,36,8,153.08631044996653,2026-06,COMUNA,20952.25,"{""type"":""MultiPoint"",""coordinates"":[]}"
95_00000000000000000008,1.650530734E7,"Parque Avellaneda, Mataderos, Liniers",9,27,9,146.0235284713874,2026-06,COMUNA,21411.74,"{""type"":""MultiPoint"",""coordinates"":[]}"
95_00000000000000000009,1.265655814E7,"Floresta, Monte Castro, Velez Sarsfield, Versalles, Villa Luro, Villa Real",10,25,10,143.37284249163415,2026-06,COMUNA,18332.04,"{""type"":""MultiPoint"",""coordinates"":[]}"
95_0000000000000000000a,1.412000807E7,"Villa Del Parque, Villa Devoto, Villa Gral. Mitre, Villa Santa Rita",11,26,11,135.299492572301,2026-06,COMUNA,19987.7,"{""type"":""MultiPoint"",""coordinates"":[]}"
95_0000000000000000000b,1.557092811E7,"Villa Urquiza, Villa Pueyrredon, Saavedra, Coghlan",12,28,12,117.56703139979943,2026-06,COMUNA,17232.19,"{""type"":""MultiPoint"",""coordinates"":[]}"
95_0000000000000000000c,1.48461025E7,"Belgrano, Nuñez, Colegiales",13,27,13,111.97187051407941,2026-06,COMUNA,26155.33,"{""type"":""MultiPoint"",""coordinates"":[]}"
95_0000000000000000000d,1.592256351E7,Palermo,14,26,14,124.3720606848139,2026-06,COMUNA,22834.18,"{""type"":""MultiPoint"",""coordinates"":[]}"
95_0000000000000000000e,1.432289813E7,"Villa Ortuzar, Agronomia, Paternal, Parque Chas, Chacarita, Villa Crespo",15,24,15,128.16799170927973,2026-06,COMUNA,17832.59,"{""type"":""MultiPoint"",""coordinates"":[]}"
96_00000000000000000000,1.780103628E7,"Constitucion, San Telmo, Monserrat, Retiro, Puerto Madero, San Nicolas",1,35,1,132.76459807679734,2026-07,COMUNA,36351.19,"{""type"":""MultiPoint"",""coordinates"":[]}"
96_00000000000000000001,6433391.77,Recoleta,2,15,2,142.41860318444458,2026-07,COMUNA,25965.02,"{""type"":""MultiPoint"",""coordinates"":[]}"
96_00000000000000000002,6385992.08,"San Cristobal, Balvanera",3,11,3,138.92618625128776,2026-07,COMUNA,10486.26,"{""type"":""MultiPoint"",""coordinates"":[]}"
96_00000000000000000003,2.169064689E7,"Barracas, La Boca, Parque Patricios, Nueva Pompeya",4,38,4,130.5281054730766,2026-07,COMUNA,35481.84,"{""type"":""MultiPoint"",""coordinates"":[]}"
96_00000000000000000004,6660603.77,"Almagro, Boedo",5,11,5,145.94224413762092,2026-07,COMUNA,12323.43,"{""type"":""MultiPoint"",""coordinates"":[]}"
96_00000000000000000005,6851029.56,Caballito,6,13,6,142.39327369888628,2026-07,COMUNA,10990.96,"{""type"":""MultiPoint"",""coordinates"":[]}"
96_00000000000000000006,1.2422902E7,"Flores, Parque Chacabuco",7,24,7,133.18516897420866,2026-07,COMUNA,17972.26,"{""type"":""MultiPoint"",""coordinates"":[]}"
96_00000000000000000007,2.223309659E7,"Villa Lugano, Villa Riachuelo, Villa Soldati",8,36,8,118.66944606641327,2026-07,COMUNA,20952.25,"{""type"":""MultiPoint"",""coordinates"":[]}"
96_00000000000000000008,1.650530734E7,"Parque Avellaneda, Mataderos, Liniers",9,27,9,122.53867850997487,2026-07,COMUNA,21411.74,"{""type"":""MultiPoint"",""coordinates"":[]}"
96_00000000000000000009,1.265655814E7,"Floresta, Monte Castro, Velez Sarsfield, Versalles, Villa Luro, Villa Real",10,25,10,129.34325737174382,2026-07,COMUNA,18332.04,"{""type"":""MultiPoint"",""coordinates"":[]}"
96_0000000000000000000a,1.412000807E7,"Villa Del Parque, Villa Devoto, Villa Gral. Mitre, Villa Santa Rita",11,26,11,133.1721628683672,2026-07,COMUNA,19987.7,"{""type"":""MultiPoint"",""coordinates"":[]}"
96_0000000000000000000b,1.557092811E7,"Villa Urquiza, Villa Pueyrredon, Saavedra, Coghlan",12,28,12,132.4535239379639,2026-07,COMUNA,17232.19,"{""type"":""MultiPoint"",""coordinates"":[]}"
96_0000000000000000000c,1.48461025E7,"Belgrano, Nuñez, Colegiales",13,27,13,135.8575216054381,2026-07,COMUNA,26155.33,"{""type"":""MultiPoint"",""coordinates"":[]}"
96_0000000000000000000d,1.592256351E7,Palermo,14,26,14,142.46770758732285,2026-07,COMUNA,22834.18,"{""type"":""MultiPoint"",""coordinates"":[]}"
96_0000000000000000000e,1.432289813E7,"Villa Ortuzar, Agronomia, Paternal, Parque Chas, Chacarita, Villa Crespo",15,24,15,136.5346732612752,2026-07,COMUNA,17832.59,"{""type"":""MultiPoint"",""coordinates"":[]}"
97_00000000000000000000,1.780103628E7,"Constitucion, San Telmo, Monserrat, Retiro, Puerto Madero, San Nicolas",1,35,1,104.18594077685346,2026-08,COMUNA,36351.19,"{""type"":""MultiPoint"",""coordinates"":[]}"
97_00000000000000000001,6433391.77,Recoleta,2,15,2,102.16942770792092,2026-08,COMUNA,25965.02,"{""type"":""MultiPoint"",""coordinates"":[]}"
97_00000000000000000002,6385992.08,"San Cristobal, Balvanera",3,11,3,110.64282021950551,2026-08,COMUNA,10486.26,"{""type"":""MultiPoint"",""coordinates"":[]}"
97_00000000000000000003,2.169064689E7,"Barracas, La Boca, Parque Patricios, Nueva Pompeya",4,38,4,110.53405788485938,2026-08,COMUNA,35481.84,"{""type"":""MultiPoint"",""coordinates"":[]}"
97_00000000000000000004,6660603.77,"Almagro, Boedo",5,11,5,114.91358738738495,2026-08,COMUNA,12323.43,"{""type"":""MultiPoint"",""coordinates"":[]}"
97_00000000000000000005,6851029.56,Caballito,6,13,6,135.70645957414027,2026-08,COMUNA,10990.96,"{""type"":""MultiPoint"",""coordinates"":[]}"
97_00000000000000000006,1.2422902E7,"Flores, Parque Chacabuco",7,24,7,129.50910357173746,2026-08,COMUNA,17972.26,"{""type"":""MultiPoint"",""coordinates"":[]}"
97_00000000000000000007,2.223309659E7,"Villa Lugano, Villa Riachuelo, Villa Soldati",8,36,8,115.28970845675224,2026-08,COMUNA,20952.25,"{""type"":""MultiPoint"",""coordinates"":[]}"
97_00000000000000000008,1.650530734E7,"Parque Avellaneda, Mataderos, Liniers",9,27,9,121.40777307771702,2026-08,COMUNA,21411.74,"{""type"":""MultiPoint"",""coordinates"":[]}"
97_00000000000000000009,1.265655814E7,"Floresta, Monte Castro, Velez Sarsfield, Versalles, Villa Luro, Villa Real",10,25,10,133.7672264564921,2026-08,COMUNA,18332.04,"{""type"":""MultiPoint"",""coordinates"":[]}"
97_0000000000000000000a,1.412000807E7,"Villa Del Parque, Villa Devoto, Villa Gral. Mitre, Villa Santa Rita",11,26,11,131.25083654717966,2026-08,COMUNA,19987.7,"{""type"":""MultiPoint"",""coordinates"":[]}"
97_0000000000000000000b,1.557092811E7,"Villa Urquiza, Villa Pueyrredon, Saavedra, Coghlan",12,28,12,113.59938356379065,2026-08,COMUNA,17232.19,"{""type"":""MultiPoint"",""coordinates"":[]}"
97_0000000000000000000c,1.48461025E7,"Belgrano, Nuñez, Colegiales",13,27,13,112.77158474877407,2026-08,COMUNA,26155.33,"{""type"":""MultiPoint"",""coordinates"":[]}"
97_0000000000000000000d,1.592256351E7,Palermo,14,26,14,107.61715378262545,2026-08,COMUNA,22834.18,"{""type"":""MultiPoint"",""coordinates"":[]}"
97_0000000000000000000e,1.432289813E7,"Villa Ortuzar, Agronomia, Paternal, Parque Chas, Chacarita, Villa Crespo",15,24,15,131.54554437827454,2026-08,COMUNA,17832.59,"{""type"":""MultiPoint"",""coordinates"":[]}"
